sanitized_file	source_sha256	sanitized_sha256
CP0017.md	1693d544109d06faf0f8e7e8156e828ea7630b88e2826b2f8eb8b11ec9f876cf	061a8c492ac9e81d98bed9cfabcd3866ed5282fc49e467829d749b953b97ca79
CP0018.md	740392bdafb014255f0b58ad4e075a11096fb8d34f9c4201a8a5a241cf67174c	5cfcbe92983daa0c5cd0b3b781113c943145203a5624b5f8c8498b90dfc11f09
CP0019.md	d1da897a782c9154730a7bab0e10dce1fa28e729141f39daed68fad3455417e2	3fc5364d068c40edc258a7e7c331040512d4e0978688200b1a9ee73afe2c621e
CP0020.md	4f8efeb783f37ce1dc883aebf5523d95c8e7b30164c389ad91baec44beef2ee9	60a5cfcfbaaf55d6a6c45257f74219e716225068d9cca3a7d82cb3fa0c6cfa0e
CP0021.md	20005228d063a6ea6c36b11b12179e05b9eceaad1c89601d072f701b3111d2bd	d18c1acf6b097c428eee7d863e718441fa45a6498d3c84953fcce011ca0b7819
CP0022.md	1c974e52ef10c5cbed11cac5d597b8aa67b6d9de273aa500fd5a11d55021b77f	cb0390e7cd7710eca5978700b682ab7a149dc90057437d91f755cf1073839fbb
CP0023.md	df9f8ae34abaf98f54eb2dc3b5a5bbfd6b1d1b914125d60c5a57bc549fa43746	4f69b17c2672451281a27eb006ed4a87d52cb0a58bcf126687e4686aa087bb83
CP0024.md	36db98f36f469cc684b5a52c32593449c6c946ba64f4b062ed2cec7701b0b9ad	0b5e1a8460348ed3df0849c1aefefc3e0c0685687815c76e8be30ac3f3dbcebe
CP0025.md	c609e453d81126c4ccf432dc139c8ef4e5979034c42e710a3238ab6fa61aaf86	ebe11f265e99ae10249b0b06ae367132f83bb32ee8b50a90e721d341c3d9d12a
CP0026.md	e23f103cf6db90d439efad1bbba2741ad92f9c57071bd6d445fa3c5445aec217	3b96b5d1f482b2a5b8f9d01634c0140f6f11794bc0b73028889c7afda12788a5
CP0027.md	94857382fdcfe4d7479e403994b14c6eac759e240887427000c6bb5df0fa6e32	22989512ca5e50bc0b993c1e281d6310fba64c1541c96a06c7d82eb34738c991
CP0028.md	ab195fbc03f88bb612329e78e80cc083ad40fb2ff18d330a7ec231ac696b2355	75341acb0d0aa8659f247112476f3cbc839d4e4407bcea3d0fde01110f14a906
CP0029.md	3ee7c38815d96d10913c5cbefceff362527b6d5a64740ba98d66db8ac6a2e9c8	36ada5910761676e3d91c08f1174e0d1bc58dca1f74488f3d6f0cc7b22314ea7
CP0030.md	9cc30d1adceda7730bd73df0398706af69938606879f495663cef6658d148549	6a01cbbc65bfcc2abd60bdebac8b73139333c4e66eb9825b912528a9c1c14524
CP0031.md	52e5b15598865ae69a5949a872693763c2a22bc6cb89230b126fc4de730a2c84	f085ee96dc402362c2b39175098158a8203b01c80c35cd106567aab01f96b074
CP0032.md	36f33c4e25d04cddd7e4c02da1823136b3620d9a602a22208f3ea6399b611ff2	d87a7bf4d7daab3a95a49c08ffc7c05aab42fd6da52bdc4405f678e56afbadba
CP0033.md	0a13665bb7b86fb3d4fa041de79eb7c4a863fa34cef88b696b57ecb600d7a119	e01ddf16b57874844ca7e36230460b07365488d934158c1d15b4e6da661d59ac
CP0034.md	25aa05d9f1b51ccff47d93cd3706846e1b409e5364d37758f0cc79256a009f5d	2acc90b3a35587576d0f5a121d2d95a6c7846e9225f46e09c137abe837fe66c3
CP0035.md	0acaa6f9e2cccc9c76615f36b62a574f9095a60808259ddf88e3570dd1a9de4f	f69340f6e58cb36056553b03cde3f678401451f5ff637412c8cfbc20752ea764
CP0036.md	586c4714029484a804939e99bcf77f8060ca89ce4b486ff0973c5cc40dc15166	b7f19d9a0110cf9e1bd534e21c9d1e5440397f79b531dbd767ad0e918daef926
CP0037.md	18cbc76287f9c3811cf33c0edb9c7ee68e7519406850e70dff17f5e96075fa3e	bededa700d47226318b5c528f15209974025997fc81291629faa55bd4fb09e4a
CP0038.md	b921ac824085fd5862d3f1b11da205612bc58f180145118b5fc779e341024c57	9792e34724cae79a5f9b4f6b37d0e5fbe9a9718b86024087d9886b2b29477243
CP0039.md	1ce161a7dbaa1aa908ab0c509cbdb57d88ce3c4e148fd94675d7a7cf7c3bb392	ba8451df7ea83a3a22410f1c2a3836dfcfef1f7418932ed2f22971974e74de9f
CP0040.md	fa5f2957cf6f9bfc85246a682f7730a09f9ba88ed5a91490f7f797ebb1dc425f	b349ae374ff481630bfa02ad585c4dfb45637593a943d059788f220271f730c5
CP0041.md	e0e5f990c740644043d7c08a5a1745f34755137651121cfc06d7d9d3463e1129	7fb1345113e42ed32e99a230be9d42070ae0707aad66e35e6f3d9dd094ad2059
CP0042.md	f0402f26c90033d05e1d77ce8c8f937b5485b97ec96f81dfe872504c61e93446	712d3fa26376d3d69c669b8f6c95c3252ce0faa58fa30a38f9f491dfcff5bfe6
CP0043.md	82087d4eae49f6667e19e38ce824365bcd5e55bbb6931656cb3703bbeef8d4b1	777715e66f61a57038ed7e6e0f9dcffb04ff8fa970db0d8e9dbd53698f3531ce
CP0044.md	f1a44998e4b3e9fa8e792728c2656d7f4b38d9b952681f8724bbbeb98f1ac03b	6b0f28389967e607a283a322dc43158b6d64c738d135f77b17868badd03ad958
CP0045.md	82184eb20cfef0caa80f7ca5ff42891ec5236618c11da128cb98e1ee754657d2	e72ac149ee689972d40a4eef46bca9d0a75936019f2ae7d0c5ad03953c2ab483
CP0046.md	998607ae82b5d9e552a0d54b02f35544e23002314c58958cd1089f970663fdd9	d7b99509eac8e9ca73ceb17257b589ebc0b9013e7e507358dbdd5c46a40f6fb6
CP0047.md	430c490d0c95c3925fb463f53ae63ebfcf51f5e14ed0a93302503b34e56162df	51bcf33675d4a3b4ede7ec5368e6ea2b1852603bea2c9c867fcdcf51edb159d2
CP0048.md	ace5cd6d69453c1d2d5af6340aa4945527bb651eae6ac43340ba0f6f72aa52b6	946ed7d53612f46e7b40d70d66368ea6d8b5ae224ade50145a673211763cba2e
CP0049.md	314860b3faacd4b1f9dad2dcacb7989a6a5ad8f65b9ffe250e85e8cbacb387b8	dbd8cd50f006c04859915ed51f65a96ea71a5c7cc58f21729e230face064812b
CP0050.md	abf37f5627e7433e9d9f86b4d5a6841297cbfeb5202d1af141ff3626d838e23c	61a0d53a824411efb430a90f94f7883bf4ac71146e527590b03ef7c1ff81de02
CP0051.md	0b04662c6fce2889f6d5f8a9355f5d45d62e3e4feb09194773b90cdb7f58a886	399dee95a63da5542d2b983924c1e5940f9c784e8081289eb509ab2ce3635fb7
CP0052.md	e332d4cd18e92534881b1748759966d7994a1b11b1695aabc8eb04d2e25eabc5	0b780dabbc9ea0b85a4faa2abce712cbeb421300a37378e269fc69247f1b52f6
CP0053.md	f1f6222fc3019fd9c070a6c91bc3c945bb9a605fe042e1e15cf2ee4eac424b82	4f519127f09476e4bbe302e65b2120ad322ae79e7da89a8431bfc6f166ac8891
CP0054.md	4fcb2c8b5d4d49eb150e6a015aa273ba572a705c690fa60e762799d904ddae2d	35b25b7711d54b5eeaeb6f563598bf2ee289e559732a974f523c7ab868bec354
CP0055.md	90fbd099db566c17c0ab69858970e3ffa8db088a8a87c37adace63cf42fab81c	21fbb1a7fa473551df6007650ac0803c7078a581945de6228352990f888bcc63
CP0056.md	df2586eae57112fe13d0f2cfc034d58a974799615e43041c9452208c4a26ccf5	2d83ea61c7cf8f55656ce70db82336c6f65e5a1ecc1bfef66e5baf7a4f2f7c41
CP0057.md	a52f2afe070576455382cbefb89f26d3d3a04e0c1157e6b589e475f261734435	df392349f01f895edf1a3cdee17633ecd9fc756af4f4f295f3b506d114b33958
CP0058.md	faf76798b0ea4d59ddf240dd36a9c0d8c02a7cabd066cbb66effae054bf5fef4	3d48c9831397e1e331830f5f636010af0eae6e5ba265ec1ac8a1105bf977381b
CP0059.md	e314452bb328c595d3b3b32b41328d016a5093b143901b8cb8ce23ef99dd1a46	66f6ec693262eef99fd5c20eb4bcf31d01dd5d02d4dd7184cf54c9af271bbc67
CP0060.md	7cd0ba3e6b0e328b3eed076dc7ecf9520c3e4f73beb69b5f53d56fec05efd533	ed3050c0b4270b4eba3e6340010b59fda040e0c589124b4ef169d41e2b094d3b
CP0061.md	ea8dbc8144b5856947ad68d93a09e4ce5e4a1054d9ab43a8f1c5098c248b4327	f4612b4958e242e1d71a189de3b383e34ff2718a96d7ee755061ee3de086c01b
CP0062.md	f5d2d25f6bb29ddcca3d38202147c1599d19d83bae0b8b31d99c64e47ac69202	40bb2506c2458344156f192d25d67ec0bb22c02567a41536ea37337797cd7f48
CP0063.md	2a97519291df3ca377211ef3550a58d30d5986c82e2e5ef5686ef89e6ec961a1	adedec30f06f35eb457f0eb3c3b119d1f5f389d51d39e3e84e29c699b8e10e2b
CP0064.md	536e0aaed1f32f2a6660fbf001048a65040451a5c1026b10d7153ad9bb966268	8053fe2b51a58dd04001e6e7bce4aac963a1a50060de3c8f8e89fd33b54f6a9b
CP0065.md	4e13f0dae254d3aeb053c37ed9164527d6801929d69f443f6c6ca15d77f069ea	b41b400d7f18e85a8772d99f3bf5051a16109237e9f6e36793cf86f46b94e5d0
CP0066.md	7cad77695d3e3af847fc56c147f0622ce7f5cdfd7653440950b9b94ac1ee6bb2	88bbaa977d3545d5df43e248a83ad02733be18bdb3ff15604d4f079c7033b979
CP0067.md	8f7925511cb4294c76f465641f10ec1c9bcb4daa4b556e2aae57e6149358f51d	937ded5832b9f9b44415a65a9a7280985e716baa0fd6230b7681e32cb029b92a
CP0068.md	b65107c318ad16bd13590675a59940e71499a65d6a02769fff477b833a1707c5	a929f132df72b4dfddaf47cf3240c148fcb6a3f631c5676df4fa8e89f4f38206
CP0069.md	9e9d9c971311c28c19ee4d9ef803eb489f2f5bb174ee063f39b3f27ecea54109	07ebf83a532362ea50db589210eadcce7fc9a5e2c22f6a10d9aa5a3bd8fff67a
CP0070.md	2fab27654aefafc2d247a63230b956873a882e22bfa3aaa60d45f13e21009344	66287f95845d0b468bbfb57eee0847745c70d848ac7bc23c557f0aadbc634f20
CP0071.md	24e08074a88f853a05ce7fa1ddd107886b4dff97e4e4dfbfe366f80de2343f07	3015dd0a7f02b28f3c565f19b25a770f4c04a445566939db1a164ff21cb4160e
CP0072_A.md	7ce155d3b1ffb1ad10593ce79dad2de13e500eefe99f201e710297bb880a6265	f11b468bf0dc086cce4d3240c790ae1dac19311d7bf52ad115ecab13b1b7fde5
CP0072_B.md	593a9ab692dec9d966c42e45a50a74edd0906816b1a0af2145103b32e4e5c4f3	d0a55a0b657099e574c1f1c0536e39c4f151ecebe09f2ba94c999fe0fa55d572
CP0073.md	28eeda1ad0edea1f0882424bbdb0ae3694c47f57e99681f4a66492c2ce8a9193	4fd5ce14d5da80ec098eed75f42864d8a181a1c6878f3fb4b53cadc44a4ab486
CP0074.md	34722db2aafd51a8249ddf7b3114696d0e29ca2dc8a7482532938ad88b940a04	69ad99ec2a39603cbdcf4f8ff05e863046d73134cbdf83bc0a23c5dafb8a0960
CP0075.md	9d19c44133538d460e17134acfad90f0b0ac9f611e8ea0262d160704ebd083aa	252649334f6649ce3b6150fbb37733c69ea791b9b9bf3ee503c676e274d10c0e
CP0076.md	ac0a4dc2809eb8bdff1e9d97b380c1c273ce72b33d2bf0cf182401300cc14658	6f2d9048899309db5a9ef1896d6243e822c94546d8d2af723cf75e84920b417d
CP0077.md	1b115a85e6880d0f6be08cb2aaac14ec75c383544c36d27c5035dca0c79a3fc7	b014817119e927f8f3681e6b4697efd2c44ac388e67dff2020014ed8def5ac08
CP0078.md	934842913b08fe392719a995fbbd9957d3cbf92e0d12dc7b195bef1502cced56	a289bcb24b0b485737e6bcc4f89c8ca523b8580acef3897b20ad98a6aca36b4d
CP0079.md	5c39c1943ab9d7a5b143fb403af2891667953c5ee22cc485c1f2f5574e2244ab	b443f444466bba2abcbe41823d6f4a1b5f474c185355bd67a32b676ba1bc3b15
CP0080.md	e84b73ff3ab0419ac7e09d87b17497da085e1245ae51bc11d415cb023ce3ac7b	2f27ab64078fc9346dd61ec636b6423a7c7fcf0f988b2ade420e6b29b346de67
CP0081.md	52382bdefd1ff5431ed15b2c400b051d2a8bb0bc2ee536ac6f02b29af473f1e1	925ff803cae37471a6ffb668478e4d774d3e76cebe1902e278c279209e3f66b8
CP0082.md	972a1ef6391a25c42960cd9902a52c039fca62ebdee922c1bbf4d9fd1ca75be2	18f00cf43889a6c45a49d1780797976aabaf1f3cef53d860b6c4eeebd4b20890
CP0083.md	a714ee22ecf4ac910ee60f67145aaf98e86c24bccbfce82882af088bf4580061	73667c87f2850a67606814ce2f12a1b0affcd5d648925ce54bbddf477f32088f
CP0084.md	c79f18047c37ec03dcbbfd95cb79bce5557bf746af875b9fe1c610ea74f5cebe	93171694451178b664ac3017f542f1e1264838b49f2a763cb6d0d313fce26725
CP0085.md	2d1a6bce5175c45a256f5eb46852fd6947e8a6bbebd5d18f9a3e7dce5ea9a5c4	eeaa630438d299392c1e38497ea91e323af47f646d3e674fd21fd25035a20630
CP0086.md	ae20d96160ab2d1af46cd6dee1ec4d5cef50d22545dae006688d318dfcc0578e	9f12b476c63d9ea2ec97ebb3fed64504f328779de59cb4c76015d73c5fcc99e7
CP0087.md	f93f46d4c22d2b1efe2e91234c774d2648dbd87237a5c878c9df454759162551	ec1123a4cbaf99276b5297edf8114676a3d99d1391fadc1923bc90c6ed64b3d2
CP0088.md	d1975193df104db9b7c304afec7079f756d2636cf9e06dddf823664576833b7c	0c7dda1230d7a6554c59e598f4065a1725dcadf029c9d38987d617f497b56392
CP0089.md	314ff4c34551e0da2788e2efc262581e214d5019e45247f8c5aaba9f6d5d5413	c8a2398e3ece1a094bdfb7e2b7baaec1578d053e0cfa834a08857f29fa825395
CP0090.md	83283137546c940be6df540f50e4a98dbf68e3177d6ec001c2b82634a023302b	05ff485c667b49e74cc1735a12020387e48bf85cf20f118cd089b48565f8bfbf
CP0091.md	be0cef1664cc61bbb79be3cacc82cef1c857793dd7d22e5bfa9aea8a2a4f49a6	7aa3ba258220f05b1d7a8bf8a18afdcd41a8a3d85926448cd6967c8142aadcc3
CP0092.md	7bbc42dab58c28a1f3b6ca8cac1e9cd778252a59f07c89f864285c60211c55fd	f892649aed17b4dfe5182cbfc08ea4a833795abc974e740f5f5a5e75d6c6819e
CP0093.md	ac7021b1ef724f83cb15d6666b3c0c6d2ab09e7a581899924509afbd8591bdde	ebcd4ef3d95f949c56cc332b71591aa778956e4d7c002697b9c5e5e1c88e7a3d
CP0094.md	5ef5ca9e8d1e2ad8ec8e449d3137a939d07912f1ddb918de290244c667401003	2f046a64005d44073ecda1d226ad3b5bc40f5928ebcbb07caf56ea8a3941e6eb
CP0095.md	c3801a3401f8dc2f655ebaa3d39b589d8df82db69b8141412ec7e8a1919357f1	ab6217b47cfc1d56dadab8cca8911d65c50ff7f09d262e601a4c842c28957b40
CP0096.md	681ef13c9a6ff0015ef9e3c7c13d231863adecfa5dccb273accca34f722e0fd3	26f0594d5ffaf155549ed76e0e31fa50e33b26c7386ebc73f2cabf83c606d149
CP0097.md	363edb20d80fc8912067c60c869b07bb5d971a74c95988a6a5df3d7b2467e02d	2ffc526bc532bfa454735596614a62a3b330c4df89e8fb4d203fe10ce231436b
CP0098.md	f6cd25b6c0216fb0bbb31822acc5bb473a27d4cccf4feda2406022ba23693750	b7ce4dfda464ed1ab983db4ce50bbcbe4677060029767538df1a8ff49f38cd1e
CP0099.md	ce0f51987d41dc2d59e19237f1c55c40ad04e1f3cc70e4ab377c78e57cc337e9	20211f23a908e0948b1e7d08038a8cdf6b8521ce3a4f551a5eb57aac5318f90f
CP0100.md	2cceb03ad1ec632fbf4cc0a6ee4b9da5140eb7da2c064d1fcd4b62019808f3db	6929e8676e14fcd4482c63e172f3308edd520b99f5b05e42e1ec336a472c0aa4
CP0101.md	94b34de4fea7df0a2fd2ed31a481442599dce286ff67a6fb2b30032ec059c34c	70772723b3fa92691623cab2ad353dacd7b37eb5e778cd8e1c6fc570de40c394
CP0102.md	af8ce9fda84ba3ffbcb9cf0d8735c1b828953a0a6998c8ecd78bcdec95bb9642	9c918d2f6ee10ff2e9a14a00d7fbe6982493e2c507b74c8b3c1bb5923569732b
CP0103.md	5205afe0f06e187c0dab230b624e937fffe0f1e0ebc55bdcc058f9a947a9b6c2	dbe6e3b1563237f6d1656b77a2cde42b3b1721b0e86970f94b6a5beab6129ae0
CP0104.md	b162a65eaf3ff48e20d794e3f279bcf8f2b40c455fbd3862abadc6d7c47a0f41	5be374cf05ee36507d00d3145942a8632e28864992d9ddb726d2a5d53e0d44b1
CP0105.md	dec46e074ea95e2faf7efef2b2354a30a458d0734359bb0a1a22a88a9e763fc7	5f288b7a4ba0c6c3aaebceb2b0878d01134c6bb8cf51caf42d83d894a32f1a1a
CP0106.md	469bafff809d4af1dcdd0a3c58184722f6fbfd5bae4972b572663d1f08daecd5	e8964283f3209e5f90eaa16b69dc3ab290a46cb66581db0b3fc16aa4ecb74d09
CP0107.md	9915b547e9a111424277f1eb1cafdbce9a5c109db6c4c5d529219327fc2729a4	509574cceab4168d59fa7341afb74ddb75c6f65f4e54bac362c9818f4ad4fc58
CP0108.md	4af100d51f7a79dc5b7baf8398e9259503b919091e12b0f8a8567ca0325c94f3	be7fba8ab8b99f703ccf2f49019b02e6228c0b6d783e037535bfa5ad2b0ed32b
CP0109.md	69553d474e834763baf74ec839f733202909da207d6ea99d44e2ae56f14d2a35	11e5d37c1c4d5e59accac613da5e57444a7c841429995307a9bd5fd9db6e980e
CP0110.md	b951ba8f678e138fd4ad5cbb81caff0b41a5c32f50896223ea094daf61646d7f	87e0be87ac2efbb5b247bdd9a53e4da17ac70c28292c8812e8eeeffb99353271
CP0111.md	da01b75fca75c221df8e3106f86e72ddcf18b3fb67e2321fea63383cb9c46c84	2cd01844cb02447dc7ab25abd04fdbcb585e1ed80da00423ea1fff23c6c81a1d
CP0112.md	fbc8b35f90e210b4cbd047df9e0cce35018313c7cd62605bb2ca578c9719f559	0d1afedd8b728cfded5c83e1c0beb3d2215bf17229cae2f3e3c95272566ef89c
CP0113.md	43eb5ea84b2c912d2d2662c220304a16621ad35b88f0b945b84034e368596090	67185fe940dc34a0ff1930740e8f470a2a68f14eb3bca1826292fad819fb17ce
CP0114.md	81d6ea3a6534fd5bc57eeb59851f98be2d41a973bbcc62249eabb18d15ab559b	11beef1c479a4fbacf7dd6509bb2429b3436a83abe1f4a138ac800abf84dd502
CP0115.md	c2577d3b43e92aea57e97cfe4ddba1a90db43d209d392b5fe6797bb8d01a8025	6950c89ad48417b732f45fbcf7a34224942a6edb67af9df6dd0167ca3b82039e
CP0116.md	a402300e83edcaf5d3243f84346a74067f127e9857a2d799a3fdbd0b2d01b0b2	5cd8174df090324c084dbb723105aca35c075a0d272c0c0fe40625eb8c12129e
CP0117.md	ece29cf557f91aa7731e1fe6d71471430acf93e1f3f6ee6c64d995d1fc7728e8	60ab96db7523a91531f4515c9368319de76c886a643beb49e3c407ebbc050b8f
CP0118.md	5975127c89978623344aacffe569f5bebd0bd9074b9081082dfcc40cf889008f	a196185d239e256bf31fc8500486ffeafc95239020df0a11de3ce55fd0597596
CP0119.md	36e861d1803422e8bcabe9efe4771df1c82498c950a88b295ea3844d093c5b88	279268111aea06746322205fb57990dd8fa55fc6f0a587fbddf7bf000a3c0ae8
CP0120.md	480f4378b36c582bf2f14ea037c20944c59501d3746e4d07352c9df2b044cba6	dcbf7665139400b6f0cb917f11979d166c4e648046eb052aa622ca20e1c7e346
CP0121.md	f566fe2be69d2ff250a298f2f9b740ff6627a24415d8a3095b901a30a68bb524	09ba96c5a17afe03443af1ddbce11213099ea01ffb9be547e259cdf693f0a97a
CP0122.md	9249e7832ef31d5105f6a637796e7b637ad84eac4d319b05e956c259341767f5	014288c6f4ac26a64bff9663d8be9f806bce81aa3f7d3142193af481d99e416e
CP0123.md	9aa8abe9bdce64ccdef9bec34ae0af926422eeafb701a38d0ea4f45713a9ae9d	f7a2b93610d230d410f5f1ab4dcdbbd213dff9ef90686a3ac75b2b8c0c43718c
CP0124.md	eceae5afeb87587357770df10ec95e2bad09c1310d21b9740a5f9f346656ee20	455d95615ff6f9dd852bf446fcc1246cdf9636004f75809a054095d5cee231b1
CP0125.md	229aa3245c69e54723334e117fb6d8116eef56ae98bf26e8997607b193ce9483	1d974d05674bec511ff4047947e626f3995329689554ebec846539f1e7c3ea23
CP0126.md	4bf36e38d4923d747758662fdb6a3522e5353dfc66a0e68db2d393fe8ad37377	08b8b2cf5cc4fba9cf6466b2aff757428105374f1a057a91183301cf080ad713
CP0127.md	6a6b25ccd017117e2d21f3e6a16ae93bfeb7e5f102f7c198126bd872826c019f	7e7c383f9eaa24afc58ee2af477e9ed18631662561bfc7a27af2662792b24e8b
CP0128.md	9b1d507350cac96aed84fef17d50aa07b237b9e8c5201274d8fca26edbb75dbb	b95a63f1c91a11a2bf01f11df125e7c66a410ebbc1563a33c637c93786f11b9e
CP0129.md	9ee9a72974fd8a6e9957846af94b9e45cdd858b928ac04a40613dcf00c99ad08	d0bf2a34c048428fb215110b99cdc7771e1d01252846a52296ee5743eb9c9e53
CP0130.md	0fe93e49c19b2e47c0db6621d7c259b8fb88662cecd23194aeadacdfecb8242f	17029537aab9786379b078f1ef3c190b1a40aa9fe1f76215dc5b77350be029e2
CP0131.md	13f6e1058fe2aad672c855b79b9495e8ecec3d480f15e82d708edef9057a0ee6	2e5ffc09c390a0c811a955125d4cbe14d6a477f720c9c248b42b112b0e7e9221
CP0132.md	22a64af18c35a69a51d59033064672fd07b1c9dc091a5dded23151121d1713e0	54175f03cd4a188a5157c221393436eae33a9d58b31015865953aaeece052f57
CP0133.md	cc92f4f1562baa399ba3a8021c71352cad9e5562e7227b2092e75ee344d76cc7	09bf385ac71ba9e4310424fdd38cd2b48933d223dcd41507c347d936e872dd11
CP0134.md	80c459be935fdd5e4712bdd70d5457b0d8a03b0cc45d691bccdb2a1ee582d93c	a43844513d29551d7ddfe9e9059732b9191e8df8d3131e1b8d733a4528da01fc
CP0135.md	66d67088c551939253e5bcc81f63a506468887ccb0fec1de3740a38aa8dc61b2	f38dde6389f203aa363eed0b1ff660ce9d038804463ae5c7dc1c69a2c3f45d0c
CP0136.md	2c635ab09afc5cc8df96e502b42bf3e208be1809a9133b5b486b6d8f06c2eb79	946e7395b8f278d2667bae0bac81ebaae3522a7231687c5ef029259bb0b0ea68
CP0137.md	681bf68e17c41c3a09b9f8866899a69404652c0618ec861e666c3d171d246895	d61a4cc6f5a0162cbc81c42dcf05d61ca62a0aad5b3a4d09ba5894942443f087
CP0138.md	0d7f686b4b5d01eeb2517d89cf86ec41721e3f66ad1658850d78c658eaa11659	46aa82e8532bac6a8f83ec15e0568b2b982e6ffae7b2fbd9ebd64296556e36ca
CP0139.md	c12ced35106811d51cfee0c1b289be00af1878665e68b30def074faea3e89bb3	10a508bbfedf2431314e6bae4f4831494ebf34c14177896f46984dbd85f869f0
CP0140.md	20981797b3c3e59fa9945fef5f5b4611cf08b0163373ba4d3b241a2a5434207b	1a532e38a1bf0990cc8135416468c2dae5e854ca2a2facaf8c89ede218a59488
CP0141.md	b7d66df68938307467c30153fa82033b9221e94e39f2bf8e00f816bc2f45dc78	043774b9efd1093cf47893c357ec014d3519cc5bbf746a0cccb2e5d051f8a4b2
CP0142.md	512fad7c9c1f4224f0afc0e5546e3ad9437dfd5d9996081d37ad09604ded8f2e	64c4e7386c9db80e83390bec92e33c3e230a585d8623dcebbddb575599d73ad1
CP0143.md	54c0783b42cc1964a778b3e7622eabb19e9b4cf4eec39b18f1394c5d8581be95	dee7a433dd6ff8f945ac61c46a45f0f9928961d1e46087a5ac7a959ffe7abc10
CP0144.md	00ed04832f37045ed8c5b8fd8be4ebb01adfe2e6744fc81f5ccfce5a8e797b3f	1feb387e4bb6c0ee2e267ac3449c3fc6c76b8f06067b29c7dca20be15123756b
CP0145.md	6040a8ed6a789f11bacba83357c94f4efcfe8bf91800dd94119712ce086e5eeb	b17b8d2801a271766666c7bc1521079ee33952eb1092031218ff182e12552e0c
CP0146.md	72ff232ada6cd0442db794a1d882b24216d5f694534a445b7812cb8167a981d0	feb202fd67b37d9c9e2a04de1fe444bd04f3caf324a509ca94e8c9230238e4c3
CP0147.md	8953121a3d5f79fef46bf4020ece013eda11652ddf7497ae7ea69d97279f3fc8	e1f3b18351835451bb5d5d19f5e7164bb687805159d010ce81ceb0f17ca519f1
CP0148.md	7c0c638ac080070466ae2d6d9d469d123216d7accab22b9348260b61f6ae00aa	d7c0e08087ee5cba56ffa6ba8263643e761098a32fcab2f7561576d5aaff488b
CP0149.md	dc76e7516bc3418ed46fe63cd295bbbf5ce01cf20d1634f0fcef54636abcd112	f174c8aad80027615bdf43f36fba33fb7d3f7182aa5ac91d90bd7d6a9a0abf1b
CP0150.md	1e187325330326f93c8a61b784b4aca7e856e5d91ff086726deb89190bd40f55	0563d784e0cfeec02926afc667e377369548156dbac252721124ed1210d21e50
CP0151.md	fbba567ed83b3ac7f5b8c0f62028ec71998cd62ddeeb2d411f1aa3d4773c107d	9a44141d0f08e612b1cec7c24621eca2fee1c13cbd635c8eae8783de7ff8c8d6
CP0152.md	ebb9fbe5d42206392fa19754c312630f956fce7056d16d3c8639971118ae7c09	e8f02f27dd050f397b8338edc6c328298b7a0d128d612e0088c3b2dfa74e3d60
CP0153.md	34008edd5d83d4f9c4f4f2fc5ed0d0a73111a52a54b46725a0176c3ca17e7585	953b819db3711060194f19b5a78f04f1bcea78f7602a4cef708d36366eeb62ef
CP0154.md	ecc68a5067f80424d4ddb248c790149c045950dee27a3bd6fca4510c757ba35c	f22f35c522f5e9cfd59ccb56e4c741458cf9fe6384128d6f8cd3b8be1e4ea424
CP0155.md	6a2a8d28a434fb4ad8a04eef4af3b0082d257b3d4c82686b9887b1791893f102	17e08d654e3baf416d61060d161ce8c900e16b469e25a9dbff2c28943bd37ea4
CP0156.md	cc5ca0de0b990eb669a7d669c9dff1fdeb0cfdcd7711a79229dc5c6354b07637	fafa848b085538983b3e997bafeb5fabf6dcd03c0939458d2ae7b70484bd091c
CP0157.md	d7c956342b83115203405d23042a4ee48723db6321d5030793d38535b20f471b	2c9003665e19614a39e8f4bc0eb555931deb0d9b3c85dd409e678c72caab9438
CP0158.md	06e3ae48c2a7b585f46c9c9b8b511957c7ccda696819f30cc4284ccd7eed19d0	ff430a1055a0d4eeffb508099d2c1415f51134199ce575ec90c69f87cfa1a11a
CP0159.md	e4d345bc9aa4c514d534d3babc101d18fe03d4f03c1a956f709a626f4f7604a7	4391334cb16fad787b3d74170adcd14d07dee06cba21a834c78cdedbded5c244
CP0160.md	483a2918eaa66d2cd158179fb84d47e1886c75358503daef5e072fea16223146	a83275735900648b76a019f3b5f3ba2227c6601a25c26b0cb7d2755af3bfa018
CP0161.md	a89325af414b6008a632649d2fc7485bd2e40c168c3e1be1a22f0e7c16bac805	cca4a258690dc4b2b8d25447835c5d3819efea6a4af8647c76c903feabeedd4f
CP0162.md	72d5d7396d975c503a4af906f5558c4856d44e64b33c75b0a4708a579ecbcd73	d5a8255ee155cdbe8953f18952585c7efab34759c27739b09b03449e05890c3a
CP0163.md	0aded943bbaceaf8a16326787c1be3a6127965841d014b43d592e36fe7ab252f	bc965c8cafc5035df2b35df532f2cfecb40eed4fb311f7c64c9d279e45fa926b
CP0164.md	9f0dc6e178d9275aa2fc77a4b50c85aecf79bcd6d89e826a58a801b1c241c580	065b25c5093086ae2dbed6a73e011c200774a7e7a82bbf66ef4a81eb29dfffaf
CP0165.md	e4c273338c57f7f7769c3e31326a81c254c519b1d29fa96ba7b9305d5cd987bb	71ebfbc5295dfed09a46cfa3372f2a7f015adc90f64122d6de8e05195ce31122
CP0166.md	e59b42635f4545c7a024951093e1a812152ab3d105c1cca56b92698b39a2faa1	de5923af5bb883d7766a3275eea9ead558a171853616a2ff5c84eb49193fb7e5
CP0167.md	87c43a7c591d1b427cf4803ba8a723a59e2989ac250fcf5ff7a3a28f64e664ff	66166a6ba08dfd8955a16a281cef88f0f3f75c44327279ab33f8a5808e4d743d
CP0168.md	44b6d8a6f1fb31235c77908d9836b997bf261e374910f3be300e8a067d8a7f2c	47b080f080d25db4443c487855d2e7531fc44b0ba18fe945bb1d2978bb1953d6
CP0169.md	ae644d8fb65b77115e8dca367813e91a3d2bf1c919dabaa1c7819ccfaf9c83fd	fecbc13eb738c56f0bf5ab5e0c5b3ce0636ae0a408bda5de721c0e4109f590a4
CP0170.md	462672ea7acf4f4fab3b0ef40ef59e546a2390c0afef523953bb45e36d9d0bab	f9741a49023bb0be55bd26f84efc8cfb3128607ff9dc8475d120da7b6eca1845
CP0171.md	9c05ea075fd41e1047152bf09ae58026f6683d6fd5b323a145dc488d206de3d7	14e0f4b6b9f1793acc07ae8dc53ef797b2640e0535dabd91a8daac7456fdfc59
CP0172.md	71b9bfcbf35c02867368647758035956f9bc4f3eb5098c234246ec141971b385	35821f918b7b437610e03368fa2fbcc56cd98a553e35182275e4178645b90e52
CP0173.md	97cb9f2c38159056c94371408c07ab19021ea395bc6feecac30e01ee0ffca804	6a5fb2eb0a8363c8d12491ba1940cbad7537ed8d385567e6126ce62529a777cc
CP0174.md	8cf546765464f9acb377567054e44006c741ed302e08604ae83a08870f3ef755	74b131ff68f5e33ff23a37a1b8245930dc67576434de85ad33372170a924de77
CP0175.md	97af5de31cfa261cb50969d3c1629e2d8261838904289f93bfba44a65fef3970	c9b76fade6ff5ee297c2e1592e8333d1881f69a2cba75cacaa94e7d53298ea6d
CP0176.md	c750e269caec3696c74f6a9a26c7f3ce43323fa5bb18e53851ddfc9cc03694ef	b36bd0eaa83c2f5a929defcbc2aca67a9358b39e25daf724ced0e97d6f9f2b48
CP0177.md	7656a0a47923018354fe00de72f6acf0b35a1c8ed153631b9ddd68f64f5bdfb2	1292684176cba9ced17d076a15298613180871cfb343cdf0b73c1d31d1cf2df7
CP0178.md	ef45f3b0f999c14fb721683fb08a5d337d4d2728db7a77012f472be3b26d0b25	1a0341a830c1459e5125f7228ec83759922f939f68735a078b4e6cf6bb547097
CP0179.md	0c0944273e3dee3cc8785c633d4b560e85cbf83c14729464d16e96912cb68ee1	f23aa78b0036568857c3c4670a1dd3edc9549ce803ccd86c3caf146c070931f9
CP0180.md	b4af23325965f12ac2be6b81c8278df2bfda1f8276710d2271bf06f9c5a742cc	6872b3ce746780669ae234c14cbbdc432a6b70c1ea1d423395e47be8896aeef6
CP0181.md	987f8663462042bf54785336586c7f96f950219bfe2ef3ef032f95a4755d38b7	015f0fc49286bb81cdf993f2cb68c6a832244fa948a4692fa8311b9e0bb8e342
CP0182.md	97fd8868eead33bde369fd6a6d645ba0e4fcc8f32a8bfa12c8f8397613a64923	80b544f1330780c3a25159e21930d2f27bbb91ea5de15970149ae10142b81630
CP0183.md	24d4f3f749e446c527e1cbbfaffaeafb48cc368e3823ac22e63a8a5666a9839f	d39996694b055828a3ec3451fab2a372f51feba372bb10560147f578f84f3e6b
CP0184.md	d093fe2519ccb337506bc562dbdeb1345cdfa05ce23d88f95de818e295d524d7	53ef4f2cbcc6f7e3be2ba3843d5d26e94c1480783fc8f48f4337e304ad68ea04
CP0185.md	f4a2e64ecaad14f9561c34e8e7b2b59a285179e9cfaa79d268fbb192bb3751d7	4d6db543502578f900a0c133489494c70db85e34cc7ecc3d409269e45748ee88
CP0186.md	d46e938afad9ab039f89d552ac0a321756ce7c941bcb1672607b19837ac94f98	d619fff002437dfe256636060244352600f923efcb98ae132381d589bf1c619d
CP0187.md	1e94c81c001860492050eb7f29a255ce3c5a9fb243192cd7ec292bbbb58130d4	55c196a75633c2c530237cfb98cd46487e9a9665723a6c1f4d8240f08333513e
CP0188.md	f3d0b3a03259e903bee59f3a8eb4de43428b7065ea33d75e8bef667f0d456bcd	36ac03fd3686fef60a77f7b5d799fc572c6c9669754fe5f91ed9085d095f0443
CP0189.md	e5f777a4571e87ee9dbef618bd8b241afde73397506ad498bfbe4490cfe87f7e	6636e0d7b9a728a9c39fec0d954bd95875cb167b750a15aa09f2535e1cb266a0
CP0190.md	0c11bcca0234a46eb202639aef3dc40787081ae315d14ab1dd219746dcbe22e6	04affc4f0e2473c8748c50b5f0ad9608665367dbf24cc5f3fa4cd10b7df7977d
CP0191.md	fc008dc7f01ebc6c4fb8af47862408561524dc9a4e358cd2ac0ac1b8618c514c	553effe1d4773b17353e29fffb86fa00ae0043f369471ad0231d0555ee5a049a
CP0192.md	45a5a3328e7ba17e17ff9f46cbbbd472baae5a7a7ff32d6ffa0485dd478e97ea	7b738ff00b4607acea0405005a9480c2a57f74e5dca20d9b0174601f0440f816
CP0193.md	59a67d5e5ea82fda88e071eba8ad6ab00af713b3db548bdaca7947885d05c6f1	83963eb6269f6e30da746c6d7e027e538fdb862f114ce7e8991b482aedf7e224
CP0194.md	33c3ab29089b998ac5db3f641703a50d784ae1486816ea216d7a09cb44b6d908	9073f19df29d2e3664bb03a34ed1055b729b166cbe36d8c7e76650cfc3b6f487
CP0195.md	a90eb8ac0a892c2e5e4ca9e1a5771b1d72a2f7f7d4120cdb3d8c405ad53e6e39	6212f27b45c8688efe62ab296b9b50651bcb716a4cb795d795d0123d4464f558
CP0196.md	2eb5f26133ab42f57155208ad7211ebfacd8080b7b53d8095faea22345195717	b698fc1ca4883146dcdbb5e4ccc8001ca2744a0e6108b1116e913d576d23f3f2
CP0197.md	2a0fffdc68307362d33cd0db2d65098a52390cc6514878a1df2382e23e9d8ce2	28a10626208a29a9ab07b5126eedac01dd4cc0cc5fe30c2c2c21d2546bc1538b
CP0198.md	c7cdb53bee279344d6125ac22331f447467e0d937a7e0cc519460e82c6753499	9261d1c1bff1915e745d08440965c7514180a76214ac2019bb6f58378becf795
CP0199.md	17ded72f144e9641be783c04751111d31e42fc54a6ef6d6b51678b24328a2b6f	b884d85aa7d92ffe3687ea6cf21dec94a20b928d0945eeee6037bd3e543fff40
CP0200.md	1e049c9bba66fa38758bfcb66fef882fdbc044615cd28e237d810f3b7bd62536	dd81d94a28b627eed8ca0ac02d3f08d22f26388327a79344379e26ae84465a64
CP0201.md	79f23fc6a297766e84f09d36c46838d8a824f6cefeb1b3aae2855af3d752ad83	ee9cfe2d35283a119e8297490d585bf47b5f8614717de987ff311411b8749e09
CP0202.md	76020353a79f4829de7a0e0b44eef5d2979a3ae5ca2289ea23b33b5f8d56c57c	b953f43cf4c3a99a10e5029d8ded51c98ae5f5c1ee6dfe523622eeaf78a3936b
CP0203.md	e76d96c5b6fc5c74ddd53674cd94acccda94a741ac5c115e8f8151d403620070	c67d6181f0ca14a912ece337a65afb0df32396f6212cfe637a172e7d820257ff
CP0204.md	ae34ada59b4fc88b47a4dac55edc1b5cbae7efc153b0f0b37419f295c8d47c6a	c1d7c85e5f140550a1619e9c7e011d815c23398571610090866fa686271cd9c0
CP0205.md	3f78ee47109372d1eb5a7df7d352d299857ca6090fc8eb57fa1a0411df847c75	a551a2757ec8ca0ccc0e80fc56e510a63a41ad99d54ba57ca2428ca75e6a87fa
CP0206.md	bda9308e92d9af247978b63e7b2f79f170966030bce469f49bc2bdda418606f0	225a7e31cdaaef1eb4356fa40dc09ff99106109f5928a1894ad741386faf29e2
CP0207.md	619baa409e449e4ffc0f9de78860ab183cceb11e094af5e43bc357bf88e3a0cc	bb4201820bd517690cc16e23fa4efc4b606f3fd87962eb3ff0e2ddbb6589f05e
CP0208.md	e2398cd1cacf190a059b8ac49f8ea4167d503a5f773f79b19b3b2ad9b0ae1de3	ee759dba2d452d528bdf15293c75b3232ac1665fe9ac3c50e2a3725a29c6aa5f
CP0209.md	0bbae4b705a2f2319e0e72ea0ca7b481953a6b3c5fe5a2a4f333af7a5cd02c56	405305dca4a15258f9dd3bd657bf6cc995c85a323adf7af8ccaea3aed7850dca
CP0210.md	f4b3b7ba3444621d667d23ec937f61e06131114dca00d10bea9b70d890777bca	a2b32fa504539e5b2e5eb47810a7e9669708610d389ca46f5fec0eff24f68709
CP0211.md	3f026414afb24270e99b6326d69cb82d67a88b9c9d049251906d7a2259653e52	7cf3cd7b2c135e7c8003df3b255e765960c60c84d1fe1eed7bac8802006c6783
CP0212.md	af3afdc859a846c389fe083391cdbe6e724fc895e1831b8ca7afd49886f0d2b8	ddca773de1d38b19358fb3a56781137607d0a2856cc8c2afb492889aaf6a8e95
CP0213.md	d4659862387bb1fa4dbdade66eb04340ba6b33df2c27caff3ca10aa1d57c57b9	1be4178d33bfcd93979b62f6aace113e9f198ce7e1dba8479f97d49e0a460e78
CP0214.md	147822d57334d92e4078a6dad4290dd58cdd65436dc0d213e01a8b505806e97a	1625ce4bbe01dfe32a3a44849190ec2616b8fb1df3d641c30c40fafd1150d2cd
CP0215.md	d5ff5b96c8fd10b2daba0c3faf976741492125d6ad7d276b50125fb9064e6238	eec1266cfee7eaa06a4580241d2c4f7ae01d79b7afc633be01696f1f4a44d088
CP0216.md	0f67db21f9bd6a07c77010bc3d8ff07070207b29645aad3550ffa99350b73845	68202bd8ebeee9b4089ef5210ac18868406326c216d195a24a1c228cdb68ed76
CP0217.md	b14bf5e20366f6d6da687af0e2700c86c006e96a75c5c19d2929690dcfef8d27	d01169fcd5dfd0451aa2da070106956a1a1ca21bae79722acf9fbb02ce03bbc4
CP0218.md	31c2e35dd2a2d1fe340e9ca8f89253d69ead7c7ad8998ce27d912df770d3deeb	e0270b07347289e4f8448cc9ea5a954639a416420d1a096b11f74d4fe18f1dfb
CP0219.md	9f27b2f31c5aea92eb8e38308603a26bac4d68a7302fa5d68a3bc987108944a8	fd00defb3fed38d77ec02726a1fbe196c91da0dfb8c0678c0e63840a6330173f
CP0220.md	c00ec6bf05962357804bd42147a253c0e6e7d5044c65e6da3105bb81266c7393	0937c8daefcc4bd0dfc1d81b3464cf111a1ab8026f3aa56d00e17e1e684702c8
CP0221.md	e103d7e0c53ee3bfc50dfd017bf346ee8ff67ffa37550b48de1aff040532f421	89582aaa70413df22e39f567a2c5cbe802d421b5264b35bc17dda3d3f27a365a
CP0222.md	74a9ea5cbcf2d8d5d5a11ec253000c962201a2443162737e181eb37158450a7a	b52f083e344f71965efddf9ec70d4613dcaf5ca887020be26bf68ac6b6a42617
CP0223.md	572d24d5b9f0aa707b73a6cc4737d9907619238087a083797cf8bd0dce970183	02d335467fd641b4774f1c7187a350839866c3ab9507dbe73c44115298b57993
CP0224.md	d492319211cfe89b7434a37a54ffe887f72bb82818b8be377f27f1c8a83088cd	dc8c5526d5ef45c2647f51c3962ddf3332672d45c0b0ab8d3116e4eaf990fadf
CP0225.md	d7bbf8a48f43d028493d3f01651a1ab9e2e6406f9c0dba06b9c0eee2944dbed5	615b4c9b7495f14997923f75d0270316e78c224a1bb1aa90fbffcbca041da6f9
CP0226.md	ebbc9ee4a8f5054b4c10dd0b5211a668dc3000312795156bddc47d606b204359	db1006b665e50040570eccfcb8eb74ce97de172b068a2e404525bbad161df94b
CP0227.md	e59916b68523870833681a4ca3eb0c441a8437639ead619e3cd6eca8105a3cba	04fa525edaa52620e5c4619660c55575cb82f7b84833f67e8ecf2b99c7c5cb51
CP0228.md	81208a362dc4bcb51f8d897ba10941ce9de37fb8c86f4af912c33736e5fc5faf	3b21677a2e0b19ef11d3f24bd6b5b2cd813e1a2f5217087df8746caa419f9397
CP0229.md	583b70bc824a1d3cfb116c125029bf9db6ab224b8220609f53d65e29c41f52c2	9fd79db9f023538550a9836d7c8329bf2d20689f3ca891f3c65d7ea3fed0b30e
CP0230.md	b47c2276c0d4b921a4e75999d3e975190f02a32945736610ac2c2cfcc422e0a6	7907c857e2708e17020b2343fa60abb1a6558e4d254680b0a614f680f9056815
CP0231.md	86c5fe26e3ba4f907f58f99957d56b65a06f87a73d5d10afd929b4f339a7c8c8	ce82380156eb4c80b6d2cfed9cdfc3e00295d3309aa05f16907290de2513d0a4
CP0232.md	a10ca13b68de09bda0cf04dab1cfc808cf68fd415f1fc3a52ded1522fc76d4fa	22d7c2fcf1082440a9f88a9210058fe94fd5428ca7fb02bb126f6d62299e8485
CP0233.md	8abc3fbe673f1b459a5941afef8ad40b0f27f305f4fc59569802a2151e606d18	804d8c4bfe40f5265441a14faea9220221c7ce8813ad1a06a75fc28097e3495f
CP0234.md	5bfe901ec44061497f293860fc0a91e0d1c088c6724aec2984ef1dc22a0529e3	90cd8d38930299efe4a8d824c063f66f0dfe66a44722d317978d570fb3495cc7
CP0235.md	3e79e8c9a14518389ca220a66a85b99b92cd76e3336367c795bc30ea3e3bb980	c4d98bc91bd47eb97c3d8ed83e878f12657b8ae33378f8c020c4f3723cff8885
CP0236.md	79568bb6d354050587c8020107985657b05a37e577785d4f0d4043fd495b6e9c	19cef44d0a243fd7c58f5b3f696064dafe8ac29c563a4c427d957c75a7e7509e
CP0237.md	dd918387f46f23280749045da2daf7b1c5763eb9351633744441a42fc048dbcd	e1e421d5656f95ad6e81db2ce65ad4034286f813be14cf7877b3eab9804ac5b7
CP0238.md	1ed2479e183ab68a50de97216091aeb9434b52fa22bc5ee09b677c51d6ff66bc	2d53eee74da383b5e74f685f05e5a8584d0a3e6d8e4f647c7f4cf38c6a9d542a
CP0239.md	b7ed0c7458e8b3115efa93c5f25ea1d50b01b5ba52e99a96a2d17e99af7d8875	eecac41dc66884a1b9aefd77cf4140cefb367bfca036952676ab89e1efee07d6
CP0240.md	f2eff3bfea42cce4b95941210640b4c05b396605bc1fab37ebacd36c85ca8794	9f5f7f233b5544ff1a96151a711444e03c695febcd37f3813ef3231dd0714b30
CP0241.md	a521dc5766d3fdd71ce01bb4704a35553128bce67e48b3bbb6d703347105ae43	275491455a0a6448252c160ad05c584b1880401c3596a889e9b8d1760aca5b65
CP0242.md	17c47fa034682b537a052fb6fbf9007b0a3d86cc5d660c403a9db7ed291cd17f	a0618876381cc34601572f45ade9567fc6a701f7130fb4c73ea8a9b0caed4e29
CP0243.md	b9e02a1e43f9d16d3d4bba8d0cb7380b04a822eef0d0a2ee34dd24d29520d53c	27bc0f8cfbf4b1855fde334a316d1a56315e2c54cf4ce5f04a52425da00f2146
CP0244.md	2ad90e657549b9f347dc6a5deb6ccde9ccc02a16753dc05353e94fc44678bf79	80e81b4741217d06e732322c33df365cc83fd05e2ae5246629e803282375af3b
CP0245.md	c33ebf74aa893542602fb4d6ca84ae0306a6a56a840a57391063b471e1ffed70	70337b9f47fb3649ae48af8926164344923d69950e124473bcd3f8f1bffc211e
CP0246.md	c5bb7c9e7ee349eaa518b9c6ba99a49bbb9b066bc4248a2339271b0034f15591	8af34024a31c5fe33689826d976ecb8b706b0a68063123553c5c60443a1f74e7
CP0247.md	2b64751f4d0dfe5f7b9bf5614ff0dae79279c2a7ab3909012d23d858d67a5f86	b342461dbb9ce929fadb45ce8441cf306e2fd60321c669e3710bf32b68dc3a2d
CP0248.md	886580a0d9ff04c7995ffbd269f0e148285d009c1da1c6508c77b6bf403c4df5	d9a26321227e69d4979242a02b342fe308390439523aeaa39b6e10f9c0e80e58
CP0249.md	5e835c3db68c93439ec8d04385eec7aae2d80f5b8c6ff82a6548ff2576827fe0	98f1a329fc089e9be10d77927e01a3fedc2d44996474e2ac0d006fe13a42aab5
CP0250.md	6d157de8610cf4e6e2e7c8ebbe0cd630a79591b1337530274afe0433cb6ec39a	4da498e8c30625712387469938dfa862837e0336b5f7e3716731d39a1f0e2d4f
CP0251.md	248d8149c77aba2c150850e7bb56a2d44ea6b541271ff2be197c70dfccd668c4	6fd7a508ac0cc0a3ec5ae5d1cf021307745b50b46ea0f78e5b1d5fe35231f60a
CP0252.md	0f3e541fb76c62549c5a2981beaa100494fa6513c05582bb5be8e58107d064d0	fe4e7b3ceb2e0e875bdd79a844a09866355d54ad0e60df7d4751db8db6755ce8
CP0253.md	2ce702130d202351834a568dff7e85bdfe4401e6fda57ea35710bd838098c8bf	fa2b8b4b640bdf4e50f004dbe818e4dc2ef863a43e4ee132e15f9d1ce7f71f5b
CP0254.md	f3252894f60db9ccf8253939333e5e9f7306693566e3f2417e3bff826ea10e24	58b64bd25e0f88fbb5dbef7b3b2a552805c0e4f8d712db640cc33cd9502411bc
CP0255.md	f4f179d6f6754015648692cab39d36c741e7d19d5b8a844b37a7805a4d380cbe	128c468f1e2fc6c0738b340ad1c0f942ab177f27da8703a899d1e275e3ebabbc
CP0256.md	dfd1fd2fdb7325ffd34614236455c80f7881daf4bba1eb00fb7a5a8bda97e8fd	dbf5d4fc131e55cc6b2f6c2a164225119f0a0cfc00d39d032816c47b60a247d5
CP0257.md	39544787f44bc15300f9b4d744dd06e465e92c6db8afcc57b7d0afafee0fcb69	1ec2f16e7a9d039ff3d435e8edd8aa4e014dc1fd6a1820a1d89993690079dd8a
CP0258.md	4d002b3661b81de89b9d00661e4f02c906d5abed9117bacade153770047a3c67	e0fa87795618c1fdb1c84b898e5db0c1e67a28b906b2a13979a683e16a9a7631
CP0259.md	a8b5cdc5c7388a86cc6f01186d617803a80121a8e27505ee265ac0ed27635aa3	6fbea07c6c7bae7c2c5a12290e0a562221f7a6339f127d8d0e3c318cb2ee0a1c
CP0260.md	41f9667c4a5e994171fa4e4ac8c5e316f5b87d9c5212618be8eed389bff8a63a	1b6b8b716e780d4744b09323c0847ff711d4d27ad856c90e2eb710dd2795a70e
CP0261.md	c6ab399686e46a8ac36aa2d42c228216f95e53b46e5f7f653ba2591101ace7ee	452443aebdae3ed61198c21eac88325f88a9e724a89204785a9d3076036fd349
CP0262.md	042bad7ff9d7ce73be20a193d99fb25f123e17c5e5f79fc27154d48c9b6271b5	fd5844bd1127a2591f643c85a31e0efa038959a1d4c09ce4a6b65ee9e41c03cf
CP0263.md	926585f12768ff279af135ba01130f9b85de0716feca81df5aa00653f4005d76	223511420f45bbfb38c29ba37cbc8114d1561a5f8dae896f198f4599a9d00703
CP0264.md	f4eeb372e12539e5165379d0ea39a839e1a2b411f0cee811c947d22331abe35c	10d24f2afb245bb34b617eb79d1477da69fcd9e4427e0aafa087f828bc85c60a
CP0265.md	fc1cb745fc134a050ef7ec7e106356a263ba48994d179f7742f120d53d4654d6	00f03428e069918e495437d3a4b55a7be580018eaae5391fdc517bb82c9b0413
CP0266.md	240e2931f3b5c8a1a2e46eb053022e10f9ac86dc30797b9087a171d9ec2c003d	17f65a343e3b70d9f29f02c786734ebde93d54a44952be33c05c27e606a6564f
CP0267.md	9dadd84c138c8f8b08e9626c44c750d054b463aa62bb2416aeb9ca92099f1b4e	96db049d770a09ab4cc3151e0c0e7ae58983095182cd3fc9a1ebe2d95db1decb
CP0268.md	f29fa4577d007c273d7dd71aaaa949792b7733a04cfe049fe20ac9a25c25eabe	4241e5f763cad8e755d7c3d64b338c67300bbc71975c4e786c54ff3683c1351a
CP0269.md	4e65b084426cf49c98cbe3f838cc019f1b705ab7b0e8965d7fe2e0c21de50052	e707e6718b06716baddefc27e936e5a0183080d20b1a0a7e5c36f1438c2a6993
CP0270.md	fafc552def8307b5e41fe660376528cdea85d784e73cea1ce0f67541e773fdea	66aaa45253294c5f1cedeb1df6a096d126c769dcbd576607ec062e6a0029c952
CP0271.md	8dbdce1b6b712b30e28e1ac1ba65e257f857011984951a4a0f007f7d0e69edc9	f3da47b65346089f42a7d6b00c552639abc6eaac2c2037debf4e72f0b9fdc768
CP0272.md	31a5e576d2b55a99a0c7b99bcd4a94eb07fc0b2b5ecb54fddf52c51c4263de8c	6f0c1f5989a858ecfb09d191394effea16c1fad0b2451ec55cbda6c3da85dab5
CP0273.md	45f1ce0b27129d528bc9d51316253a4080218c9c4e10f006b39d8e47692b0075	04383aa5af8f03eedfcfb372f29b46f7e23f08f2cfd579f4b6955883ff964e49
CP0274.md	bf64f72af8c0b4d6d677249e6f715e43716b513bad0634eaabf28107ffe6eeb5	8c1e22cfd2b4efb67a1d134881b7ed82fca61f6394ae3946b7b06ca362a416a6
CP0275.md	bb121074f3635d7abf17bdb8dfa135dc8c63d6941c2b580894fed63d0f74c6b1	8b5967cddc4c710cdaa593529b13ff1e423cdb5308c11e877b809082dc3ec215
CP0276.md	d9d71753d61c23b591066dcd66a8a5c39f90b1aaebe72b5e9df76b6999bec716	af47f6bbf4374628597e1d4aab5ceec21178d58b8590f67caa3202902cbf9e54
CP0277.md	e7c2d5a00557cbf74ce6bf3536fbafe3a4c8cae0ac4459060f88d3d56e0e008b	63a13584ea8ae7f11d849152811b9aa3cb2424d4f3b5f0e36c391127f529fb44
CP0278.md	f2f7d4d0683c449e0537835929c7c336f225b567287b49ca6c051cd3e89b98f7	a3e83a1fea636ef839e0ba72d52b8ef843b29fbc553fc0a02285ec47b7a5729a
CP0279.md	2c8f7fd5a3f9f5f6ca5c7e6bbea0a6abb4813887667c735c1b1ab088d27ef5b8	a2c539a57044cbbfb3e541b02f9356fb986c2af774169bf20e727147b3bda3c1
CP0280.md	82aadcdd0bd8ee76b0727c7a2bb9ab423f54f8ff392a0b94478ad0b61d2790bf	d8685767264ab2a23996a33363703af2eef3f7f7631b99dd861d8ecf15e57de7
CP0281.md	255772dca542dd217938e008ee989144a65cab18144277005eb9cfff8067ad13	5c6b81982ee3d7fc73c589d446c29b7694ed451db9640cfaf86f75edfe2a8442
CP0282.md	3d71ba93f9cdaeea06c7e552fc385bfba9be308a04ad92a3135507331759a47d	0711b2a47867a8df735502485186368cad3890f38ff0e77d00f6d243e96ae70d
CP0283.md	8798d81d4a198ec494789008adef95b89b17d47a0769140f90e85af9cd1efc7d	c67b9f6d5a2c12edd7717ab4f5b1395f575aaaef8a9cb562ff8b573553d12630
CP0284.md	e3d8671cde3fcfc6065bddcdc7f46efaaf2b0bbf9dea691eff4d4331b97a87e7	adefa5876a13d42b47d21bed185e3d4df76f2de7203a2b5193459621ed7f1b0c
CP0285.md	c97c474141a354bf05de9f526f15ca69c0674f8e9926a20d06ecbdf936712dca	3889b738451a4af2792ec791c97323c415ef8583bf6e20ccde29c1fc14a8c872
CP0286.md	4b7df711692b0ff3eb59fb9531708fe509860440f8db2abf169c771a2cd97686	1fbff6e269a92e9c85c41a86184e9b439aaff632e3686aa4ff519cc4f6cbb38c
CP0287.md	d8ee8547f0ebeca401dd3462286bf1addcf3ffa21d845c319f661ed307165b30	7e009e3953c33099ffd6d353a5b7310bc389ac5e50e43899e0553412742a3a5b
CP0288.md	1b906ead35941a421d520217720a1367cbcf70bbd8f9a918e71d8995ab12d6d8	0b4701d999952e0a6bfabb743e85dff08d3d0a12a2d66fd14e6ef9123d81b3a2
CP0289.md	0204fcd93bf3cc80e57ece86e48497c304ac484b5b592b0eaefdc388ba34a06a	38c274766875ea2531a6673938f4837b865739b3760c82415a34bd0216141d80
CP0290.md	6e73cbbbf0e6ca93c9a1550d592d8929ea24785146dfcd88c717e883b4b07739	c6668e9237616084a70192250bddd7b86f66217a69b26a23acc5f55c5dcf6884
CP0291.md	2e0cc8ce71e096c8b0e688f29786815ca6d48652120f708110d841616391a0bd	00a62a7e44fc868a60a353d62b6ef28a8c694f6c78b854b12404fb3fe1fb9517
CP0292.md	32cb6d7b94a3830556cc369f94c2ade18ff5e0fe0f5f69d74b8ae0398a201bae	571d05d93f64fd2dc46a7a672dc8f3b505dc12142ce00b95ee63c9b0eb809615
CP0293.md	2f788072f0801a47f66ac460ba44e06d585a3503731ee725e03d518a0b4c1c2d	78116477c9092e3c1a59631dcd4831835470325100465b929dd0cd688a4c0870
CP0294.md	aa73501a374fd6794528a262c3e5c8bf5b1a454b7d09e1e185bd95ec66e4e2a0	34b9d3cfe73d54454d78315ba15eeaed25a6ccb8ea06d7ad70b306197e2ed179
CP0295.md	ab28573a032eb87324c1c849004ac905386eda059ecbeeea465187ed38fce2d0	c809cd348be701f0edbd74f83873308928656a37831a04d1b1714a6365bfa19a
CP0296.md	f87f64f7c2135fd875e93c2797db216a763850874060f01218a15a3b7202617b	d94ea453de211e55190c133ba7f0eefca1b018d91dd59b762187671816845d58
CP0297.md	111d0f1867cf9b00ab28db2dfbe7a8e309a7bc9ddac9546f49c471d76e1ea9ac	3f41a1caeda8da43342ee554b5ab8414805484408286d407c19f52aa638a2bb2
CP0298.md	dde9963657e2060202f46301373bd1d0e4ef3d91ce16638fae751a35ebddb870	58efba6fb6dea96da66e323a6d39c3ff6d99b942827ad123dd665642b3e03577
CP0299.md	3112efe5ba2fea3e59e55d3281dc638cd736e3a4e365bbbb7cc36271f74b86e0	bd790b068cec2ff81bd5a0de17405c313ba395d91a8e7cd127f7e67524fdcd4d
CP0300.md	cbfcd66919626c367b7e4133da1353a270fae15fad735755db7bfbbf767e57a0	9cf325183667362d803e6009498910082607909f5d5b6df8f5ad6c9bdc22ce8b
CP0301.md	2f0aaa66e4671b4bcae51643c58fa9e53ef54689feb9efed693d637cc7942554	ebddde6770ec67c3787a95232f7105d184b14f223274f2f9a187aca285c51354
CP0302.md	37a04ddfa5e88be0d5cf4276473d31bf3b0fcccfbb96a19d7135cae64ac9bbe5	6d281ded1c73e938ba704e041366418d207422a60f0bcf2df2cdb44e9215ac5f
CP0303.md	c7e38cf9dbc86c5248772558716db0e048c6ecd182ab5bf7dac004006c746412	0a0dc4bdda7da4bbbd89d00af11fe0dd4689b22e122db250c636a0d131856c7b
CP0304.md	b17c25600f79069ba9fa652e113de0d7a53be920dd5b7096a4050f141d9aa6db	9dad730617b86a22857b4c0b16c8bf28e609734bc70b36a57e3d4d4b4f606dae
CP0305.md	772de87b66b7b12dd9db89a8831427ff428a9263b8af9460507a77d26b1b50b6	87810c59d5e3452c0727ee797dd1cdc19c42ebb1c491d913f1adb67bc7b90180
CP0306.md	7c99f90599e480f0825eb7c399cf91097622a68170bf87a10e26fcccf4f71fa8	a45b0440b0c090bd5d9c8bc8154ba1b59aace791dd9050774f03ea54b71346a5
CP0307.md	17638db1f0269b33bae44cd1df2aa5d0ddc7d9df78f51c2263bbd73b282ea170	d49f927fe76178f0af808f02cab4416f2c6275402766c0acf2d660a8ccc553b1
CP0308.md	370750533d3e32ab8981e0acae62cb635909c7cf4a88d10240e6131d88884e2d	e0777b230745fea86fe7d5e3e2f48c15d89159758faa74196a18dc75f5e92f57
CP0309.md	5ece7207fffd371e1a02263bc007fd593cd75b7367447035c246a5909a3cacdf	dc7c1e46c67cdb7667c169711568445a6b411f7fda23ee3df23c8f05f7cd6f0f
CP0310.md	4342bd1f7291e198bd19349d0df4dbf06a24eefc4df8e31abc0008cd2cebe30b	b8d74325438363c4bd050b68f1e65bfdb7afc1f8964f69c9c2e0f14b234abac3
CP0311.md	3163fb47f53f222d9d132a31ccd17fc439e5183c7d3b35335c8c3e7ed59741ac	27070842fabeeaa4826932b90d27ec2e176e2700f5defdc729d9a84fd7bc954c
CP0312.md	0780aa910ce5b1a42e9ecdcbcf1c91fffbfa424b9cb3c1d0b53343fe12eaa208	c7ef7a9c8e2e2fa4e25dd80639eb7253452363110a676d909ad612fa63df1a5d
CP0313.md	f1e091e96379ef494e76d5c29f088fd0bfe7fd7d6dd06d0539ee795e9906aca2	c6a693e05f507e6b06a86758e7e6b3f62575c850f077fdd21ca8e374a3214dd0
CP0314.md	e3a1a83a1c230f6fd53c45074b621c99090398ea3fd78743a0049c01dff9a7b1	a22a9f1d57bb3496e2233522c1c2cc095f1858e79b037d9911d163157a5690fa
CP0315.md	8cf03507b7be11b413db6dfb606059e7befae1de38dd907f734bc7722e4ccd2c	9d494c9c7cc1a7a9ee2926a6043a758be96848209c6ab30db62578695f31f65d
CP0316.md	42b92901e18f037720bff2f8cd73ab2b5f179d79f19d2c69d15fd93361750ecb	8fdd9c433880d2c7346ba442feee95870cc37f92052fe916385b625cd1b53481
CP0317.md	95d957929da9a78786d7a1be1f9c6103bb3f8e81258cfd63d823ec598f522997	27aa82f3bed2b1eed6247ab8a3ae6e91282ca161f32e8c5883f45799f4a375b5
CP0318.md	2018d59b938d14be9ca42d2970173bddc0951adf75302d6fc7abb36a64e31e83	2018d59b938d14be9ca42d2970173bddc0951adf75302d6fc7abb36a64e31e83
CP0319.md	81d0d5509d296c79095b9d70fc1bc4bdd7340097478b164e56548665f55d447a	825116c84f8c32b50f0b6996d372d1db4c229cb31750ef11391812d07fe9fcb5
CP0320.md	5cbc9986ecdcca82d17399eeedfba303a1762aa6753331a04d6beb3ff7feab12	a937c90482b70164d6645e54c1f039324daa6d70a8065c94c915be7b80f48ee4
CP0321.md	21022fb34a986be956337a484f113ac63b0767327c1e1086fd4be644b36673d4	0b0def34e0fe5eca92ce6ae102a0e1c86b313004fdb69e57babe1787b8cf479b
CP0322.md	ec5932d3c0496154e1416b3c7e724bd8d82eaaa251af19c37c3c5fe66a905ba7	cb99fd45b680820934baec22185eeaaf2437f9ffb9503941034047a1ce68fadd
CP0323.md	5da14043c2662120694aa0c2aa58cbcd51be23fb3e04a6ae888777792f6ea971	f14fbf897206c70272c048cd4710457c1af2e5f589ca8fe0fca5644b6834f1b6
CP0324.md	1c33b52ca36f05ef4c0b02f01ae32f341ba33e6e802d6c91212299f664ac4e13	6e7cce4f8f3f241a23171b4e1438313d6037b00e2d967d8b4d3832c60e3b375b
CP0325.md	cfd263762a993e616a9432aa84466daac0b24e02740add816d26fdf1c1f7f2f9	dfd22f1db267a8653f304fec2b5c16608b2ce5cfff49951c75be4f7665c27bc0
CP0326.md	745cd176b135a3c40667dbd877783866231f602812253230bab45677ff80a0e8	8b07375acfd5e95e5a61da63dab6f6c2c57216070ed320cedbef9d094ee1d404
CP0327.md	78c260ce966231b371a2626c130cf59804425d761b7bb955114853467860e8ef	350eec3bb91576ee0247072a3328a718c7130a55e39bb3cd55b832080aaa9d8d
CP0328.md	927858b003451128f21f4590a93178b7931fee5182255d376d751360fc1c440a	1228dc4659a5460c880c02dcb60ec348a08a5d8d29d1796ebdb1c5e7e989cdbe
CP0329.md	cbece2a35b67d992f9aeae1610519844d29712b12b22c5a52aa321bc212baaab	d3cd9a7d2378e1611783e9d4080e1e5628c5a31c25305f9bd7581f765712601d
CP0330.md	09cffcb9a13eae8e192b4632f613879baf5f0bbc8905c1dc7787b8f36f799b71	c79fbafb6d31be83adedc089f15d77a925214a9ba340a4a73859de43de5fe4de
CP0331.md	8ec32ddf9b96adba27cafbeaeaf56fe3516378ac4919a19d0710fc6e8723bea9	9c05883e2cabc4ae76c64baa984bb59116466002d91ec0869b469f87b4f0e7e1
CP0332.md	cb4f39f14a1968ec46eae9befb7847172ebab61619cb398794837f54a77edd6b	86bd547452ed9527f2cf148d820f42bb553344e115763041c20362d48a98a9fb
CP0333.md	65bdb4d7a34a8e8d7d9777893959ec5b6a21cdd673acb3784c2885f92ae6d9e2	ceb3eb93f78ee4c084f2b6f3043abcafc48905f446131e621d073ae6a388917e
CP0334.md	996ef67210c1f04e220f49d94a61955fd73aa3a3a26c76423429575340a326b1	e4c7dfa535e65776a034692284c30aa0857e3161d6de6e2f7b9d783e0b7d1ee2
CP0335.md	3b6a28c9c84b68d2a01fa1ecc5d20171e41ed97c8d08dc6b85a2c0dff3a9f0f9	d5c74648995645871d7f10c806e01dc6e61a12931e42c954467a7620a512f849
CP0336.md	64dad3c1be245ec305d0f2436acada0cb99318a763d4522b5e0aa26d380e8cd1	7053e81343470dee8280a2e4034600d77549a7532ff116bbd036be17c838227c
CP0337.md	132186bf44653506feb4bae7d2b9bceb3586a00d112ab0fa2f20f7f7d41e1054	75a7cc9f7e6cef63b9ef9191f43b18e0555dd7275dd97be7684f7f8ed612aa33
CP0338.md	dc60b4e654866aac68f6b444ac8e82bf7f4ad1d81fd80042ffe27bc24e702be9	c83ee1eea1b2abf23403bbbbd61c1a4ae4353688f4d052eddbd42ac5802c4e6c
CP0339.md	582cf2ffb1d710d4b49165cff88615a5c80206edb355b0a91b4c43254a3cd73b	e8955222ca58f440dc80973c1d59f38adab3e0c1e67170475f8eaf7f48dfc75c
CP0340.md	513aa3a6fcdbaa624b7a3cb1633711c442dd90848e2ecf7f57c4360125aeb689	105a11b4cfe07ad44b2ca73e861291d858d6dec43a01df0604b4f9f193761f0b
CP0341.md	3b3722345c5376b1b83227daa5091d22b0e0621c27822e500d29b62e9ab1c8b6	6c94c8b91754556d181c596a4718c4759e6ab138bc0cef8b97a59147899e9c1e
CP0342.md	a35c0325e87afe87d2c2dde2ceacafee4d3a046fb086033f021141b0d251cd51	446d324a0b1ef9dd7cd4a407eb176e9703c524f06c328da5705de8d5476ef0bb
CP0343.md	f8c9b3e65b2ce7b0b2973967c4b6a61a1329a7f3ca03561784a44463e29b90f3	9e4df8eb2db0988f05b10a1b154791f2c449b979c313a6e1617997c2964fab59
CP0344.md	ac6d099824c3f09607028b60b95b9840660c1694e4eb538c8355eb87bcc106a0	c3d1a4cb3ba1a376ed9b2d8a29783259f5ed5ef40e908a418d9fbfc493f4ec5f
CP0345.md	afc282d61ec536e13d46229c55e17ecec2a71acd8647cc865f22e79b13ab88f7	ed69dad38d0b772aab8609f9c193a6887401874a0fe08174d0af172d0cab9169
CP0346.md	3dbad773ee2b43b7dc785eb7ae0ae997eb0ce4ce6e901b6cd9797959d2687855	05ee770243226a5f9686ab5a332cbf283cd0f24f752023bf40c17be3c61b386e
CP0347.md	3318e15e381ac3417334ab4ec0a9cae2ebfa55908e33bf63ad0d6b2c0de787d4	6bac3d8e18ee416a8872011d85a7beb90aaaa34e6dc50e91f535d5945b4e0537
CP0348.md	e037fbbc973f3620a0f5dbd64331ad7ff6951d4b55b701d4cb9f0c901791b77d	1ec4208a10b7bc9e16cba6b4c76407e859e0c8efc6c56ca3f80599217f073423
CP0349.md	76f99df15d9b8d402f3a56fe480eb03d2a6b49e1ce5a3c5fb406adb7f4523cd2	4552c83b93b11c6442f90d7e4032e27fb8b4ce46cc6dd39cb946e602a43eeac9
CP0350.md	1641217e5bfc50b1cff61b4e69b941d066800d3237500f876276dfa6f96ea229	9041372310e4881fa078fb923858df801c9d9cc90a79bbb6f64aba262eba762e
CP0351.md	bf8224186cc28c9f3f3f95a18d69a36864084e71576bee83128e305e4a2e0f7a	8e6a04a76833d8502c8619bb041ab556dd363f22c287a9fd8be10771968f3168
CP0352.md	cca8fb8a29320771b17d4540dbb3ac5c349a5bffc5fdba73d8ba43960ae764ec	cad9cbe3f2088f4ca9a2e421a1f43a2ab394e4269f3d8e01fd5df51d1ef82636
CP0353.md	7e7cea242e9c15364cdde04b4c984d38ab1d70f4e1a42c2627b9ad6c6c614db6	d34de471c86051b819f8c9a4447a8e29a8b045e92726539e17e82cda1a745577
CP0354.md	89acbdf1cf580d75b1ea4e8be2d8c093e6e5e4b27ef8da3112d3ea36c077f120	2d2093b28b04eef969bdb2dd509338054f89b8cb5b079b84bbc377e17d87f4f4
CP0355.md	0b923df4ee79eb98b24a03ab7b19d45a3424046d40f2f1c2c8da4d668ae6226c	159b76218e571da6a92ac419ada82ce68aae18b50ad164c70c93d86bf1613f9a
CP0356.md	8a64dce5bddc272a6368c01b1a2417ff1ce9842afe49457a923217ac4caeb4af	9edc427398d4c852811925c359905082acdc169c8a4e5fb10ffee0f464e56666
CP0357.md	1e847ac5ecbdc19421d0288368bbc141fb22c43e71dc216bfd725baa8985aec5	95db9dc27a8e72e53ff25af7d591957dff70a8ad3c9900e50cd32b0cdf1e93f6
CP0358.md	f3a727c942494897c2605c4f84ea82ffb55160e203948378e8541e2f2754baba	3fe765b79bbb2a142c8b55e4f2cf8e083dd71223f76eb16fa755888e7c1d1e45
CP0359.md	e62d286b3260509b83dfb4d9dcc123c664d392748b3218591a9f4434f0d38008	a5729cb419b7d7a88e8b44b4dbde213f4008f50734d24f26f1927bc9ff391be0
CP0360.md	31e81746964924eb5cd5165790691b0bbf8a5b7f601f963c862d6ade4f6c765f	355335641ce2225578e68f00707e98a4a9f56ef1288b362d94e8fdde3a14fe37
CP0361.md	0271fcb0595e888968109bbfb9f632ef491a5afdb12ee0193252cce6bf39806d	a63387bc3de87b03edb701e3372fbf4e0c5caa266fc0f104cad20e44c1d0981e
CP0362.md	30df29efa668957ed2b91f8d9319650a047e48d0c7667fe685b0c7300ccbc7e5	35814da04c168dde33cab3d83e46bbdbc7b4fb5d545e3d2a08e5783c8f34299c
CP0363.md	24e8aa767abead50f8d0f14244f0903627d3ea46693e4481c31bc3ffb5db4a5e	a748ba884470b3b62bc701830ffe7dffd187c5f76a9837422b11cdcc1b703b46
CP0364.md	b459ce96a5e536dd86a24da265e519b7272da8bfbcc31da7d142ccd16138702e	6a4e443770c41ebb536d5a40f716c29d2aa6d58e35fc39060b7a1f32bf481c71
CP0365.md	8391bda3347800dffe15feca11f195ac920bec261f08ca9445bf3949a39ff7d7	8d21a7f6d0a667ad68d5afb0957d2c7073ed1d7062d734c41f7d21e329af4164
CP0366.md	8b0bafa00b3cc36c2b7c39fc7ef15216c637639d3bdd3427772187d19063ce33	a4b6e61583341c57f69b2019d6570ea73de1a9dc45dfdb6ed66aa6abb9762783
CP0367.md	8f0a983eaf9914cd695dd893c91395cc0a4bc9d988c50b7d8a8e86e65e5c34e3	4344a808add8279cad76274272d73aebefb50c6d786fb9b700a5ec17a30c5f4d
CP0368.md	8084488cf6a30030f75e28f2ba15fa6c79256b642326c3506bc412993ba5a50d	cad29b5b378e9014d9a00802ecead2147d6255b21791b8cea73575715c62acf1
CP0369.md	3c611959f165f915b1db67ed8bbd3dd29787ae938ac5e48dd9050592077e9cf3	9d6f9daed7cf5a8d37a5221fddf819d60b46b4615bfd720f47c7c14b69074487
CP0370.md	a47a932ebf12535fa4bf61a73c093424dff1a766429790dad92aa4f585e72ef8	f6531b93fd3dbe0dd3eabe29832fa02545b0ae686e3803f9bb04157fd1d6a2c7
CP0371.md	8a6290c81c20796678dfc3df3f768453a8efb3b5018a7527d7d1866fd48301a6	7b717e5f2f64a422033bdfdb1428fe087b201f5b76765c20533fec5162e239e4
CP0372.md	3de7fd0e2c87456bc36febce2cf92996aca6d68209de421925c10caced823473	0df7de9d3a7ddce51194fdecbd46ef571334fa05b915d984a680224b50f0e893
CP0373.md	4747388bc6e3f02c9e1e2f6d4264b8c83e6657d399b1e0e4c75a9a67037bd071	40ba1986f7aa9570424b1578d892cdebce13b360b1dcf764b566e435a1a87764
CP0374.md	beba7b54e523b2ae5ba6f17dd698fcfee92d6a9e9d408f6d7b9f996a4f4b8716	22d94b3a9a30af955197d279544c7ca9702c08fe9acf4a02540202ffe87f6a9a
CP0375.md	afc00ca431acfd2537613af15e7fe3cf6cb4246368a8d239763c3cc0c4c3aa7f	2f05367de0c475d50b38aa7f833045c98f8008d9ffd8c44cf8948c6054114662
CP0376.md	32d78e0c6492afb22666e9600689d6ccab28cf43c9b333ad195344743c666b57	4345a09a69358cf407c6edcc314e9a5b66ef3b4807d4470da4971dc84597ca53
CP0377.md	43bd50c8e180efefbea2940bde94affadf5470d87844ec7c4d5bff0047ff99df	ac6473e51d807708e5a1872fb4b2ac827430bdd599e08d499302fccdac5d9f63
CP0378.md	d5a3fb40de11982982a72d0b8b46e85ad7d86a1fc409363e058c97c44d2edda1	a1777d77632895b091204d1b89e3b9a6113235f81a836a21db04c418371314ff
CP0379.md	2f139b0d81e234a66f7700b1ded5622a1f1e46723003581372fa01d880d584d0	47edd8f3dc4c4702bbabc2a557b62982ef5e348744aa9b2867fbd31d029a6bcc
CP0380.md	654b36e91a64c10cf16544a4df1dba90e9f6c4000cf42e4041f0b33c1780ee9f	654b36e91a64c10cf16544a4df1dba90e9f6c4000cf42e4041f0b33c1780ee9f
CP0381.md	56041d0a7278ead906e340ecbc9e9fad416246721a01e40ba8242f08330e2976	fcd03bb880d73628d082f832e890244e1969648645d71c62588c7cb7a3076571
CP0382.md	66423f929410e06cf0ab270cd70fefe99a7996d1423766a09ece5d1bb4cd2d5f	f2110d0bbec8280c264d1044e23e9c8612c4b0ef4527941c5145f4c68c8b8675
CP0383.md	51cdcf372a4e421668174caae24b9094d9557ae5e150cfce0b60b3e74198eaa9	df30e13f42c3e9c3a0e3d035826d4487c3f0be92add947c25ab58bf052be60a2
CP0384.md	b1f55df71b9a19b910bdc058ac8992d6f29b16df39de8ec0c372e7dc264afde8	13f5497c3a8452726a3a45bea769ab7bc3ddb32801db2339350d43e3c20a2ecd
CP0385.md	c76d2ff3aeaea099a4f4670d40aacebca3235a913534a3e96a85b8aed5b2a788	7fb1d0c5d8b839164b547d3548e199a3a0db55f83b558d18daf3e8a012a76d28
CP0387.md	c77d5fa316c69d669ba74ff47c2c730622c68d5b58fa5006bd93fbb2550c5aec	c5b4f7dac2eebc95cfdac154b99a16e6cec2d1900f10f18f56ad4aaec6a66f82
CP0388.md	a763fece22614b8b20eb0a1d5c30e1f0667d2e74a335ad6454d4b82a1d0b483d	ed1de4bca1b039cb5ae238f3740371959624485eb8d8429a13f2aba216dfaa89
CP0389.md	eba2d5b0e2fc1f6776c9eeb61e2dfbba7e7fce9dd631303b1b91bba353d32c84	c0c212f54069a896fd3abc7805e96801e18f3baff0f48d23c9dd05df2a117be9
CP0390.md	fef13d4d8b6e550d9098a3326180afb27694c85d7496c8910d09a07c6a87c79c	0a6627cf761702ef96f5e55f38266d7e045c8afd83bab16de611ac826989a363
CP0391.md	1d6cd3fbdd18168572c69bd2292d65fac2e1c12c5489c1084abd63092f52ec41	46a8c1d6db09ae3b244c52a1c24c7da3736ffc5dbd49ef42665b1c5651fc4373
CP0392.md	c318c61fb65b61e7b352d9a125d6ca225422d41c6ad796d37026a25a3d3ff8a1	fe67eca8af53c7f6ccdaaa683625de82c3f251ff649f5d61d663dd5c81a225ae
CP0393.md	ba226be2f24a6bd36b0ddf4d59c4b06ba74608b2a2f10a1ad692a4cf6bd9d7e4	68fb4d9a09f2eaa70f95b4dc77905dbc1dcfc6822a98469c452e03c2f39a79c1
CP0394.md	ba0a5d8496e6fcb76e1131298c71ae91103408886353f3bfb6f585da07738185	2a083bfec4bce88f2e0f627769b390ef82acbda6540ec2e8fee0b0ae79ab1870
CP0395.md	5af10bbb4f8199d7ca3f79d9822b241650922f2518e355eca580531ea906830b	6d756a796060662e3d4aa8ea45ea45b1048fa45632c7c9a26a1db36e0234c722
CP0396.md	c538be0d14f1b4b0b9ccd6e40e473bdd7061f24fe726b998076b1d151a8d2059	f5c4cd4ea13e42216c46170ffb4c71124ec6031e32da517e512c54a2ed8aa0d9
CP0397.md	8617eb986665a09bbf1f5c5087b6ebb1be7e13c0da7c95c32b20a23b745e9768	a5c3cbe61bc96bef283b6388d4d00c9510ee4e708ba7f1b08dd0427769fd27fa
CP0398.md	f18a165aa5d37cfd42e1099bfc7513ac61d40d7f1322ee97bd075d66659a443a	62c0fb8f7aac518ce537ed2e0aa97d54dd2cd2dca634cacfcf9b0b8372479d8a
CP0399.md	5926fadd8bb50f9a013ed5727def4a802e7ec0e920c2754dd164007ddb3a3686	7552143ba879cde45dcc4972750a2ceaebd081b8f4fdbe8569bbad624efece63
CP0400.md	80e781f451768f6c668198b8e709b4ad67cca4adc407dc5315bae8222976a977	56d21b19575a10f12fc95fee6dcba3e231c57ec00ec67f49ee64d98bfe086277
CP0401.md	0424072385de1ead9c709546033c90b97c03e30432b852d793dfe7eb70771a9f	f6fbeb3130c8a76e6cf1972f1ebb918fc215895afadcc56a1b8a9dab2455ba7c
CP0402.md	92f6ba692f4698fe8427ad7e747e61f81cee88eeb7e7d2d8fcfc54fa57ef2eb0	c7b980ab473cbd26a36531bcc0d4a732498f4e0d35389806310fb3d12b628c65
CP0403.md	d858c754f28287598bb78991e81eace879d3acbb767dfb3fe0d44d11a4ce9310	3b0498091604beb077b1590717fb532c00e4f6c58c204f41a3797480a01ac518
CP0404.md	ad5208fdc228ad693410101d28d74e8fa2a320e75e11a91c72db26c6c02977b0	92e4e6b4a8360dd04f61e05a38a8030aad8156ae9baeebecb09441b737ab27b2
CP0405.md	430d706f55fd50486a315ca7331f0aa42cfaa3d8c44ce4633e3a19a1e7f7f7e3	a34c87d49ba63be51160c210321e92e57e3c46ae8cd1204f9f665fb9650049cd
CP0406.md	d9f31cb96841e0d6fb219bea1c21018eab67348e5240feeacfaf04ac9dd6277f	b2fe021d0133cf6d2ce3f97179c19165826220cbf3558c58a7532741abde4cfd
CP0407.md	eb7d9be0fe85c8cf613fdc143d9b9147579e35fda2399342476bf7ea67b6a002	d0adbc02c298aa4561d1d6560a859e5c1e82c4fbfda5c21543de35d2cc6044f6
CP0408.md	df7a2551c652a2b59556f0e169c9d49d38e3f612731952ba78467f911b623964	27f65314b7b499546bc8aa62de8a4a0753fea43c768e98e4d55629703bd2e8c0
CP0409.md	d4af99e2eb3d86ffd4c476b3fb2966f1d53e990f111a7904f68dd436452d9146	12e23aa0d713a4ce2baac89b1760183f22950704b13878ce89646e9974f48f8f
CP0410.md	c01a5fa2c9234d81b655ff696c2325d7b7be33f9675fdaee30c4ab42738b3b9f	2ad25795148719b6eff9c2b42bff746846e961b4a6ae81036dedcc68f522a080
CP0411.md	18e6b9147631a8731407cb2d860ed15de3f17073d38e92912715aa7db9167cfe	6640d2e392cd5ba1df893a801cc50871cdea982e03e5a8fe28c19d8371ed271d
CP0412.md	eb05fbf92e27cb2a3ecd84a7963eb3313538bf0855175779901b95a3e12a1dc3	ba9a181fa8437a42c39ac8011926412dfa462981b7dd3c00b1d68a8202d368ea
CP0413.md	2c75b708ad09ec672c928e6b47266b7be1a783549cc8e38f379a13807dcde3c2	d091d657c278d87929c6c11ff15b3b21e43bdfe9860638fe199f2563dca5ccc7
CP0414.md	d7aa2fc4adbb4fae7354818fcd075075263baa8f24ad3404152455e585faac46	c15ad18058049102cbf5266490af5cfd641856c887b4ad880b9a99bd336ab5f5
CP0415.md	dc67ed695c7428d770e4e767c9af0ce4934204c9188c90f001570330b466f224	1372f6e9a2175d3ce776769a01de292ef1e8f15faa470d13da7c5a3df7dece12
CP0416.md	14ceffc4afad7ce494bdd347f8d1062ac5c2617cde3554fe398296fcadbf0a6e	b624c99d1f146a923b77784bb7c058918bc8220c923bd932f6f6c86ab1d2a52f
CP0417.md	ba8964137d7d3ec6598c6b0b4132b9e4054c3acf11d490c7d9947b34d3cbac5f	d96a75e22b372b6d10400a993a90276fdd1d3115418d1ecf6528ece03be66914
CP0418.md	153a89ea84199891d320d1b45bd041f9bb276e926597fe2f437197ed6ae6b10c	8d6e30983d11f01681433de9801c79675e501f0ae11146e565e07886b4805da7
CP0419.md	08bb568a72d59598c4c7ca38370819646e914b5137794089bd2b38dac2bf67b6	3d22df57d52b344ae92a26d18e9e4446ff7a74c5401f671f7fff5ba8b7537b8a
CP0420.md	ce32c7348d5f920c3d7a0c38ec776fd1df387d0a5eed65965ebacb9708716e85	4cdf21ccc04b738cd6147480bccdec39f6672d0c2343152d41496a936e6fc7bc
CP0421.md	35dbf2e25fbb7434e694dd7f64923dca63d660a12c311542a186e2f58d38e050	5e7e1a4879fd384bf7041df140b94550a37e491134577998db1e00738c5d6ee3
CP0422.md	26ba016aca87df30c5cdb7946d7d8daa405d7b34a4baa1f264ffeda5bbbba8a9	07def98e3704576faab112e89292f5686c0b57c7d6f8a27204859662701975c8
CP0423.md	45e9b5827bb9f2cca6f136059311a2c7b641ae7f5e9c5c0d11bda5595eba80e2	d4caef078cdc906a2df8c743585f92465016b1aaea4296e7510232f2f95860fb
CP0424.md	050782c02f70e309712fbc567476e4473cd7b9f891ba3a2ea78adcdcf69d29e5	59cf81d43940f80b199e6760898c4c59b111009ceabe4d9d1b72d241a8952573
CP0425.md	e83df4a78b45ba20ac240be519c8ca74c1730f06a1770435ae48781b51b808ff	6b34d3814702611335fd2783c6e7b81fe12243de1a372d2e5e8909d73214ba04
CP0426.md	2c33648bc5978b299752987c98deee861b03e1433f61eaa6e18d6df913587d47	ca1aae0d7c1a887dce52881b9298ad623ee0f6b477b38dcd9ff368e159203836
CP0427.md	ff2d659514d3eae093cc979735e2f5e4b91dcb4d516945197f973548998c9b7d	271119f41213df35068d37b6936e6cae6c1e2060b02649f5b751d11d00110af8
CP0428.md	2ddcd25c4afe7413d195ae740f569212769feffdce83f6626e90ae7432c7568a	99390a8c6c0dd01e826811c8e637aeeb27e2fbd2f21303166a52cfe18f10244a
CP0429.md	a91b6bb870934dbdcda9ae015757a9d2f9afad9caa848197feecdbe381971ed6	ca7609cc5b69bd5f9097fbeb6df7db610e25bb1bc3103bafd1375ebf89d89916
CP0430.md	8163ad7317c7849c3f4a554ca4daeb71db2dbf12564df85ddc5f003b0688e9bd	1398edfb0781837c6ab47894404b7dae31ee6c363b4ed9b702e882f476a07b2d
CP0431.md	0ca2702e5e06b01c97e891c42f561b01f7366a4316d83f8e4faaf513271f025b	d91083bec4ff985cbccfe219246108d1dfe142aabef7642e31d368fe40c3db43
CP0432.md	c318f2bfe361844a134e2eb1c35376a2c8e92236e36b520257febc1ed53812d7	b59a61991fbdf09198809f9ae0353142ad109708e86690d98166a1ccad66e43d
CP0433.md	031b8fbf05869114c5b6271ca500ff033e42dc7b3c5342684ebc2fad26f99897	e48b7e236dfc73c2682b1f361a539bdd484153f8195940187459eed98663a8d1
CP0434.md	36329b357fdc6e6e6d65e97e8c151ead6d8ea24f54f8761605f97247304e791f	e4a01c056a36222025988d20abafa6caf3821ebe94efcfda54799f4291cdb57c
CP0435.md	2ba82de9989be0fb361784e307b570286c31f0887c44549d0eb8434b2f8386e3	18b0201cfccf0ae7ef392da8d0d98e6cda085edc5eafc30d51d0a85167a6602c
CP0436.md	1933425494da5b74ecbcf21fc1abca87ddfe271c21e4ff8d3e46aa06f3b183cb	344d2ca84081be64d0217a4ffaf7e16bfca725b9605ab6c830ff930ed8b2927f
CP0437.md	b91573339e1856e6af1afd7fb2a4d759ea5cc30538eb81bb4a2d4b3ca24f3b92	60a3acb2ec7d784129c0220b220659353f06c6182f49ab6bbe2cac39d60961e8
CP0438.md	a322c1c75facbc0ad41462d8701061e4d38da3ac49cc021cce40c2660d6ddb49	c455bd0419b4179b50f586034cf217a827d758f194448f4bec8e387d9f07e45f
CP0439.md	f1b1e8c4da3aadcc051a01c63cdfb0c64b6f899b4c2ac1a72d3da7ef022f290c	51b643c960db893cc597c1205f04fcacac4723726a044a2a71cda2a251158510
CP0440.md	0bbe2937f82c80056a67b8e4559afec1f3e9cf503a465ede251d75b2fc134ac3	549a81ecdf5a33efd717339bb4f5aa4068047540e080a6d8b6c4c6cffe39ef4d
CP0441.md	bb79fedae84c895dae7479110ee4c7ee6f699990283bb3357c1c206f71ff2086	ff796d28d7e3cf79418bd3581ff09aad51522099eaf6ce8d2976c448b3a21ad9
CP0442.md	5a32f5625763218241d4611d1c0f175a91efb33ca79b6fd1cd5801f759577e54	9e9b0836f081221017a7b986cbde4b32424a6d904bc210cc4ad6fec87476c4be
CP0443.md	76af62662ac2ece14ec47abba554bac856436625e95b34c15bc8e3ab76c2a072	d73b751f57315dd6a2ffff866dc09399eab041b44703f0c4d4e0416072e9914a
CP0444.md	0bd99b3422cfc0323f72fe1621911998be87b717e79d999a04898ddc833a1298	9750a60de1740cf18d91188abbdd32cdb9262f064d72af23d7226d6548c328d0
CP0445.md	7ae65556c265af85f23e2e0348b091c047b6f98ddda145dde0198d36b7a9ec79	4beebaf2262c89b45a55ff1346579c01e3b1f5cb4177dbaa521bf484b7a68f01
CP0446.md	4ea2a52d926640f6a47a56a5e64a5d67d9226ca3a4dab3ce2e4c19e99c26c6b5	c8a01daee851385585041601f073fe173e2deaa0b855679298512cb5394ff04b
CP0447.md	09f077d7a21ec45763216978560b6c5e25e4d128db416dc4575e78776feb9769	0468865a2dc1ce0a50d1e080f6b57009b8c6fd36e0b1c48e591467e75fa69a62
CP0448.md	1f58297cc0da1f8dcbfc3ce7f91041d616821950d9bc3c0bd90543aa29268ac3	caf7f2232bb1ab2646bc7b9974caf104bb689ffd199d43b63ddd2600157a3cb5
CP0449.md	561bb1a7d4e4f0d6c97d61822921fd4c16adba5e96a9a039105466afad06228d	97404e46bb2f941e5d739b45e1d1ab7bb030c47b6ef09d0ee54bcef5ba2c1987
CP0450.md	92b4cddd805ab6f01712c5956d29a68e36c05631b87dd245c1b7dbc3c2bfe111	81fd12ac408be733f033d942381e335c388d2f68030f522891900ab8beccbcda
CP0451.md	85ad00cdbf3fbe792c61466fe19cd554825811a027d90666b6000d31c79d625e	70a4eba1fe0bd5564bf3b17f124e4bb74b023f253ddf9ed4105ef594679ea23e
CP0452.md	d4bd71328e536d1689d58c9dd5561e668d8b2bd6034497b7f09b6f7d43e7f308	4d22e636414774f1fb3749a869143c762cdf35dcaedae0971683686f51ec16dc
CP0453.md	a4b43dff48e0c87eb6a390c6e451c5a95e5b2001f4d219ff9c38b4249b15d7ff	0fefa893450bc5df12e44334874c4443aa1a941a9274c968ea29324d4c73b16c
CP0454.md	be96d0ec40d2990763240cb7c4a5623367cd39bbb7bb8eb08b0d653c1ddfe570	254ec144873f14d5046e053ca1d82053fcf06a59253dd9ca9c6884151ed613ca
CP0455.md	3e94fbec7c473b713e873d6eaf053509663b9862c9654bc5103b92a19af99b3d	1dbc121894277fb5ac70635f649255d462588bc9d75605f6e873920360934857
CP0456.md	7d1a984719848c524774e8bf4a081a4b24aff6f7417c7e16cb6a62d66841c250	31b19b9c0e92c2040168f74521ffb9b66011153f93cc1cf4f2bf84ddefcbb864
CP0457.md	e37f91931a7ef8f8656118bac4f8e2db12039172029cc6f0d8d188409e4e3fc3	12487458c5f365f548337ee1b7b2d06ce568dd70a282e813d64f5acd2e1369d0
CP0458.md	dc68d3c2a310d2c09522ed21465c40942f5814bd7cedd72d4143a1053c46ffe7	01e1ca6b2e746c6df898f309af89464449951a1b4eb34b2b6f77e1081924e874
CP0459.md	9a4b011f919c223404cdfa3eed50dd322e02e60226706389dde1cdb1112f1698	4fb1714f0b3b77bfccb2c25b0f451fa274c3ca27e9758c58707ba8a1626f5614
CP0460.md	926a89e04ca872d0a67f902cd46f9db753559317fa779c14f349b025ceeb57f0	93373f39b3b12ae281e92afd0853261725f0ad71afceeeb540275a402e7b1db4
CP0461.md	e849117d2f6c8e67ec906f80bd10ae99ec48da87de3598d233c3f243609239c1	d07e4fb6ab4f1f7d8d3ff7a0680b9a5f2d1638db2a6684e54c89cc4b6d49d871
CP0462.md	695bf4f448f1d1af58daeaf69875220351c402ec2fe8d81cbc47e5b8e072c96c	81870d8114c764b545693022a37503ccbdd4479c20b849c02f67524a70aa3833
CP0463.md	3f44467af68ff0fe9f3665e25b1681bef554e06ff3af8e58544ac04e8a66d5ad	e168bb5da8bddd92b7b96c876f7508ee9e30272a66307ecf4db681f4103977f6
CP0464.md	77af9c6e4a1f8be4a1597036247b32cf8bd95ffefaf17aa200bb353b57f92e2d	32a0cf064fe4837afe480c1166dbecd0ae37edc0307723e1049ce1baeddbe9af
CP0465.md	6d53db4e52c2c1e123e66bb4164b78ae9eb2b86ef5a5fa025c4663864b24fe6e	5cf4ea777446961486e418133e720ae6206038ca0bd125cd4ba4f4bf30f3bdfd
CP0466.md	0e3ba558723a81162ff48bc59a462c24b0144808dcdedb83cf6731d4a5dcaffd	52c60e24448d2d65853b9ba4746feac0c9dae2bb6898f33e26cccef6cf0cf2f7
CP0467.md	e9b717f977d223c770258bf1998d736974a9e6d00bb8c52341880b432859c3ef	9f2bb7bc840254526e4aebe1e133ef3d9ab4687f8381b6db59b00f2cab716da1
CP0468.md	8b5a4aebe1fb6fccd75150ded6da3020ea9f863667a44bdac8366254b59a4404	2305da57f71836f048acd1d9e97b5647dc54677a84774f29bea35eb8192b7f75
CP0469.md	848ba82377b9f5727441f981b29ec32cbc334e92cf91b7a169961d1c7fae8039	245108e0cdc0cb10ae604351b45e2309207d2b81b6ad130ea44e60e63aee4490
CP0470.md	4c399bf682a76860d864deb595f7e01acd25e5d5c37d3bd349f9a9cacb036152	762be9efe5b0376af7ebfea53eba2cd8b5666c21efcf7e53e6e9de7380db2234
CP0471.md	a0bb381ce1a8b56b5c11c7fbfadaed2295690ad1b6553ea2449a3d2045ca1d44	b90a7f134ab34d660f2522f733f8acc0912a3591f6ce1b6083cc9e4320b8b4c9
CP0472.md	615ada8bc48445cdc9f2635f32174c895cdc204558951919ed70de9657c76a1d	6a410de0b7f08c2e73a6ac8c9a28f7702073404620804e5539c158e26bb3c35a
CP0473.md	270e5c9a128d70c8d9f500b095a4fc491db0137bf7cf979d151503e89e0118e0	5f157426f1e2c8e56dec8bd60dd3ff662a6e09b4d4755df3c08dd10f8f75a8ad
CP0474.md	dfccd8e84a62bc7b790fcd4197084edea4a63815da71a589b5b04b3984419e20	10a6eb7f1cf6804cc0207d9723f1fd31c3dc33584ac87ebb10b68122e166b1fd
CP0475.md	d81e2c3e3b7fa83d55ba9899ca41c97f0b9fa2e7d7d9d33aadcf8284dbee8697	4bb4eadd12dfba882cba8924c6fd5b6fa810b379e7b69b8ef27e858d31c4d170
CP0476.md	f8d1ad2eb9ec051469b902e5b138fd44c7a9bc53520cd3aca03e8fb48139f5e5	d857cb23ff5199e14436fad01b6571143b5ce315d22c1e8e76b4915059b83304
CP0477.md	e1dcfbb695d2467ceae5620c325699a7d6645e5cbbe7d796b0de50e184bb3440	df4c2392288a6465b92aa4977ce9dc0fdada6e96ac9265f11029854ce5fa327c
CP0478.md	8ec52670ace8160902f59050ed3f6642af86086e73b73fa30ad5166efa787715	1b0dfeac2f6e884ed6ba27d2833d6aeadc0a96f3013ed81ee8c9cf0dcf305799
CP0479.md	07dceafb496a61b76bf3542ef791050421b4d06b1a3c9e51ea7fa8f718ab3fff	615073c4eae8b37c733a8f2a9f4649e1cd7b34ae8448e0671e5a0d50301e1eb7
CP0480.md	c0e4c53cf6ee0569f3fe5fce824bee1824f0f2121f9319afeff4b78c92739ba3	998550eafba9bf44436b1a02b1e340effc9d63fc9dc02cbcbbb9406802ecec4f
CP0481.md	72fa68afb834d77888e540ead68b1b5c6a88c9d3e87705de2b89e06e48436d04	ae71119d6613d8f2a7039fb29adb0ffaa2c08969f6a63d2435dd63d36b1f77f1
CP0482.md	e1c55ad732372e105ae5be4c02611b666d2106ca6f5d67413cdd18b3603cae1f	5194482c5d8411a3ab55e4421b6fc589ab4eb4d4ad9b237ea9ac1b4f39888b0c
CP0483.md	83730d5ebb15bc0738cf3991ac1de17c8e8dbd9cd7c9a125df5d1fecd5efb2aa	d6994377bfde621729b0fe4b3d890f5319d8fbee46a5de79e4a31200058d1044
CP0484.md	cfab6b4c844ea2fde755ad058aab4da35289d005897baa9fce6c3221ed4be39d	34ba46586e90522737254936878630e8882e5adc927fc88872054092e0ad039b
CP0485.md	47f1a4ad672a82694587351b2b489bbbaa618beed2d0d1ff7d0866491aed1a81	02858c315678c89b63d4dce2e05e1d33981322b3235ae72c7adb30a774004c0b
CP0486.md	11af1d66fd314d9a4df011e4d211b3f25c9c470ed367aeda7478fee8195c8498	eff8759dd863bc599d3a9d8ee6cddfc7f6576152fb1a6ee26e2183796f6d88c4
CP0487.md	89f9c48f4981703a8f5bf1736e902ac08f7d4fb6387bfc2b8102d71dcf61afa5	8e7b0a9f9a9f82e08fbf89012501664602fd0d21fdf07786a2f34e1fc8498c9d
CP0488.md	ca8ee309c749626f553b1fe15e55ee3b10d610ad04a3207b41e53380b191508f	570795cb998f3eb5ee128910dd7283a8936c3c4cfd486ff1ca1717e2dea450c6
CP0489.md	8992bccc51365ca30fbf607d77d81517caa75269bef2f67dd2592c34c30dfca9	a4b4c7229b683b93aa2877cd62aed5dbbe3d1b83f806484f2f598cf04877dcf3
CP0490.md	0467084f3e0ae83de627f792e1dc040aba6b30150b43a620d74b3a323398e32e	da5a57caedd76506a01d690d0a790dd6afbf66d31e0b400a875985e618a413ea
CP0491.md	890dc499ec6c2003edba673f38f238138aefeb021d797d14888efd4808f24ef9	5ac3cebc8205345aea1a93d78518d1232ba9e71dabb12260aec004087d892283
CP0492.md	eee1f94d4e175cba1bbb26b2aec8f039dd9bc8a68ae9c3c2f9a4c4847f1ee643	47e252e56019ce6b35e523e6d0779168e8113ee91fc91aea1924824d2fe29e3e
CP0493.md	01018763419388e94e73a1252cf044ecd3ee0e60c1c86bb847d28a320a563d3f	e8f12f3f6cb7585d86be90b90b2a43ff18558db593921913bb5e48df80397d26
CP0494.md	0b6d04f15923930c1893c6697d1028f01fff09e3e1e807114b28a0dc1acbba1b	77fe4f370a07ac2f178dfbee0f80137afbf52302b1d9ee2c8bdf5ddcd9e2a3db
CP0495.md	cf9ce28f289ef53955356dccfc4eb45f7d2ed81a03a43e93676e06b2240d4d78	1adcc3a05637f343c49ee70974a9dd18e42a9d18a98f8cd2f91478912b4b2721
CP0496.md	c11cd5bac1921a6ac74bdbfcf4fb230ef7859841376b2723e6a6ee17b8bf77a9	e1312bb338f777663002f0080cb0ffc0d8d2916c69ec9228c527067d2f0fe500
CP0497.md	fafbc3e7fc5a80af8159ad9383e28b794c0a9168e2abcb81b10a2735060fa717	fae10299e344776b556fa1ab4e6665c69183382f11de74fd7ed58b144616106f
CP0498.md	85635676bd87017e4b5747821006c9fd7f816291d33f8236bc7f2e6b8f3698af	7eb193ca3b3d1ccef68c892fb23b85191b57c2f9b2df3c337050245c88e4d41c
CP0499.md	47c24674a15d69f8bcd1406ddc376c5808436b32675b3b78330769bf02f5656a	fa864176d2e46c6b5d769c302bf88a0ee7fb7988ced2777dea8ed9893c594e04
CP0500.md	919f5aa66cf021b020f232f007f5f4b2470cb59265b6ee73605818863ac608ea	b738b97ff5cbb7d28a4eb03d3f7a6307d4c8f3af6ff44d361dbb20b6d5835323
CP0501.md	cadd6ed16f116b4da7b5af0fab0e72c2df01636a6836e13c090aa2fcbc5e3447	a3c417d3f0cc01b0cac8594ca401841ab6b710b712054f47d301a6513f2350ac
CP0502.md	f6cc016f5bf65e82fe733e6c9caf90fd8ad034ff967efeade0ff9028785d82f0	2cf5d7714f273a0c6af463c4b0dad0ee93388d2016ca1888653ddfa7f8f4c88a
CP0503.md	974c6cfd191b6a9a2bf6cc6f21bf395a054d7c067856ca2af0aa31af74b5b7b4	26e5e53046ea1af38360148e32101cdd82da7800d10e98d88eb8052d7353516b
CP0504.md	912bbba7d5d5ccb3221b80972fb3735c30f732c933e4cbbb54641f836635d341	922c12a14f6c19f8f5b3de3394143789e3d6d0085bb2b9da62914c9ed25364ad
CP0505.md	7fffaf88b09de52ef92e221a81a37f570610300ba050fe1b1ee0763f25a2a783	174899da080fd9a708831cc53b1357d90c65ff355969dd3dd2863a1a50c16f34
CP0506.md	5fb3cf53ba8f1b9e1510afa87a680b0733a472b7f576f60ee9c5a6e4c9e18b5c	8be98fa72c120892f1f0c4fc5a4e7028643da38b3036ece1fc3ee94b17f537fa
CP0507.md	9a175ee0f91f0e925c14e033822ea20563cbff47b5794920ff27aadfe40ae9a4	b3c7a9805edaa7a3bc625398dfb55d8be73f03f23f5709217bbd4c0cbf015db0
CP0508.md	9418e5c40e954baa60c53a43cf8d1d8c95e759c29e6e3d3333c968764026b705	d72ca4d901ccd8a3d7c62e959ff7028b6c257b46f81c5650ee5b6fd3633eb4ce
CP0509.md	f6619b42a212eb83265cec952d6a636db00b827e4f5ea869d592697a95a90222	983f6eac97b30b073f9afbca9ed48ba49efadb552770eecbdf3372547ebd1c68
CP0510.md	146b90689c79951b388981b02e28b528af61c11b48ec81f722659d072c8f9b91	47c05ce193e5e46184a164376db9f717bae55e7f77b5a4538fc1051a85be2d55
CP0511.md	f9a5093eb38b445a6c2c8db282580471d2e2fd1ca9493f9743c4da9509bc110b	c16275deffe37fbf801a45196d63ae3e821d85e6043feb3d04fb8cb944a1fa7c
CP0512.md	9a5bb2f69be3aae278dcc9c32d99d448aa93863a118952d04a06a7f4abf7cdd3	538f6bd672c98e9aebff42bd9474e8921fbf97e942db868b1836521284550ac9
CP0513.md	62f31238ca06da6aa62fb11e29f35e2124ff6164dc8ef825c255118f67b7997c	0121f3517ab270fffa407f6a610c86d0c39c4d2ff340fa6f6cadc44fd57076ec
CP0514.md	2b4191c2e6a2d324ea0753680707eabe3c6727e5e39a1bf2c829fe8978cd9bb3	70d9ed5ad0cdbe39dca1b3d2b67c7efca8ac64c26c825b9aafd74de9b46b62a2
CP0515.md	3e9102daa9ae2d2fde85f9208e2bbfdc24371e2ec58328f96bdf68bf89650dea	5d47a954fe19633a0e472593b492751ef3d559d8f1945411f6f40d02833a573b
CP0516.md	3cf1a9181dc2512aafed99d47cc23144d853b20767a5ee12fe808f370cd5d7c0	c46f8682606e1ff7f36871b8f849890e91b6d6c7b822937fa71b054cd68240b2
CP0517.md	fe1ac776b9937f550c1e5dbf5274960dec7ecd5db5a0bbdd6ba9002cba0b25cb	82d82fda487c0958e1a7cc0b96171ba61ccf7067277130de3d91d1ad706f650b
CP0518.md	7ed77b99f978482131f3e0dfd525a4276cb16c862e6d240a6c6587c7ac821d3b	4eab902e447d30a441f577f23276b7ee60c3f7001fb0c6fb9b9c60192318b805
CP0519.md	ad231c1d34b3b0be50059588adf08066a0e020554326c9033633e15a0afafd29	631c758884d4432edf849fb11cfe5ed954e736f7f4f7ac20516857400bdb2d95
CP0520.md	7bd35ff730127e1a4ef7f0bd3a4ec853a17dfde8e62f1d88725f6d6af27abdce	eef7478cc476f336c9b49f3ba6cf5a2498cfb195c9a4b4506c1c6bd0eb8415e4
CP0521.md	d91804595adcde77c7cdef857c99a2581d6f6c5763f2c424b16e0e23c3e84d83	55b83b846f37e65d3a0e0460ee5f9c130592eb6495173f69ba09fb12d2821d89
CP0522.md	c3034512339d17b361e78be34ced83e62fa2d2579cadf670c94e33368dc55bae	39341017a338ec1f2c0d5866a52c98cd4fdf4abf5ef12b765cdfdae934c19daf
CP0523.md	c7bfc80e117e958ff08650d60e2f1869a2f8de1749b4c95e6cb33ef2be333333	a81e1412421e745089f7ef3d11c282c7521d8fdbb90a08a23c0a7570f98654f4
CP0524.md	d6e379476deb11c142617704f7a302681e33f50164ae3efa73747c3978eed47a	253b8a4703974ee023838b5c7ec6736acf3a619b647386cb31d7063274338e88
CP0525.md	7e59a31c8a9a42b57d8bd8ab1e7d7959d2dbdc71f826270014f9214e34314ca7	b629aa13c14ad087997fefbbf69569e275f22e4ab4862674697d2184bde60b72
CP0526.md	e70233727dc37cd82f9b97a3d9773e0737da0dc75d48e0145f2cb88452dc58ce	567a4a5013b12a76ee67ef9fe33dbeb68e87a63036cbac97ee0efec8ffb223d4
CP0527.md	88cf775f11be0818f0ad17316081736d3473cbe4e66c510c4211c7dbb58fbea9	790e806dbed9db70e686d2868c003d1bb4f594946194b4b71d243127c23b7927
CP0528.md	6d97aeb3db40ba175604fa4c683e070c789e934946309f9628d9c60c21ba9ab0	c291acd0b8c55f71c0c670fe5f915f92aa7896503a3793b489570001196c0b36
CP0529.md	2292fbdaded7f742f31a6807080b4ca3261056fe668ad5ee8910337ab60698ce	6bdb4f8f0c3d41ea30c8a5e90af8ba10a23a7901fe4f64486cbf14f0824a6994
CP0530.md	d494154c7a019ab3e9b78f2a71be893250eb54f1d61027b09c5b5395a3162436	605ef75936766930fb7a0d63b5a56c8fc0c39fa15c764663667bf961ca055113
CP0531.md	87f4bf56447601cb3e6bb5b9b601f1dacd2e51461939054f6e0f5ad4c67bb6aa	ddb5d53786194dfd9979c7ecd15ac3032bdce68f6d62af5067205eb0eba090b7
CP0532.md	c9719480e0d80c4909b7a6dd8e6f85a88f79e1b5eec78b11d484b2e1f3a07c14	80ad7739a5684d4c9667e2b616d3c85500bc1676083b2945f8c72a18124507e6
CP0533.md	1313b3a228dc9c6f1d5c6bbcebda70ccece7f35708842b8dd986cbd92d9354d6	ddfdd0b7b8459cb3dd30048398934cf5f7cba746842799cb7f2b472c71788307
CP0534.md	044498a0f921a538faa91cb22f54951fbe5d441e07e44de60c745e38bbcbea26	199daaa55bf35aecc4a3c3203173ec4a60f63caca502ddfb54af187060c800ba
CP0535.md	e70366ccb7bb01ed494417a948f677b0913d33aa6b0c00da844916d9e2372460	927aa873c1332b0a9a31f84053f1e155ea723df570c3bcf14893974195ba6c2a
CP0536.md	713b80c29e80e893d1c2da491c5f11ca2c0297fead8f93265e980d3d70dc8a11	24d9b6fdf6acbe92dee2f3a2f063517796622faa2d4a2fd56f7b736933a5227b
CP0537.md	742c8fc301aa3b2d79019789d5e6a186938d1942525084e3a14ccd4b832573c3	5b2de2f28f95f310a5c6972c96646d3f3b3f56d97a75ba186e745a2c67281723
CP0538.md	4cde8f74107ed974aef75bd26aee2fe6c479b83ca4edc39de038fb0e7ea8c30e	7f5e60df8c9ba26640d10e70c7b76a850308de10e0e78b7412468a0a1a47f6f8
CP0539.md	f019215c39c6e8f047b70c898a3c2907a40ab9e9bc98076ad45919b1f2527f63	94dfb5d1fb25ef51c78a769e5cea9dacbb353fdefd4c68e661b464d109d2c66f
CP0540.md	ed9b5f932cd154868682d1d6c11d20b343a7abecd5da2ed5d70226241281247c	1c7f0377b5cfdc6d611867e777b091716116ec4ee21c8a16c1b839a3d3bc43ac
CP0541.md	f98f2af383c992f376e5a2691290c87bdc69ce28a4ffb1da2c0fd903c64adc23	c31b3c5da4e683f44ce9af529129a6c2bd8e9721d1155ec578c1836e602afe52
CP0542.md	2dbe4b7c4feeddd75ca10c3a2eeb04511cfdd908650f5f789e95f1d5c5e4656f	0193acba44a13a25c02f82f3eef933f04b45ba2c1834dd3964e76fb8ebe45d1d
CP0543.md	f3de2354007cd11a4adf18763f19d8f1273d92151104d41ceb374f150ac65295	29d139ff774383934367280baed675034c11d7c64e51a39216d304bb2d293285
CP0544.md	5cc1f801079ee50a06c51a216840bb788519f985aeb5fd114fbac5d2138c5e6d	72f2eecabb90d1339d12fa0e1f14b92ca8fa4b7bd1564d5bf0a7112e98b67e77
CP0545.md	25abe5e4e9e642183c854b4af550b3f183dea0b6214bc8a59a35656a9faef466	61b7661f8b719adacdd13c9b38f6a1c8a55cd0dd1ab969f1ef9103d9cc7e96cb
CP0546.md	7b87748567333c34b68e3a37c9641b5d0c0363bd2cf77c3a8956914c7dbebee7	d70fffc41908651250422787fab4909de3dca4cc7a6244537033077a6b11c282
CP0547.md	91b4ffa59fdfb2dadfd20cc188920e6a7f03b9b20782029edfb72e6a74bd8a44	e47d6da3b3855612a6d57c22484a875efbe1907643655bbf98807e1daaa3cdb9
CP0548.md	598d6eb473dff8477c4e1328f4fa8147cb5b24cf1a1e06ad5b1ee2c292c701d2	09b27a190500ded5cdf6ef3ea1d939277ae88bc5f862d3aba8aef7e0bdc462ad
CP0549.md	9bf13f6a4f1d66f971f5861cddc9a96d5ec870a4e48232dbbb2e63e29b32bdcb	db4d1ce759167dbcfc51c7e451b878bf7258b2239811afae358e6fcdd3705b0c
CP0550.md	c6230592a15835761c40146fd6cb5ae81da8404fbd4a123837264cb0ddd00f8f	8f73983a8ba5b469949a08490ae39ef21d5ec945cdafe81a8274f03fdbab20af
CP0551.md	0de391329cb38823f4527b68bb477f430d8ed428de2b03cb43592ddd8a234552	4bb1642a67e8f4fedb657d2eb5c1da503e5e34d4dac3ebbf133a84c032931bd9
CP0552.md	31f2cb63cc8d7f318340ecae65ff74758ded55b41b94c1ec9df456a66e1f4dc7	6948b501fa8b5b7936e7c9b36466f01651259ec55b315f8155aca5fa7e629687
CP0553.md	f8ed1e95add8d40c1dacfd1bdab24ef3698cd569c61b8018b9b635cf524e06df	16b9a932c25fb4e75a06c7156128ea24e89d677ee79f5ef33853bd2ec03d58a3
CP0554.md	03c1d121b217dff9f86984c55e9e1e120e654f91eb6866148e45fdc441297cd4	13ba59b09e2b5412b1eabd7ec192abe26b49ac2127b58ccd45f9d92768a8a2cd
CP0555.md	3d44d30ffc18074ab35bcde90df9c584d4114b03d15a34149a5ff70b8ebaa4b0	8f3f34bae87ae1d81cc4f3be1574c45d8c2bd30250a5c0eaf75eff6e68ab2ade
CP0556.md	631260a9c4432c88eb0b142874f65b42e200dd4bf7c9832289bc53d92f50cd48	8e5418b3ae8bc6e8b9f96c8fb9dea2e6705dd1ab84588ec80f10a9bb495aac8a
CP0557.md	ebd9ce343c0c633c27f8d27e03c318fbeef46d3aaa3d553df688fa7f12411277	2ecfa987837867d1b97a19d5153366dbc5f01d7e3593a3b87c1343fe5c91c056
CP0558.md	4d3d5d4d7a28b52e6e5326b820211a6d4b8d1f48d9b9fe6cb94578cfd2711c6b	917151f1639d04d59dd949abdbe7c2c466b519c37d1498bb853d0a469be4dc05
CP0559.md	9f6e05ebe8cf7d96a93360ca2c766872a0a3afe3357cc3f8babecc1eb6eca8af	3da9d910759126a7604cbe0cf1fffa45e60249a22c554cbaa101f7a2fdd47162
CP0560.md	7f3c41edb7cf2d5e457fe847a720559e9ff19fbf86cc0b9c1d922c29d526953b	6d1e4ec0914de0f8c60f4a2379e509b0abaccb7dec856c1c0ff30eb60817c274
CP0561.md	a085c638aa62f807c162fef7e273511d3532e10a6ce862282a26e127e2bf85f8	17c3ae7c558618a2c307ff6e47234a19a0031c1cd52890a3314401f1ae8c28f5
CP0562.md	91337a48493174e32971a032c7aa097ae7cba60760f50db9566cb55d59c1340a	dbd9c9a360c12c68dadec1afbe9c198ba5510b2314b67e5cfccf5a8ee2b28fcf
CP0563.md	5536b5e93a397530f50c74d4c5448ef6c7512f39091436afca033d8cb245bbcd	0187f3dff580736f3d6be520b343a446cf717e602ea4aa4240ef4da3dd20ddee
CP0564.md	f7b844740ca5f6d1ae9a6207af47b4d8c5648825ed97498b9b5aa7989975575e	b7cdb5b8443aea24794d060e48dcf1f161101e3510661391331da7af28a63369
CP0565.md	8ae6c6d1cbcc828e4f122ae1ed9733d3c6876a89543b2e3b1dc058c6c248a651	018c8f11547d3b759995a9bf5002e0e4a832f60e98f150b9bf0ab5ad62fb6d77
CP0566.md	a667c82fc98a117755ca83ca5d463dbc0ee87be21c14de2ee799cfd9aae28934	d41c7e1895b948e7e7c2ade4f4e01e7bd6c80f76f46c9e74718d15a8c4a457be
CP0567.md	6dd02034a9b60c52346aea81f13638ce1f4c151a71aac05bfeee5ad1ff3d4474	1337a0c25ac6a9314edfe689373bae3c52b80c141175cdad6678ca450b07cecf
CP0568.md	622a72a363aa3cbad9367bb66d7428603f5168c60b6aa3066291b136332af477	009fb94e4646c1593f06cbde350d10e67b7e0536ef4456886648fda027f04139
CP0569.md	349d2eb6eead12eadde4baa528e781ebc151dde86a97eaad47b235f2ac3d3582	acc3c1a23948efb56f8d919da1a666552f544a046eda36bbe46854ed88ed07f4
CP0570.md	418e175e1adeb39ccb8ec31ac21290a6b6be16af0eb541f6a600550863a198db	44dd37eb67c6482d74b4bf9df12bdd10d6b7121065882faa07bf489a7e6fc0a5
CP0571.md	95ac753ae66be2adb2625f86b69b5da9814a2bca37d5a31f65a28392f2796557	2e8b51546a693b4a858c95b117220e6481ce428d50269f18658244f0726e2c6c
CP0572.md	f688b636736ba664673cdbf4b426d7ab0322bbe524f9a9b11f729ec11c419170	a6e8cba67723d80d93f800580dfffcfdfd92cedef99cc4f16fc9acf2416e6e13
CP0573.md	3f8d3d4b3496ba70ca4b87a428c39d979f1d00c8cfcaec74d5db083a2c1cf8b3	80597aa44adf8cffcbae730ace9a7dee296f6872a35d9781be91f3125561df20
CP0574.md	d6e9fb146d26b7558fafb5848e6dcc8f8165f39fdaad005b65a777cc04930beb	f01c23363f1c12f04ac2abccacdce1ef8d81212585d95f5075c77fabbd2f88c4
CP0575.md	cd2d19ce1e69074275aa9ea915e87afa6c834fb734b1610e4f1072b864b47993	cb0df9acebb6143d18638acce9384ef027bbde3c23a7f5b57676ac1e449aa619
CP0576.md	cb962b39a75a985b6ae209efb8b4492f93007f96a790d15fb0c82cb3c87fd41f	1b77f008d84c0de7e04aab40ef49f5b2aa4ae9fad229e61d4b4a334ad2b958b0
CP0577.md	e119776118c4446365fd16e4f764f9f23bf54fd2a6b77be6e1d937f2abde8922	5b84670d204a1627c006297a16433bf6131fec04b17c65a0bd66b4f1c90d8028
CP0578.md	75bc3ce7a867b5a569b4dfb3d09d327ae317f519382bac6843bcc09363c626ef	8576f0dd09c678a1994c991809e6c8d142d0798cd7918323c5fdf08a3fbd92a2
CP0579.md	f130c372e9cdebe569279f91e2c8eaa95e5c299d8c4f349b1f8f44866e1c6ef1	7f96d52a282d850d9d686231793f325e58fa3249b0ee7fc7ed2334d93bafbae0
CP0580.md	0a6ae5a7efc59107b4e9dffea14f6082875dd4971a35eb58d36982398bc364b3	d9a13cdfe6860e01dfdc70b2631bee1381b6411ff7e226cbd9cf3a59bafbe964
CP0581.md	c043b6a545243b47336842af3602dbe6545830e193a43157de00ffb5f427530d	b6d397bbf09604ed5b80dc439badc31f39fd56cc04c20253c4ebf5be93ae72f7
CP0582.md	906f47549c8a9246523738c4920a4877de094a4a42ab61bfb98e95e91c27645d	c85986c4283beb12dea949d4288907fb1cb37ac0d40dbc94b38e013d314d59aa
CP0583.md	3b45e17694f3ec166574a48a8a51a07bfcce970a34cb2a4f9933911c74f7f5d0	51080e66c04fbcef12fc0f4b7001d91b6aa65078393dda7712c0e49dadda22cb
CP0584.md	cdd1d447f8798f1e861df33d05c0056ef32716602fd156088551eb9316fe55e7	d9a338d05592de1bf5c0930a9c66999a9db2ad19061a5e50bd7eecc4e410ccec
CP0585.md	04dfaac3d56bcdc862edd00224a6f10f26ec3211eeff3d5e8d2b39fffb5b4e16	f4e07fb7ee0d1dc988eb22f2a3a0daf18c36f373da29e0f37523c61e9596c5b9
CP0586.md	08c770e27f2387f26c20c72ad7a5f53d2165a0f4b98892573f76b26b5c2977bf	b2571189b3163bb6d4468d0757efa861cc04dffee32378a58e36c2413298034c
CP0587.md	65256977f8c0fff43323fb76b5b7c006d299ce7d8472e0d500b833cd5076abcb	e8de321ff69139ad59afd017e6d2d2bde2dfd74e7ed169c5d916164a3c3c067d
CP0588.md	e29b106c41d1a7623a3ee71c2c3f9cf8b1d63b60a6998642bfd664501bc15aba	0c87d2b0157c8fad474229784936af2258dc46f33c73baee3c2318d236d1bb87
CP0589.md	c4b340334a30b8c5e0e655d1e59ef3a41e8610833b9c1764613e9f7c4c417fad	9bb95626420daf0db246a054e7e60283c4d0dc4cce8d0bad92779248fe2d35ad
CP0590.md	956dd7648fb1df71bc26e710fbc2c90ad5b5de179a7dea6ca42aa06d84e78f51	034835f0a68567fa62fc2f4c2ad4c02f51f38498604371ea2f68bb04c45972dd
CP0591.md	441e715d3ad090f664da25ecead6545e6a0cf5b0dc04225f6ac1462729b1ec68	5f8f7d8a6d3d906ce606e65d0153c809645e8acf9c3d079989a182053d87d958
CP0592.md	b10f9d1a44845d6d6b28af519759dfd64576f9d60771f87a356c5cda30da6319	e786a5eea926ddd1a5e6d3088ecfd7a9fa1a0a4a0b5c22efa251af6c2ce93f55
CP0593.md	879ffc1a70f2a0134f5fff002cbc5342525c03f39b258784e618f0203f665f02	be91dd711e0ea6ece4c8bee41510c76cba9159dfe8455e39a8872e420582a398
CP0594.md	8904fe428c55543ede0a577d79e49930c54d9f441a61152f2a040070114802c8	056f8a175a283b02a50f278a3618dd963379a45333b157652bd66e7c52a923ca
CP0595.md	96c9a6022878e458484c7edcf11d88b39f6b276252f0f506d634706133219c8f	02ed176de0c668afedf577f4a3ad843376363736ff3549e4932fa573183836bd
CP0596.md	0f42c8b4cc5273808edbdd317be2d9caf5e332f1797a4562750a5784044083a1	e263929d6f0cefb857427f4bd59e831e4508de808e1133c2e812cc3d1906e0b1
CP0597.md	c0d189459a44a923b171ec5d4ceb54016a02ddc7c87d3a34204aeb43d5ee4ca6	35a0c28838f187d15ecbc73cdc9656042e3054e384c0543f749e719694fb7f48
CP0598.md	2fc29c332af76a006a2b8eef4cdaf1a691af6e0cb07474fe164a73931cf5e014	864bd6f39b59a4f2c02f5feeafddf2f3d3ff48ec4f23ee69f4f8077868ddbbb8
CP0599.md	e8ae31509cacfc64c7c6f46414f257e02e92768fe42f40f3104254c00865c172	1bddbd4c55e723864066c28351b257136df048a727accb35c10c61b988e8a69f
CP0600.md	7efc8b4448b786a3e5101da1a1573d4f599583537c4ad9cb170a4ae84145ea70	7b04802168774cf718b4457f83d51405dc520d0222e3a37a396378ddae89accd
CP0601.md	cf73248d1d8de2289479db08f464410f79e08685437a16b3f127004b3d3199d3	ee37c393aa6082088887ce33331e094fa60d358443043ba5192465bf1d63a90c
CP0602.md	c2352b401da75e2f70ba76f9fd2575e0d26dcf0eb3f539d5069c07dd5df2108d	e012680ad1045e8560034613db563896be8e1958d0613ba78b5881aa845b704e
CP0603.md	86f752c61ae4968ae2ad86218957950b84136fdeb8d4c6143b664381f98b8455	4fafc726e5f805914a52e046fae83a92e3dab00495f1b6369de49b1e313fd8aa
CP0604.md	ec0b96e8b83f4c0b7264a5b2ea92528ddf1fce862fbc13f67c1bff5a7adc4265	e55a1407c30adc2c927855f20a80f353d24025812d0bc24abd43fbb2bdb27dd8
CP0605.md	67911703453f78364c2f0b89048fadbb84add065d840604685d61a6b9abdca8a	080cec9d8a984be6999d46dee894a94339b17274d0cbb5c3ed30d8a3708b886f
CP0606.md	e20069a84d5c8e2262196f67f2feb9f44f7742bc1531ee0c9842dd7e4a844c1c	6083623e8effa7498d35f44a5c8b1c464194ce412ff62dc573db32e721ccf4aa
CP0607.md	cdcb0fb05b08dd40cc243dbbe5818a9b6fcfc269c6c3734398c647184d90dd3e	fe334d2564640e068eae3ceea246f0ea08bac62841314121f13a3d424d9632ac
CP0608.md	2147648d5df4f08785028dedbf559201b6980415759cee799c629e4d7ef78e2c	b8b405cca4dbe72ab97ec2407b0afed82d108396f5c6d16576c7fa3d11aba85b
CP0609.md	e5fb194c67d7e18c61c125381d54c339432e433673b64eccfca2d2583ac420da	88ec71f77ebd1b12b7499072c6a11a2930eb34293927e978860119477835526e
CP0610.md	71bbdac8f3f941c03932f8c99a1900c3d237393e5d944b584736ecc32f397291	6d77a9ec6898230693b3414c48c781e3de0d28d04de62901d821932b46a556f4
CP0611.md	af297aed6a62f6ce840b48b7baf96b43372aec49c47c54ecb67d2db25fd65b57	bd1c0bf2062a2618c61b44aa4da7c79a3d6d9856751fc09ea1832413b1fc0c44
CP0612.md	dbd82855c6c7f18f4e95484cf392398b9646455f0c49440c4937efce1ae94e29	f341d7d939ba63f74de8c190dce05d46af8799e2deb2764009fc2f0329ceaa45
CP0613.md	26e4b10febdb193dbd67a14a8c977f42dbef071012222c55185d2c57750424f2	fe98a3eef4b10e521e050ec5f864a5779b626feec9d10b1bc1489887128b9473
CP0614.md	45f9d34a594765367f59182e15ce82ab155d50106b1388b40d07e1a2e71807f5	37be10d3c43d4507e9a9f7eac4c8e39c7c97bccc73ab0ed831e7055bb37f19de
CP0615.md	549654602b5e17b98deff99ac8ca64e6e6ab7a1cb209686787bb8f5b3abaf95e	9c8c9ea12e3d3dab538d30cc72af64a82e673726c697fb67c2073e9c4a7e564d
CP0616.md	84257ffb4b54adbbcda3cd443ddeef6886a981c87f68853442d75e75046bbfca	048f7a7f2cb2b745d0e18b5197dd26f4af031a214d56fa6fa17b64b598275dec
CP0617.md	7d4e1ad8609e673f0e70b8bc96dcaa6b79122f335aee092539a75f45447ac3d4	03ecdd04c7eaff8ef70e016ee3aa762ed3af43b16a0952fed6e00cc5f05464bc
CP0618.md	cb9eb2f4ae84619f9de20f26ac087b97f009f4cf999d742df7e5162f5ef518f2	e607ede0e01048dd4bdf5680f7321ebc3d3054582e98f38d324e1ce0a2ba5198
CP0619.md	f5e0ad9c6a3d9347032fda034c7f4ef8d9fed77164c5360d6ffc1f56e6b1e7d6	52a398a678aad84e0fe6dab9e589b04411fc5b08961453ff2a3a06cb3a2a0664
CP0620.md	c3eeace26300e46e3080a3e720cfcd80566ecb358c3e6cb221399b76ab760807	0ee75b408a9453737581854b8624790eca463b48db1b9fe8733ba3fb4e0b37cb
CP0621.md	9c3b5b81cbc393cf49436c62943c13316892610066341c08ab80e3957880a9f5	ade1cc11140e4c94f625276d8117b17cb5c825c9c03603b5cba25a1ee2f8f53e
CP0622.md	c1519ed20674a93762c1849bb6af0db00a966930ff8b847cf09c2b684bd170a1	635813ccba8ba3af5c81f7c1d3d2dfddf9e28c9d8ebfe70764356ed1e73d0b1f
CP0623.md	4e5ed268c44ab82ed6681e325e58adafccd002a701cbc0342396385f80108be2	d2af9665345792ec0d56179999c6ed631ad5c185c3c408f8b0c43dc96bf16a68
CP0624.md	d6117261ce89983a6525671eecec0f42be3b4e2859a9b2bb55a658d6c38f1eba	e72f9e131160293e3409a7fb9e3acac61a1266103432c236966a69bad373692b
CP0625.md	44a1ecc1f2b3951663d44ec5af64e45d82aab59cc61df468ed6df85d946c9601	2f64d51dddbcd4f9cf1cdcc33224f042200d21c49378759ff87851328f59ab2d
CP0626.md	2bd1b0cdc17ca5c4227c15a7f290f48165e159db3e3536d50817cc9ef8e4e5e6	7a173ec12da642de074b48b8f2ca32f649cc3f0259f143e6f22efed0cacc13db
CP0627.md	4a7cc37c60312fd9fd908963e2215353d415e3aef468f1371f427fa97b96f001	b0f2f8184e1002426dd1be3370dd2b30abaaf8e6c8cc5968f68e670fa0b8d5fd
CP0628.md	9b1c3b27299d7db0380a81e041bf4839f270beb5d4a843a18c95a9b55f7c0aa1	726e1158949d509346361d9f4a5064bc5ae5e1f02b791da67062281a8db9e7a8
CP0629.md	445a931facd0d8fdc2f88b97daac9b1eb04d6e2e1875699a2072a68f73deefaf	a95757b74c1a6f33925b0d7b58cbdda69b05c8dd9c3d0937a4fcfa782b7861ce
CP0630.md	860c5103e2875ef180596f862988de7de3c90adf63c9c7acd6bf6c4de95aa47e	38d66d0b494bebcd00a7b60882058c40ef587b43616ab6ff896b7102949bd879
CP0631.md	1b143b5fd9dbeb520c5ee20fadb074ae8d97e5e80fd39d1bd0d7245c2be2bb72	b32c00097a4eec65d5759a8492530bf85e253c819b535910338dfafc4d6d5af8
CP0632.md	aaa82ffe54337f3e73ab9527ed04dbb4091a30fa49cab69f599eaaf0c222748a	f69df78858e066f568b1b01149b15c10f8d872ea6020c7ad9c8a1bba96fa2f57
CP0633.md	b8509282270de1ebd166cb49a3bb08fc6fd3848cf977f37d49228e6f845c8e92	75765f6b3c131306642bd18167229e8bfb8524fdba73dcb836aa24a2144de26c
CP0634.md	9622e753a8913fa7dc90c2cfd59a1af5f05254ee903865b7ca35df975e4fd55a	fa0fbaa67feb2d0eb286785058f2cd3126f528b3c484723f1aa2376df5712b29
CP0635.md	75347e7b062d581afa08ae4e33725bcce36b3eff8939edbb6fe436196439a8f6	3af826c9c83dbbc23cfb72a9ed226b1a3f37cc3f126ec164bd3900909ea85c6b
CP0636.md	b2fc3a403fdb9955a9065f48004d206d1c55e138a57ebc0f1805190749a566ab	d2986a337ca6703caf9799f33db14b47a45459e0bdbf88b83aee6fa4ee27d065
CP0637.md	ae791981af78317769149caee0ae34ab6a5e2714508c5c74e4a29ba33560bd35	c3b2c804b35ed29c21cecc3f0dd218d15eef9cfdf4ce8afaa0e88e56acdc6766
CP0638.md	c7d98c0e9721b58405ca12c6d83c328c4abc607ba3edc337cd00f781ebcbbac9	ccca37a46822173696a158265a35f0f8484c79af5a49515ea71f2f1f402633a4
CP0639.md	80c9f620fe338f0d0b34acbc18effcbd41bfd4fbe2fa85886b4da69e11ae6231	a92bd2563a933ac1b348c542a63fab117f1f14970f0931928b1780fa3785dc39
CP0640.md	4fa704f33fcded76c354070617829ba287cd8d09a339188416966332d9bf9768	cf228caea8ce3fbb3493bf199e4f0c2c0bf30f7f41ea055495f7b68e6470f5c6
CP0641.md	3a4ed0859bfcdee03573faa42d705b7705ee065fb6c0a52238d2537ecadd8d2c	4d76fbd8d041365cd2a0ff37d34edd8e99d7632d61d5fe2a5c9ab1a0e1a28020
CP0642.md	1b874c0844d6b2959e4c409f6fe35f9ee987a94e959f19c0f02218f2eff18d86	2ff5853d93328d5cc43d2c9c527ef29c357d92145e0b55e1d59063dc3f085408
CP0643.md	eb34730debb44a1df16f441e01bb99e45968041f6f91c97c7fe076b6747bed78	26ef052debfb2cd01821f0b16269767a7fcb9911f7a323b660471ced9cc7d035
CP0644.md	2da699095d3d8bc7beb6236f7b16dad3b80539de2564546ad6399592e6d17009	d46b18645e070397dd8c505f9452b09195ea92a2cdd4b52d6964d0fe214f851f
CP0645.md	dca322a86e4cb7caa9fd540c0d6474f928fa9f24d462d6628e7de44ff3c93f9f	1baac6a7148a4cde0690f10c3fa91436ce1368c3ee76b7c2c342b1142f49c556
CP0646.md	1ff7ea5e4d67a7681552a2ac64713144d321570a1421236996d9f1ac99e163b7	34b47cc654b07ddb4c9314a048be3be087f6d3f8ad441fa4e862c1e38146a081
CP0647.md	bebf9c96bc4ef3f7c6321b9df9925e47afbe024dbd2f95396ccaab93a4b5a0f3	08a3487568ce28e90a16d6fd3db68719b59d075768368412e89f4e032b7e2b5b
CP0648.md	74c11113f8a88a56070241c0f7f53c8bb99131457d29a11ba8f56ecf23984ae3	d19428e5ada12fa4a571b581ee86a29b241b4e6e7d2445275e5b02623779d29e
CP0649.md	65ddc3cad30497025c14532adbbdf809772f4f0e175d895bc27a6cd324c908ea	59c0695fabb9f90dafbfb73a81a97271ce90df60a5a5802acc5f9788774fc402
CP0650.md	5bb44585d9bf418ea65fa816c518e769708333565212b2932da31eb5d0af9af5	36bca5c9290cc6e23ac4ec1acc47f0ae72d6a9ba13d408ec77d0425d189b9d3e
CP0651.md	467a73fbf599c3df4646d7c71ec60cdd4eb3bcfd668d265dcd9ec5cd00404c54	a08b6f4a241c6b16dabcf3d88596dc193f0b6aadd06b8fc9d6235e06e614dced
CP0652.md	5f2b51a56006b4a192edcd11c51cb4d451c967f1ff86646e685eb1719c34b690	23f7f283fe17b9e17880d571c60f03ebf3608eb23c4e897eaf7ed3bb5ad72f88
CP0653.md	6c38155d1327864f5a77b2366f4c2c7eb2dc292aa5fecb0eafd8cd9bf569a198	204bae3175375886ec9163e5a4f2b7f3098026b561214144022fefad85003c6b
CP0654.md	b0da54b49735df9304660cb02044c4bb6caef499aecd443a502c1646ea0a251f	d1f55941fd3c1f4edbf3b31377f18ee6a3f1ebe82ecfbaf5c59ad5bc428b65c3
CP0655.md	a0798316def0cb193806e0f3d506264fcb4143dc1e96f2376dbb00bcef728eb6	7eb1247b4c925e0e72d463ca06e2f51130b45515f6ba78cad61e5e43701558d9
CP0656.md	e65aabf25f239481af6c9be2f474f69d02af0f20e6bcc7a383536761bcd58154	f84f9edbdbae450f972a4b58203a135323f63fda395914c9d5bf3143392569c4
CP0657.md	2b519ad2ce19806890c2d91200829a70a945bedeec0cb0c0782ff7ac2aaf56a1	770dfcfbf3e13e7a96d4d9c5b3f39c449000c62656a61eec01b34b75f57a67fe
CP0658.md	bccffebe01de46eb69ea75e90a10b5652b28b45ee95ac1af89b2c61aa6839842	42ad02ad3f9748e7bed5b2ddf374903e90c5a8b85524bc7b0db9e745b7f0a06e
CP0659.md	9f7773a6622af3adfec9a8fe87da2b0a01c0887b49546f0ffbcb88daa83febcb	13c21321d52c3109b5acec5a83d67f06e203e6fb14fef9d3608628d084c35f69
CP0660.md	c8d82b1ba85a919b84b0f27495b85e6e90d152aa7552b3339d6b3012ce3027a0	293cde923c6914e0f57c2adddf2bde8b4ae84af1b33c76e128de47c7f48f6b63
CP0661.md	c22751a4eedaf98d7d21eaaf5e4c5cf9a77375865cee82953d68f4feb14ea8ab	190bb70a5d5224497125292d78c843caa6573bff33f6395a5fe8e79db2b2cd3d
CP0662.md	52ad255ccf7f78e94388acfd31a4d37902a65baeb26becb2ae770628c47e577d	cc7b592a3331f1f1f0f11386467d0b36ed2fc6c1edea54643535348d6da46e2a
CP0663.md	58f3fc0e26ab0a4884640fc654207c3c2c58bcf11d216bc26951e66771df6c40	f49f1425f454056d6e185f705c40025c363b69a229d143401cebe67f8243959b
CP0664.md	085c1188087b42943db2ea5f96466000ee265bbf8367220c5bc593d12770e3fc	7ba9fd66c6dec02aa771d6a7e439db0c943fec114a7c2141392a86392e7b1a87
CP0665.md	81f0646e727f451b6b7f0974a5cc3c7085ab5ed52a26932464b766c0220b6ab9	4c2344affb7b8fe5f182d767e5fd2306131a9394d3da3afc72b54b2cec219f16
CP0666.md	a496eacd49c9c361b9974949292adbdc6d63b8f26712571031f8e5432e63b55d	d3e76db54963161df5054e1c5d2739b14a14d813a4eb9781ca0729f5a46f91aa
CP0667.md	8b0ee74912a3a2ed07c2204656ed66cef6561ce0273ff7d265952195cc6568f8	e527ec0f30dcdad4cbf815d9f8f568df98ab29cf5f7994a44b20f76435cab5f7
CP0668.md	77cd9d506632aa01791192e0f67b94a4be225ba8d7ddfd99586a3c8c59ad3633	0cf8fe287116ce79462031e1aad202fbd68e658ea70baee40e59594e45535a92
CP0670.md	f52179c4e3f89553f0e9ee98f3f429a46acd42ad37259a5e782ac37976808b26	3eaac8a108dc13a024910b75d0ed1f364d3cf5c2a36643a7d1e12caab20344a4
CP0671.md	2fbf7ec4988db0b1dc0779ba285ee847fbaf05f1169e2978de70c5d5095e3c2c	d9962d60ec2906cbface3848771079a966878e3d318f99e7ca8df11165f8701d
CP0672.md	b5737c14692bbff3eae3c07567db5010bbb04411e680150ffbf574bacba5166b	b1198150d1724db12fed2805da1d733f19c35155de440e1425850626c1cf5032
CP0673.md	c4a12c81ae8758b4b211551455e6687e9791f0bfc3408f7e51f795c17a19202d	48d6c80dd4e19ff85048137801e448f2695641aa95d339cc8b27ca1a36289107
CP0674.md	be0063d3b17d401395bb2d8e3767e2085df179e24c6dec3cb1d6e31c11b36790	ad40f852de73bf122b7b889d30e4703762d97f4d9d3354a0fb2c83c93b9dd188
CP0675.md	7f0a6d5f5dfaefc5c1ba9e2d35dcb1d7afb61c849e822add570f51151e38a04e	ba16473bccd0a3316e59682fd123d7f18faaaafb585d2329358c6c4a10fda18a
CP0676.md	c2569c7df0d2e5232517a54409a059ed753ea5347b5479c84249307de6e4602e	a98c8e7c3ec53ab9ed25cbb327388d9fda233c7b9fa0d73fa4804a7f7d61c703
CP0677.md	78cdf9a7161bf0e3055e2861e372dd6bbc7bda828c13df90be919ee105d6b439	9059a3e02c3ed5055bdbe51b009e1d7432d60187cb6c1b994dfdae932d88c0ac
CP0678.md	e34f9f13b8de6247701261acf022ac5f62027c9bfae2c3b28b9796a66ab173a5	5554d37f3d256e4bb35798c132969c12927bf61e64c1b215c40b4637a6bf5f7c
CP0679.md	eb30d75c0fa76b04c81f340b24733b8100d25147a8a961d4bc80f81ba2dad899	01879e4bbd92c0a8ca32f7c05403b30ff40d7bfe5de43b3bd9d2e8d46633a2c8
CP0680.md	39e6020e9186d50a1355fe70f6c68aa9757b0c6f4191597362256aa303a9cd3a	3508f1a79d11ef20ff7baa7fce4c5425b3d04dc5f04dc122e1c1c8b44db7987e
CP0681.md	ee6a37e41afb40796a700e680821a4c56c5312e3170a77d406f8c6e31b08caad	1b6fa864ac02bc2acd16ed3fc6be660197a343a0e9cff43fae940b7883657130
CP0682.md	41e9ab2450fc9fe322ae183bab09d14326d591345e2023924211d73f3a003d36	b08965445c9e04537624896a7c6f0d9ad54c8b4bcaedff23158207b1b6685bb8
CP0683.md	c1b5db57515c6cae0ef71232846d5302536a79de6e149992d7a8275ec239abb1	fd227c82ec217934a37249010c9c8281b28325ebdd1f02175a664e923e8f9c02
CP0684.md	a01268581408e5781ba9a7ccd265f36b8ca811cc89f84ecd28edd5f1d67953dc	52e0f13070bfb18ff38b97ea9461434f5298177fd3da47a9d185819121d9863e
CP0685.md	7ae148ee2eb92c040c2f55af5e79dab24235b333099a8e89fa302efc354fb97b	2e6f3e992f2dfc8c50a1be41c0ea3a045aa5f6af89ce816b5a1993c42e795cb0
CP0686.md	0fc5512b48a9d7977df1cdddf1e3ab31e9d31a8d979b5d17480da83b685b54d3	3df4c88f50e7499c14b22dfe26c271431c57d0ef8ca663a10f55b3d7c0a89dc8
CP0687.md	23d38294aedb6bc27b0b2ea9605e75be975cc65daeec467746734508f5e4114f	51392f9988b08bcd81386665e3b0fa1a4cea46d44ee571a73105bb64bdb0a74a
CP0688.md	f552a61a6451d7e6d3619d0d5846943e663f81e2c30c319a25001165f2ebee56	34c975a3816a7a70ddf820ac2dd8ba92514f562e8c94f990b0c2058524183668
CP0689.md	ede8dcfb5091dfd6e8408d9b9f334253a1935c54a30ea34189b44a60f3fee90b	fe78d2f14fa8ba846da0a632d4d0dbff2f5120092827ac78dcd2a371dabb5635
CP0690.md	f018b9ea93545be3c31f086faa2280a08a70340a7b8718a1e8ce1313f964365c	8902694ec438af07d2b2ef8216579e8a9d4d95eaacfbfd5ce06cae7883d93787
CP0691.md	e7641199ca25189ca3afa3d4be6398d3345c2be3424e39a314b465bb23a84b10	a39f6168b2bec7f6e6bd11097dd758d38a2c57e854f60eb5064084db9dd2be98
CP0692.md	3259da2f7d2f7e0c5ea7f4ff963ba5974ad41ce791aad2a7ba6455fc9579a53e	22af16ae9aceba7dec49b07154c5c2a3c7aa8fe65a0a040e0e059e9334de9ddf
CP0693.md	60427ddc45a81bede9bbda691b2c150f6b55b7534bb09434bce0ecb0649febda	5c73b685d7980fbab7b791fe4114f49601d86c3151c78cd3f3a10eb54822aede
CP0694.md	fcd7efa813e9eb1db1936060bc9a75b85b9dd48bcd8d01a843a010fccc9bb71b	57f3c54177f83241b0641a1a91bef05d6781ef72ed926ab0512e71f43c4532c3
CP0695.md	177e5c59f27d3322eaf95cbf2d91916da5c69765b2b591bf55583c712fabf17a	a0ce3dce58ec528fdcd5d5b0b4381732d7b7fbc932c7686958c808cd34ce37fe
CP0696.md	cdd8bc3033bcaed12b94bab40c80eff72b220def4a72bbd14d522a43bfc65b89	0f77455955a3f315db679709f75ae9826fc78f675951f9f8293385b8ef1da572
CP0697.md	5d12418532bdfffc69718a70706d15c29ee1560b20a3afc803fb4d0d7abf1665	3a641aea42a50a5a3842593483448e21e1d6ffd3104f07cbe465ed3921cafdd3
CP0698.md	6cf71bb2aadc08af9f41e8a57d99e59c5404dc3b0ac32155e5c73719a8ca4452	b478aecf3b5760fb872bacb6408f50d94a5387ed5c4767a57350b9b1932c2222
CP0699.md	708b936aa5146a997c468135d781e37b5c9e6bc7387db4006910b5a07eec2965	15c7cc5a9562c6c0e7624dfd71d041669930d566e1e2136292b9bc2668d41311
CP0700.md	3fa7dc15ab09a0b3d9cfb964d9ece1e7670d2f11342bdea10c1935bad794a5f1	48dbe366c08b71cc535f087d2ab31ee5a2ef48723e4b8e62064c91e50c66b506
CP0701.md	c9022da6dc8f1d4849676001a6430b38b02e7eaf479ce712341e0f960a784d44	816e05e1e072b0ad4564dad2f96571a203e2a1d885a4f9a09c0220b5510d5a6d
CP0702.md	89502f2c86b82bc306f6338938db7b05555328102cf289373e0ef66027c6a593	72b9ad79c514919d0172403a269aaf79b36877b094847e218cb3682484f8c58a
CP0703.md	6126bd638b2a7f6effe6e6828c7a7a289c3cf92447ae544b7c6fdc9f8e7a3309	0bd747fd90865dc8ae401fef7f9cd3a86db3d8a5da10d59aa5a7315225326ea6
CP0704.md	6f33cfd07f8173ee23b8d14fd2da237b59d2318d016c32b971710e2f850874c0	61280cd475a875b4eeefe1618af4b5a4cf8f0a2ecaf0ed565e1733b19aa29d0c
CP0705.md	f2fdd563517b430a5740aa0111aa313268a8f85a10bc061c3be09513c211689b	865934d4503bc021d431d42a915b755a0653c6d8aaa2fa7d3d288a491ea42317
CP0706.md	5f49021e71583c5ffe20accb0247edb26ce778388c68425d5ffbf73cbfd9d3dc	df999a968001ffec625114d66dbcd979b2c9f0ac05c6b493741a5041eeb587b1
CP0707.md	a1c449db1066f543c53baad1866ffaa1ac78db90496577e31c03e676de33b23a	d05c31c23c2a255562bf0048afe63ad759b4fe159ae182d1aef7f9872bb1e33f
CP0708.md	cc917d2caf8d88d3b17fd6c2f0d14a832096238da6df8b09833a5381dd163ba7	d28fd8ea3939d3f6ff59449853a553394e3d20a0daa4fd1dca4f7880358d8e8d
CP0709.md	996bb0fbcb7d57aeb126b52ab97009799623c7dc19749aaf34b1b588e7a6cde5	bc0673f7164bad1650c759fdf78ff51f41aa701c882edef5c64e80c692dd6736
CP0710.md	59a6dc8c3dc02ec07497698603599908ea7ddcc1c442e136f9eb4dacf9844ea2	c38936ea3882ebaf97e863abd5c46889d4b02fcffb28b2a553354b76dc4fa1bd
CP0711.md	23bc45229943701b3ef21367360f0d9758f0d12a75424cb8b1d48960820e9f81	12b0326782a36e9cd7570011ac8797903db0c0eaa118104e19ec184220f27fbb
CP0712.md	d0accf1bcff64f076cf96385b39f5429dc64653b345b1590da46bbba1645bdf7	5e85e02f1d88118177144cd625193e2d60aadfea0a96f19e356f08270ccab3ee
CP0713.md	2ad88723ec5fcfcf196b5dcf94839e9848f84714d5da5d7b14849b8a753d8895	c116713101f0ddc40d1a8b643e0b09c6896da6642e299fe777dce7abccd9038d
CP0714.md	9d1e556dccf92189c7f8d5fab8ca034d8e7c0184dff6c67be0f4d935a3e587b4	75e87e9806363544a837dc9fa3c18d8c2f8e970edb1afc84987aed9e994272c1
CP0715.md	91c6721616c523a436ed8427eb794c7469750a5f21f0fca0d21d7957f1482943	c5fe0a0e422d9b5eaeb2ea33b278cbdcb4c7ffa676ee008c480c48a52c372c7e
CP0716.md	865cb2b21fdea0361d92ba140c1e4c01fe26ef99a8ff6e9c86e6a7fe279c44ee	0683481429b1e53ffb8a8d7f0b331e6a486810ce79d2929219ae6af130417cae
CP0717.md	0676f9f48447154e495ef6148090b02a17f4ad9e7ccd82fa029d71981aceb31f	15c4a9681121004347169293a9bd88b0e0ce85d2cd15eac3deb1ea107fa62642
CP0718.md	86f41fc7fe11e885654f0237cdbf4fc7c3ec030a0fbe04715b620c8c1fa90612	f94d46e9b3405e786b49bf7bfec09a92c0aacb08d39e0dc4ecc8cd828dc71fd4
CP0719.md	65e9fcf28ee4dc1ae7cb9701d018fc902e007bf08bee204854911704371d5b4c	f7f7390caa4727e4398c45ad4b11905857d3d2f0786648be3ef6758743edc5cf
CP0720.md	74d0d9bd600b576f7b6d8e2c129c21fbc8b29222b4d12cb86a60e5b5a7519ec1	13936427ecc31d528fd85e9240cd4d738de157ee762a5ef7c0d00010eae49a30
CP0721.md	58f97c46c72fd047504907afb2e6a7d0ea57daa538df44022a3b00f9de21525d	e2a1fffcfa09bda31f90e24dd42c43c2d2d589d9e270484b0f408f43e5ae2dda
CP0722.md	8c85b0e348c0c9d49d6c53e0c100e8ff9cc2d8aaa51fbb770c338b1711ed623d	fe4e8111ab72e0103d0da3f664068b7ea998ebc6b2fd77471234c36f4eab30a2
CP0723.md	a6f5875b4a030f457405209e0172ba06c5a7d7155a91cb7b8565c3233a9b9826	7f2d4e1e6ad0148d789b6bd474457a72d6dbcabef7abd4bcbe79b81ee3d1e136
CP0724.md	52a73b60a8316a90d08cea16b90ede8b0637fbdc1580fd87b82d42afa53087c1	bfcb5eb71de3121e68d20d22ba73fed9f16966960ecd769e8bb4344b3ba2380e
CP0725.md	f369880fafa2b3a4e822bb2f6d166559040f1d4e8549850d3fefa5dbcc49ae12	445f27a3e01254fd63a0f7047e6c1751140581aada04ef47f3ca40792a4c05b2
CP0726.md	aa1d088c6571d186ca546fdb794cbee7695408792f59a11ce5c888d141aaa1ba	de9f379544e683849e731c2a3e0126970f6af3d6c3da00944ffddf7eb8a9ffec
CP0727.md	9e6c1fcff42c5afc5fb217b685bee2ee01fff470a18bf6950c2c53e91a216734	f5f86a283b32c8fcf48dfb039287d2c4d26babdcba7f9f7ad9d28bd6fec9f13b
CP0728.md	9222cfd908d45cde409621d1311570c2f7b174decf34f5e3f9f6e86679b61315	0779dd13cc32325be2cc47d4f18b55eb816a1d054c9076f7389f38a54169461c
CP0729.md	80bd435359c07d88095741b8d03bbe8f0f3b4a1821639c8b994c8546797ea6a2	6c3e83f809605e4c8a0a4ab0902354f9bba0435eafb8835eaefbe32003406fd1
CP0730.md	b815adfbbeee82c924bfa7e2963437968b004fb1a8499d0a0cf7645db778d2fc	3eeeb0ac6a1c1fd429c6e6243fe9eb8175bfa920f3cbb21b19caf05c9392ec56
CP0731.md	688f640bc55701573546b5fb12c45595ddd270ae24894aea610128c8b29b5815	2d72701793190ad36cd8937e99784e809e0c5a1373762e37e7db95add7ad796d
CP0732.md	d108807647927a6ba8efb48bb9227b43ac125fd6f0420cdf40782819cddc24bf	605b2d535d7654694a291337fd0891c7d78b148f59f07d37ae22b3061c9c2068
CP0733.md	7b295d54ee59e8cca8f98f41d6485c2db0876985477bca7b7d24db9fede94b8d	907d8c65366aae54bf3857d0e7897c5208c364fc0a5521751f224558e5a1196e
CP0734.md	b02f17f42c63fa12cf9dcce270f7d95c778f7ab9c4ff9c15fe8d44ae699fbbc9	58761dc35b83eeb92522f14edb579ca46c0993a6661966158e0756cd7c4b5dd5
CP0735.md	a4373a9c02cbda39b8941232191f2dbd70e90f425945ae58e1f0fd9d8d360221	54337c6d49ff5a26b6143b1799ae19c92721d573942d12049cfed46eee928c70
CP0736.md	424d2b0c7934cf762cc7faa0dcde85d4d5740f741207e0254db5e7262219b344	2b076f9bce3e9fbf803a17ca7bbdaf850452ca5c2a24ee0b8bd137adbde2456f
CP0737.md	25da70c11fc259c33669943a2fd6b917f29d78cd6b456a755796fb6cc563c5f6	918e72b194672d8fb2c82dc61b1913ee4faf6a2b5d32159e7020442e09b3f469
CP0738.md	158c0a81a488f9c208abd34afff619d512f209ba46ebd00be38bfae0a62dfe65	454b944b0fc406071a78baf6642ce1dcd5e1834f65cdfeac6c8d1caf5884ed38
CP0739.md	4639586b79965d035c5cdca3c7496381f38b191eb89b3f92fa7ea55dabcf082d	fda75c2072a75896698802c033c568dd2b1a67a525c0641f0961d8c0e94d1bbc
CP0740.md	d6027dca5430941b76225de7e59eaaa29a38d541711c83383726bcb0757d0efc	a2f04d9cfe9a4953b27a2897d82f62147ac7f97e603f82867c4e0f0aa8308f7c
CP0741.md	ea25ae7ce3389224daac70d5eb2f1c84a6f7b07eb36e11c26b3d0cd4454f6a5c	f4a31d7680d471c9768dbcf2519bdf1410fc1e2ba4d38885800a61107f530e95
CP0742.md	46adf951429fb284639a76bba1b68fe87699bf874d023a7a11255a74104fcccf	6276de5b93f24acd8f007216ca64bcc1adf9c459b6f36fa07ebf69f9a84cf11d
CP0743.md	3265c50ed03d3455e86845a59383aa7ec8041d0ca3112e12ff80bcf7269f42ec	a701f84b08b107767c356ef340991d95de917a65e5eacfff27c4d2ab7f8f78c0
CP0744.md	fe7e9c6e40b8eb54f3c3a2a692f03d4059901b4ee0d8185eddc13d7cfabe99e4	fb5255ae296936cbed2334bd7e350599adb576f7dc13d9daf450cc4cc1aa1cf8
CP0745.md	d61119c1f5fd159b75f61e85fa986141c88b7cea8fbafaf967a52563c2c4e062	000f0b8f3fd6cd3cfde0ea565402b448af67fe17ae771ad94de347ee7f314162
CP0746.md	b23bb628d427d143fe3fa872bdde3e044c26b5f27f64a145883d5f4533bb413b	6273df487bf6b62202520e12f72fbc3b60154507757dbba5208ea451f4a1b2b4
CP0747.md	a4f85cf30752d15ac6ee1b4120ac61421fec4d019df9717b453790d0dda7af10	f31d2e527fab78e327941fd491e5c3d960e2b8f7996778f0cd863dcd87672a0a
CP0748.md	ac152249266a5416883e2007db2cd3446a5ec2b4107de4c6c100cb04dc18fdc1	bde38a9e0683bd01ed20f04505ea008ec82d8c5c7016d47515da1edb9dd536ed
CP0749.md	f5f617ed08197a80befd78b5b299ebd7dafb26c8c4726e5230524c68f5251463	00b46914b21544454e941878a1085bbbbfd8f31e15e2168242dbd601852cbaea
CP0750.md	311e46282bd41366f33a6ec2b42e902593975f639f6711da0af1432e4f91514d	6759dc57160f93fe312dd9d84dd106e0001b52af7dc3138effb4ee37952169be
CP0751.md	23e16551daafaae8336d925352300fb70e4cc9d51f813ac0535f77c57dc56fae	0034fdf487d0d36c4e1eb473fb94d78ee7f10fa039042bec8ff815c35ff35844
CP0752.md	b4d31a112ed261d4e6a905f17ce49879e398ea6abe5dffbe2e3ae2fdbcfe811d	ba920fa88a6c6ae958caece2e264945b6dcadb8ec1aa9ca467874ac1f52a931e
CP0753.md	00094677190e29bc602c476980d0992e81f379ec44d75db700c1c0744918fb9f	7cc072c4b796dd25cfc2777390f784b51e94acc4b14fd7901138e0880c0e8ab8
CP0754.md	fe7801c378212bdc47de77d6a65b874247e411ac89d1e6c2bdf66f25aada3ae7	cee2c4407bbf0fddfc85ca5a9f0aef78ed34daba0a2be5595cfaf9c3ffc8bdf5
CP0755.md	f3123610f4b14eb7a59255c93d4aa8cea2f18e3073620e40558dc0dea5e21885	8a2579a7af71b4208c7cf36d94138389f1f16614f172bc9e383cc83e301aea64
CP0756.md	c30a66b18df8f3b61173b7a2805536792493e045b80d347b9001f1a48dadaf68	695eff10c6e7dc98eeac06415056e5b0e13c81ecd3f4938ead60667cacd7e92a
CP0757.md	731b876bd08cd9f8850e1cc42fa9355eec77e61aa45c3a9f5dd84ff880d5d292	6c8da622508c6b9ff77d996fb703171697049a51e4ae9c88a0c03220fd30ee86
CP0758.md	9868573540dda06bdc446f70fa2ba3321bc8528fb01d131fb5756d8efef04ea0	9f50fb181f2bde0723d87c77ddc19cab4d875e61793c54296beafd6ce30c6886
CP0759.md	cd59dc021e5a810b8aa5d3424536a8829756194cabb1146a403e9e3c6e2a58bb	1439cffc267ddbc3a96884e68a5aad6d7e2aa7a65b7f2a32763f01e4202c7305
CP0760.md	efcb24381fd27a5efd0dd3cd223466840d124fe257d6dbc1f4289cb26a748594	144a0c3468bf702cf74671aac078fe4190be3aa814ed1d98b3b30e2a627180de
CP0761.md	c52d695038d77005e22a72114643b4b15702aca0bf28150e010de9f2b11a8d34	86ec7ad81c0b0031a2108be8051ddd85ae0a2b53ebea22b4cc44ad826947d476
CP0762.md	988d4fd010c70e00c0b28abe0f5f1036624b6c2162097e1d12e969bb7b84bfe3	b2c9ac3a2885f5b803b7a15deb175474a80c5e00ee228452d521c17d24970c41
CP0763.md	26439e2fb00eda0d4ae49d1e699d7a7a5a7bab59e93fb0557ace7db383a93cc0	b0fa1ee2ea637aeeab51b7da09c4bc8387322a0a5430bdccc3252ac0de5b5e25
CP0764.md	dcce09e9f6fe15e11224a233665f647f6e930dbbb8d3029021b428fb290e1c19	399a132107b2573ecfa5b70b03f699d9584643e556c9bd3ce23eeae1eb40e857
CP0765.md	c6728ffc3b6aace741df9d479c8a155c2ee65b372ac664a961ca349f99c50799	ec3d679cda577bb542b8cd34f04d9bd1a734ce33fb1fbc6d76fb83e06b3d9790
CP0766.md	8dc19d8f6a05edda917ab2e968cb9c777df92ed773fb95643c48eb228e6ace85	017f40ed6ddb58ad24ffc1a0692733c467020c712b8b481d4bcfcc684c0fd240
CP0767.md	409e5904f67ef1d8d77c42b2dfb0dae0c92f901995faf734fe93c3c934571c11	bae8d2785abe3795b2e607f245cb69f9aedcf72655aa60f91e3431c9699d91cf
CP0768.md	e0af08213f12bfdb229cff357a80058b2791f2902686fdd683f9facd956634c9	bd97ff6c9e8f58d7df3098913c8fc72e7889eb3362506a1581c52a5325c31e33
CP0769.md	151819ce071e248745a58906b53fc543fd394872dfb4e2841e2df65756f51d1a	7e2fd5724bb8f772b9896baa07ad4385043c26054f156a19102ff7a383f521ac
CP0770.md	24ea7562239d0b861f8251a4924fbd6df37f58fc454f8435489e72c151920467	8cd335e1e83e97a3866b8c66acd794e76e2c4cd0f3d60ec2832c344a62c5a4e5
CP0771.md	30c9c08950614dda1b66c74b6a70937c12703a0cfbb2b843d9a6d959cc7de650	e88494cecccfc839cbfa1cc873137cac1dedc916b93f9a99b9efc3df0851f03f
CP0772.md	0c8fa84d42e55ad6b2f63d3a0f611a91177bc94c1f7a803f17c0aa7d84b25146	241cc9fe01626bef69989a7bc37822dcd61d17d7a400acce4c1a0edc87ca4d26
CP0773.md	656332c785676f0ef2e7f8134a10c813bea7082fc7e8c37e16d7b53728293ee1	be0f73ff7e4aefc7290e3e2c49fd65d102817a7683594c9748b996d9b2c47f5b
CP0774.md	824a92dae4659b72ff6a541978725a5f9b9982386ba51ef7493d9e3cea7a0731	77c2b4b7026c79fb9349c5000392f8a2be858db413f736efefaa410623749998
CP0775.md	30852e6ab53cb013efd09be4eb4a012888befb29e4f69e24d2cd625f051214d6	cab5bc5a7b8eabde21c3d8673988eea6323ec2c2e5ff8b3214b375a9e214ea0c
CP0776.md	1cbdd9d0022ba02c5d604bf33b1e20677be192f8e3b42f11af03319d59443f8e	26a114733844ca2bd10e5ba2502a7259d06d57ae8e67d036b82eabd103714844
CP0777.md	bed64606bfa9585448e2a675a6621ff074df357789955d7e5135fc3931857df2	432bf684136c9d95d72c320d70dcdff1bf0d1d4a215ea550d60796ec80dfca75
CP0778.md	ab058d2ffc56224ce3239fc3d0baaa9e73b030c68b3382e38fed261bd4f589b9	aecc819341d1c4ddaab83fee197031c4e06f781c3f8a32dbc94e92d87bf86e24
CP0779.md	e153e48238519b538de3355ef68ec6c9144735c86fc4cec2eac221f1449a1fd0	305ae99f7123ef765804b49226b4138bf6242da1e7a839fc3c6cf3d9558e1cc1
CP0780.md	30a0206a193df71de232c6da00c65a37e09668b121d645f188d5f8107443fca9	1bd979d29d20a099e9d79cbe62dfbcfab134a579cbcd0028539d070d2099536a
CP0781.md	71c80da6472956cca669977427bf9ce7d21856d29f9cb0d1c597925316e8f665	8be1ea133cd91a96b145ede35eb9c73426b9e5026d63590798df1beb4c3ce79c
CP0782.md	d77893c369e2e39b326b753271cbd5ec30f1920689867bdb4ee97cb653d017c3	d1f6ac7168d24fabdffe478c3b636605e28e1fe2634496b9080e107ffc89fbe1
CP0783.md	879b26585171ac90e78af1755691bd2653ced5082fedfd007f0ad053418c7061	a273abd5722f949b0bd74dad7f4a4c2f70e6672e12e6ac243e91c5caef6e12d4
CP0784.md	7fafae7660d201fec03c4f33e6d8a6e6dde4bbf67172e6bf64d41ed35895f8cc	0d6ddb72a8e5700fa73e4dd6c24b80aeeb73b8d5d06db50d04c6ecc43a64e22b
CP0785.md	8263843385dec9e42a56cbe04ad9e16efe31ba7f48ab4f2d4e27cc317532964d	0dfadb6edcecc290fe324bef664f7540d1df4867bef79ff66519c0d94c84006a
CP0786.md	715be896e7680aa5b91b018beac1ced9652d7aebd17753a6c03cd3b584cf392e	e1d276028e681d0bccde51ff46ee5edc53db4cb84a1879cc131d610a9411fc01
CP0787.md	05c0bbfa305542a31d4008e4386fc31b7991b402db51a74ed6487d232e9ed015	55d59a1b5f2002a70cef839b68e83863ad8cb6253496fb4e11fa946688396f81
CP0788.md	1e1ed9381b150e1210803b8785784bf63e60779122a612db2abc5e8dd82cfafd	396b992b6444f66a704c44480ab39c1b17ca13b055f19e6336659ed9a2a4a8f1
CP0789.md	cb42d3eddc0cfab38ae2c8f9a6f33571df96647bd97043ada315b174be5dc492	405f0e6a29a4e951bd96755275a43c4ec166762888a38d8834a15a8497d45bdb
CP0790.md	f1e59f651e033daf4a382370c6b20ef40bb7a8fa087600ac11c1921abec52930	794773ff089071c2968d44594c94df8b85991e485180edd3ef64a268c3ba6521
CP0791.md	8a589a282cf06d6bbd11b4f0dbe727d93603c3c93f042fc37ad0ad98cd2d0e2c	799c365439f42c4de10747db0432ab8876248d3a09a21e1548d2162e29674b0b
CP0792.md	f35608f64795e9efe53e4986a5060f6bd9f16803f5bfa0dfd7450966ec0495d8	11f4576e66da18aa27141ae9191d31729078d5fd3a544a832208922c0d16fc39
CP0793.md	dbc0ae4f2bf726a094c980a197b3951f474fe4d0c5da2c8612912eb6a13a3f2d	1dee973959fd987131edc0b931ba6b3e695c7ba56e0fcabeb22bcdea04b99e57
CP0794.md	d6783a996a55d3cf196ee65b22746998c65a1e1c15f896eb9b4da32776381312	e2c3f758fec50acf014ead18e4c157af9ae658f42d7003bca6f2d521840a0036
CP0795.md	78bd56eaf215ce2974e69f565025712d0f074bdb89f8b49357cdff247fcc1eab	dbe36a42a1d9e0b9076bd00dd1965018e28c60dc6a1452385cd3da9ce233b8a6
CP0796.md	4659264823985db3efe84a800c804f2504ea8f9b0aa0a26500aff5a2f04e707c	2ea4e380e4bffc1c27ca49fc923317409e518d2a8d021f8abd3091825293947f
CP0797.md	48beb88aa857c7a3c26cebfd7d6b75b044128f262862bfeaf0d52ec4d434d2e4	aa3153fed04313bab3eee5303ef4e76c14cf4a3e1046ff3a1137a6d84644efb9
CP0798.md	9a1ca25934f966bc6024f99a3798cc76536468ededdc5cef7ad0d19616e54056	9de6726889d1e73f1338b44ce02eaf8d309c5ee1a4294b56e9d2312b6a35635f
CP0799.md	4f431f4b7abb1a9d9ab59ac1a37349660aaba494c04cd15a59f6093215be3451	0b61704c38e1cd5c55fdbca55396f3e618873b21744789f73de58ca851ef55c0
CP0800.md	28cfeb956c3c6e843a0b03585f242aaefe8f0763b30b00ac332d1b08109d0f02	e2e2d47b41a2fe7a66d3423133924d941855e0dc7dd7860960fb75f0fb60965f
CP0801.md	02cadaae32f8b91ef9f7c45ddd544ac5b9d0d145b7353f1170e73d6450192369	2ed752b0d010a02394c09dea3c1cf9c162e8b9c9dd3c4b5349046247aeb506d7
CP0802.md	626c94fea6c30d5dfc23d3d9bcef64b122317e7e0d0bd576319f9fbcb2afecfe	0886d29a13f74696d5a7fdbbfe6d1acb8e5a459585f19c4e9c3ab34b55f494b9
CP0803.md	b210a7288d5439100ed8705e1ea8ddd3fab7c237b4b375117f5c07b9e20f2efc	5bcb880989b0c8963328da58cae3326fd32312854059f84e8973cab272031e04
CP0804.md	34af7d1a4738ce7db2228ea47e5dc7e6ea5acd572cd25813845c05ac09e58c0c	c3b1c388ebcd5f6021831e3dbd5736489c7ed850b9f8a01ea129cc9c2a97689b
CP0805.md	ab204606af24530d60365cc94a6a18b1096359b0c521f34cd4760fb08cef0f27	612b38c174f6c84f42ea78f4bf8fdf1502061d586dfab96a0c6db8d297342dea
CP0806.md	9e9198c579b377878c34c525d45934975908b07de9ad70c037949a03383b67d4	3e15903688236c458e2a12d0d953128c7307d85d18cbd5231e6e9083ba504475
CP0807.md	7e0c91e0842dce563a536e9069d681b89734a62086a210b82d0b729871868b79	632aae015767bf80c9d7380d024a872cab3e74dacf0e0b60133661a65df95b21
CP0808.md	a0631f3958be61e0536a2c7c23d2c3c807e997b3d6cfc937b0dc222c0f3e58c5	b010a2e124fb055bddc5bdbb4d9f7016d18479b9a032b5e2e90792f2661d98fa
CP0809.md	b88749dac49a0edc3cdccf1916f2015c56f8edbef617cbde1115f5346d2795c1	562acc4d90901f0eef830207133ab6f5f17f3ec4b8e34c6f5d35f509b389bf49
CP0810.md	fc803b8ebca359620c496d15f5c067c4feaf506f5226b4bd732fb05f44de74c4	ef6350ebd4c672cbe7fe00173f757a6a6403ccc24c26da0c579c27ad706927f6
CP0811.md	0be963fa2cb601f4820ab702f6a7b3333e8d8cd2156e1bd19ee7fce76728fe96	c1b106c081c5620bcabcc6e50291b9bcdd65d618951f0bddb79db9b6f11709d9
CP0812.md	333afccf8dcf41c62e621f0450816317e21cd445a766b9f327c71f42e76b6d66	18c7e0323601a063bcac6c35f46cd7f4f747e72b10d1c14243c655f9940f32e3
CP0813.md	b20009d8d87e0f59df4668bd8387125a5c0d0fc37a1299c39f2ed38c5213cdf4	1092060f50d829f2088e386257171bb9bd6e85443403fa813e4fcbdcf566b69b
CP0814.md	d56f6b4389583fe3bc58bfcd0445bfb7bf440be210f7552147fa38978ef046de	217d4ca606840c3473113e740269fff94871c3d3fef8d7e99c591c1686a90db9
CP0815.md	5ce6dcc9a21e0257f027c8fe7d2edb65ed4b4d73c49e53bd067847f9415b18f7	e4b85827c685d2037b7811f3bcda6cedfc3b63655241f8238ddec84641c82a93
CP0816.md	e73a5b26427b5c8b3929d1783437c0f991877ac553d4396a235cec85617e54ad	3e1c3179e2afcf2183f99e43af4922bb1d6710a7854d19f41f385752f600edfb
CP0817.md	52df628fa54d0d33c1c83d7f71d546d6495ad0289d0576aa21e1e174a80a2a84	86e907308801b41d14a3b6418ab2a08f6124879ba8489661c902469298ad3071
CP0818.md	cc7588f905c88a2458731e443aae9b4c396013758e9912d1384bae90867f3fe0	3ee43791b9f4456cd9460c9fd427e5e2315f8eef8a45325293fea7b28233e241
CP0819.md	e44af2cc7e461255fe06c54a973fabc81e5a249f63c5b9f1d7af6e4dd03accd5	78166cc3fb40d162fc5a4066346844641885189439c3fe96d0e044019a178f38
CP0820.md	eb4dea0e537dc8cd7b13f826fc773888b1b3a028ac194bf06f7a5a84549203aa	9d451f0e110d9966147f6300d45d6ce71eb74efe13a4f4e1489f5b4b60c240ed
CP0821.md	d27e2d4c54ace5f622a51de3c2eeb2eb34930c1be253fc7d88178d5f21e93e3e	b2ee754fc3896266d1a25b712b9e04bb5f01a2c8ca7ff645410ab2b41be820bb
CP0822.md	7e28a06a54a9e28dba9227b7284bc94dc6bc7c9bac01b372bf3a379ce8b4e78b	a2fc60f9abe675be82a9cb75aab619640a1e2910716559ce3037994b5a92de54
CP0823.md	0862abb4e551845947781a5e563bd09f37be97a1da638093c7cb106c28e42ce9	00012926d34b70e87b596a174842b082e35675d72e31fe0be276e155b0fb6785
CP0824.md	459d5469e70de57b89c55b63689caf5b20820d51f21b90ac704e632f51d39226	6b6137301b3bba94ee92aad1c0408f00ca8ba0f0e12632bd58b9a7160177b76e
CP0825.md	ee4676c05500ad6bcb2aa6c8b4703f9ec86b813dc01ac805e52b765523db1646	ab79533009be03836de95ab5c012a38799d9c0ed79e6ebab6deb657a476c029a
CP0826.md	f412a17dccbc3443f1472f68f276937b10e28ba871c01506f654d928dd93c608	812c75b0330c833200d91c8e75c21d3a9052050a83a85f9a9c572d738f60a4bd
CP0827.md	4fdc5255f2cbd3f574cacb0444fe76fafe589a85474d6239690517434f7185b5	2555d0e65587c3a249267155a9ba9eaec27bfcfa13de0ef58ea3ff697d3046a5
CP0828.md	c33caadb790f09653652f0cebeff1f6900a615cdd30c2f9e36ce1ea357c6788f	2cbd87e615c741a71b1972a3362cc8b6c44b3201241327438c4058d2398c9a12
CP0829.md	a019f3c9a8e1a702e2aa3630621cc635a3d9fb6b6d07864e02ee42f6a1af98ed	fdf96cf5866b92d7e4e36f8c926cfc30796b98970beb016d000a5c446161df84
CP0830.md	c47d44ff6d554032ea00c3dcb5282e8bf8d109df34e0f82e1ef76d2c45ec983c	a895a07614c8a183eb4ee7036c9abb8968a57806a4de577d63340786df9e71d2
CP0831.md	7ad55f592e64545d40ab8bd904b0e562b84beea170aa05134dce0a308c8760fa	fd4166bdf4edc894177ec53389fbc232791b99ade1ec1c994c29e09d6d7e0d6c
CP0832.md	7bd498c7b3c51f42315144a068b7e70a38e52375bbe7df58a4a4aebd65b476eb	df5d09a9bbd4bd5c71530750b7eb15c8617bded703aa5bbcfa8ceff16b89deb8
CP0833.md	ccdf6e86e52546488dd8d55bec69bc2390a14a66485954492d283bd3296d113b	db089c2407f8dc2ab399062a40f8a889016d340c8d0c40b0387659009066359c
CP0834.md	d501b1740829a045e9d6138fb030d62bec9ba1e227ab6c3381bcaed323d64be1	e323d6f4b44acf5a956b9648a9c75dbae5d6f49293b11a8749a3542ece2ee4f4
CP0835.md	92161e0f9bb071d530c7f0db9090fd1fb9f1cbddf63ba03910561f38e8aa6f54	10f15be834728dcd465aac742d670772c55544054f1eb4ec92e315cc4891cd92
CP0836.md	2c88fc352a71e746b3585379d5011e7a1757e941ef4973f7ea401472cd745943	3090a710027fce9863c84aae80bf8de57d20a9d4a9c1ebe20351b96544a47bc7
CP0837.md	4d517a6e1401a1809a0077791134bc0c945fc4a7e8e4d4c7877100fa70e948cb	6605d01e9ceadce234369f17ab01b56167672f08caa3c944029850c531fa7c25
CP0838.md	e578233a4b5e8e1d9d5d654d0e85c6505bd9bc670fb93ed270eb9f5e4c0a02b7	bf0da8d58e22cd2f9987b0f1e0794c2aca585a7552ae59acf38933d20314beb3
CP0839.md	e9f9542b25563b1b44d38353b84d8532a2e3b4b21e71f6c31fe93b57d22f653b	240ccd59ca4114df8f170d76011ce72a7e8c0370bf60cea446b7205be071ff93
CP0840.md	3b8ed128ae62d3e41aa39e6ba148dbcf76ae736ee5cec7f95bb9a3e0feac8a25	b26c65717525b52d3d1ed25e0b56a7b802403d735c2f4bccf9a505e4505a26f0
CP0841.md	17d5b2b0311e470198b05e552b51973483968701b1c9b6c9270bbf5000278439	e8018daee98000c219657bb68e0fd27045c54d7e6196c8e2924f6ca974bca9fe
CP0842.md	c45c98140943ea540a3dd4808b59e39b82b1e87d7466d2d4e3254e29219305a1	9d6a7cc019ff576d07d3bf0573d63d57e9cb999a1c75de6c4441429adf755277
CP0843.md	1c689be165e1d2ce8ba109268e5af433d0692c6410b23f1947b2be6c63d39554	7160fc3fa44be6cb3b2cc5661e3fed4171dffcec222ab5f72469b15b923a6c5f
CP0844.md	979bb8d5da321ce80a188049375053ea43adeaf5c5ec5bff90832f637e1d83cd	b44547f0b239b668d1820a3b1ab9293070a5dd767717ac18e8c4e7e2973022b6
CP0845.md	fd03cbad3311d50e7209d1252e0bb6752107dca6ca4617592cefe86a4a06e520	386d5343f191acdb6606dc73c3551fad4efe3cc5b7ad45a06e9653049e200d29
CP0846.md	149add19f2132a5ee741d5dfc7f7912c919a937a26d32a4d4df3886332daceba	f64ae1c43b7fc982d7012b429e8cc85b15ca5b99a1aef80ce7bc026c5801e9ea
CP0847.md	39ba6fe2bd5c3be61302e883c1e7254e73bda7b234de831017aa2d2ff4a2a62f	60610c09161ea0fc3424259f2551f7b02091554b2e63858e1c00be051b1a2b4d
CP0848.md	27bb647514c97c0b425917998c8c59f591d1cf9785aa07889c36b28da91bee8f	1bd5d1cb728fafa816d60b279cc95e9c05ceb6eff39459bb0ccab38593259a58
CP0849.md	10c49615cba137772c03b8bb97eac733850e0d62590ec2bed5295b130b6020af	143d074d7919338bf76a9da4f7c5feeb52098693d389dcaae9bc01840c5959ba
CP0850.md	b8171e47b4acdaec154bb3355bf445e8f4b772a2b2d48e3884c815b8ae952e43	ff56a2f2cd0f48f611bfc05af3e422d7a6038a09df2c30c0b70f7dd3e3de6532
CP0851.md	30e57e50709d61c9c4958c025059584ecf0406bc642d5ec11f9003edb2bb8d23	278906dad614a783315a9d52920f5fc742f500eec9b2b2c51f9b499f555624ab
CP0852.md	abe26ff86ef9dae6f1821a32ae40435a7cbe3364a641d85400d2c9f390554f2a	1b5abea9f408b16ebe769e0a67a71a3dbc61f11ccb2c0ab47227350dbb3adc11
CP0853.md	fd1491f830161a9f2b57807dbd8462346969bc25a0ea913e7ea87faf5bc9cd97	3cdce57674d9492ba0fb6e56e12016b8ea7b4c17cec4833c67bd439a6cdf1c50
CP0854.md	2a7487e351a05d882a4a49051b95289992d27b9afbcecc583f49ee38617c9555	be71c7e946be3857559e357ffe40b48861a7dcfcc1a1bd04eec840ab0e1dea8d
CP0855.md	5bbdc690298992c7f1196e369513ecab09d069295108f4510b0038d642271c44	6dc696a072954276b129e81a23bc3463fb2e6b53005f182e85722ab9cb09992f
CP0856.md	4a6d852c9f03b5a064e8a2f216afaa9414e91df401b510f54245a4a8df453bbd	a1383790a3e9691f6a9cd911018ded0868bbedcd5a513fdf9fab4f07a8ff661d
CP0857.md	ea1d9e8bc83a789a3f1f584765c7dbbe971674f6f5533928e927504513fc6cef	71bfe92fe4210745989d351e12854244cb9520730c394ff424f25a6839e0e684
CP0858.md	6e8dccdbe9b9296feff670ef72be20f14f7c5e2efd1d0d55499967fc793d1892	dad746051564125fa4ee94e898fda6fe70ac98beafa972b501811bd82b3d6535
CP0859.md	eed6dd58469a78d73cc7838ec258bea3625c6e433fd99c364014f0c0a8e8a403	153f52b0cacf9a107ef84020abc1f05f0497e0bf61a279b9bb79febfcac95b71
CP0860.md	aea4a7459ec056777cee7712f64e7d32bf0db1f5d6347d2f274ad48d7058dc83	7885ba5ef59a51c2620816c571f2d28781bbb51389cb94ecee82ece705ad1328
CP0861.md	83e9e257e2ccff34745fe3d23909b2e8180d407626cb3b10002c5c70fe9c70ed	3151a8a0359604d322a9312ba45ee544059728412723415422d2426b488734ca
CP0862.md	ebc17ce9acd45090bc3f243426c7797a14a7d9259cfa9f8f86949241cb4eb5f1	4114261805523c8f1c34eb46c64864d00567f5756fece24332922c44d76a186a
CP0863.md	1f05663b71854cca8a9cd6ae11c91347b421459db424db490ad275f004c8a791	ce2c867d87b00b6f6d82ed8822583ca45ec06b3a1260b9eabd687bcc52fa69fa
CP0864.md	e05962045a754d34c250c2e5e811bfb991865ed318138064a9a91052384076d2	d7a544af9368531eefedc719003bbf015175cd78a4f3e4ab3e687858a8043809
CP0865.md	decfff2f7e9102a8f291135259baa155641f608f10fba3bfd1c801d742da9ffb	e83f3f28517b8bad3ee724ffc4028e890c6383586cca4b7891dc6a5dda49ec12
CP0866.md	3ebab7e0897b6629e1dc669a6f6567f78fdbad7b25952b2365327c3d083e4e1a	d39d11eec876bd660b342844d5db112eda3e72d23e4db9008c1d410d15ae0315
CP0867.md	d975422b5e24e172bd67c19bb3907fdbe8bfba22f3761b2e0ff6767f7fcd824c	b8c7b19f1f411b8d700436364db94700a8627d9237306a99bf8a5314fd9584ed
CP0868.md	2724814906ed30edd79a118cfc1f5c3ac2a6d215bd2579a1ab085c8ffda1393d	8066447b7bff789fed337d97f5ba9f3fe9e0c6a38f01df3edef6decb8ed5b14d
CP0869.md	a2833d500fc9d690ddb7e9527f5153d0f103fa6c5c7e31554905dff26b543eac	46e4ad027f751fc16aaa58db4147d777f711bd21f29f3fad0158d9a5c20ce711
CP0870.md	ab1c168b0e5814cdee12e136028e23cff9df745b0c9197c891b085cf6d27b3ba	9da344b4b82859f5eb3c4fd751007823097d3fa8fcf874ebb805b26faa5db952
CP0871.md	8da203508bbcc521c1a128ba38f0e9dc8589cd8b4689275d5ca97989b9881004	a321b51c82a16d0772775ec8f1149a539c5db03951f85730d0e9fc1e4773c9fd
CP0872.md	6ae81ea2c50f0c3837cbbc23d29d29eea5c545335847e00bc132c034046e6bc9	95e017599686b3b68d3724a353ef8070dfe9e79ee9ada6599b4eec64fb736cc6
CP0873.md	1952d280332347ecd6607d5105017e055a96efb59f8a1a6f1f20ec62dd56c57f	4bc7c32db9a89203188e6731fe2825f128b5fda4dbc4a7b0f057a959ebe47def
CP0874.md	52a2a82ecdbb81231bf0451b18f017ddcc7118ec7afeca89a657aa45e807817f	336eebb81cff28519445b9c260c5a55664af67d132ff9036e78f59d736ca59a5
CP0875.md	8570746f6bb2458580d9c74abf4b2026104fad240ef6a84f8eb5ddb2d97b63fa	b9cd79514f2c8f8f41d1482de0383fe22f0a2381d94773c7d8c32689ae191a2f
CP0876.md	d7daa0adf56ba2809691c7f4ed4b830e231939b408493ca93e5b706e5790f0cf	02f1d974391d34fe53762503134a91867e5e4b460636b8648b072adb9ae3e17d
CP0877.md	cae70798e30a02e50763370e17311e0b01ec99fae62ee6c23440cfbd4db76944	7be7ebdad3ba47f9564c4474baec10fefd4cc48e1555aa12f6dc0b33dd6471b9
CP0878.md	f492e1e1318258e5b7c248e8fedd19c0855d4b688df707e6da9b8bb75f5c89ab	259f6617e01922fd521ed001abdf9b9d4dd04cac28c3c1c0ae287b408293af72
CP0879.md	01ce701382891ee9516cf510be1ddd2e459066a356089bc23534ce7557eda567	f05eb5946c8d7b0814e09c24d42cea2ba894e82c76726f2b9e58f8cc0b14dace
CP0880.md	1a0903f955e4045d75f4ed0a9a314c00442ca9ee8bdbe137b146192b6cbc0203	7b7eac0039ceade255c8d5135176cc2db81eb8ec3c145e81b7ed5b9a6225cc51
CP0881.md	994b59fd5c75ba77d36a32ae5a38d59c3565a5a2031bee428d0f847a68785575	691ba823373b4a7d7928aca5bb7236025772824438ab1a4a90466eb4d04624ce
CP0882.md	3c3c59fa1210aaacb1fc306437badec9285269628bf5b6725b226633ebbe2eea	5bff2c8c46afda3d9a645d5894811813a4707e32f58aebe1b9467db9c9a03217
CP0883.md	9e4b7c142283111d99445b45606598e3c0fd346ce55a613fc539c70888c2a20a	bfb1c569c7eda7b0983b91d6dd2ecde77ce5917f7dd00282603a653ae2dc48af
CP0884.md	9dbf787b28b2abcb373778d15db519a9c7058d645c80345871fbd0429723aa71	7d4ea06d0c59fced2761b20cba967e9bb7d540467bb629e0eba49babddf69bec
CP0885.md	067a1422e631efa927a3d51d6bc41ffe23b863ab733b075e024c8135c394e526	b187f428c259746cab3306c95756d0b561442e556117c9b862c87d956674ae1c
CP0886.md	b7e3709e3d3bad12f6104b65f76e0db87dcbcf95aaf89dd16b82477e1ec84b4e	8d9dd4f672f61562e9221cd7767ae24b4d50b3177e081681310ee62fc9ac7bec
CP0887.md	0373a21e029e9d7ad32cda7df53b23cf9f95e385011bfc76284450024bb74b00	f1cab3985d8d64660f051928ad8ea64e016ec564e2115d7b62baf1000a965999
CP0888.md	729c907ec8eddfe332fc55a0e64680ff6bc506aa2e1699be6f1590a6b137bd8d	7d2868c6b2fc81ac28046d74a2a453d74a6f19b5447060a8390a5084acfd197e
CP0889.md	94f4669286ea74499e655f3ce20077518df1cd5e6fed3db879ccd3ad5d35436e	397166d0f24d2705745616b5c91dfb652638d93ca799be2f43fe3c7a4ab4d166
CP0890.md	e240d112201581a702f760cab892b87e18f04a7ec0fbb6da60f3f095a3ff62dc	ddb93febcdde7bc4a1e95baacf2e34541f6c2a478020b7bdb339bac6e357feb7
CP0891.md	3242131c1177c6f3bcb7ac53b7cafe2b9c087ac9b9692b421fa7d305a5aab1e0	38becaf8abccecf65c7fd379c93d4abbb23d14b6fc12ae202cb37e1efdfbca27
CP0892.md	d3c38dc0865abec7a4bcb90710ebad2444740ad667fcd129aeb69a9bb066a6ad	92e101d3ba56fb4871c2513e83bbd507a5df6efae224ba3d1e85052265643ebb
CP0893.md	193b6389fad4055ceee66481ad68be64a603421621001fff2adb11b0a19e7537	32cdb336bfcdf5c2271533798501c7134012a7d7edcc11facb4cd0233db70640
CP0894.md	903d6244150e1bae1f692d14960bd45db64070e098640673928d209617be2edb	13840366f68299ba61083222ebd054e34a275eb1c2eefe61744f4559f5ce4896
CP0895.md	4e81e68358f1889af92c44ba273911fef03f704cb4e6ca33b89ba511872fceeb	40a061625d81d4ed8432e2b5b15ced51c58fb2ebf4eab2c9cfbc7e3ed387a0bb
CP0896.md	c998767a8e63ae018849cb76b04883fa74549e8fbbf99c04bf459a72195e6668	736a5b900b6aeee185048704bd557451429089d0b15861d34b04eaad8b02a5ab
CP0897.md	124ce93ad75910bccbb3053515560c45cb5e2fd27f4626007b4feacc7602284a	4ba5f4eafaa87800481088067d9c022e7ac596c781f1530ceb1b58ffef99e9c9
CP0898.md	db37e830d2621e840ba858dd16c3d7207c50258e66dfa506f2f93e40490b8c7d	819eeb0c495d3fbf5b3992e1e8e45adedad757f2dff2245b9f842acfe46d3513
CP0899.md	a822b234624c2c429512918a74bac81c3e66819a469337f157d3e6a2d16dd35d	ee53d519590bed27c93b3b7730037bc7fe20c047bd8674f806034ab8b5c9872a
CP0900.md	d6ef0dd2d35c2c51aad3aabce1be72c4866c8f46b1c7127d39736e1ad5f6a262	c6f2be8e96a4e2d8bd7bece3306ca3f1c405428f3c640b783b09d2612ae7aac5
CP0901.md	b4a47cefd3df8e030aab1ef23dc69d28b39324a10c185f5588e2ec2242b903f2	e6a54366b979fd71c88b5046eeed5c86c73c72d50d834690c7d54bb7af769ed2
CP0902.md	84396d9002f4fe529219ddefd13d431d79d0929b3844f24c4012919cd2837c96	6e92f00725d1be0b14f3ad9fff16a3ac6ba2d3d59fee07141e9f1b28210bd8d8
CP0903.md	772787f4142394f89eb0499b0e0c1ac8bf1b96fd6b55b3ac151b1aa4c337e3f9	316a00eae245972323fc7f6bc0ae99460ac606919a863145cfcbcbb3e37d07a8
CP0904.md	35ca6d24c72af667985127c0d5637a185dc8c923d8f79544bf7276638356acca	3876eab76e724a8402af479c2d8e2fa47b0f1c743906c734aa93c58c046ab523
CP0905.md	ffdad51289d4c62e0225253e0d43ba6ae536547d41acf589583682a8b513e93f	0299ccecff5e0e673e1f078b055eab2ec88f6da7a1d9b43c5f28d10351531ae2
CP0906.md	63bd94626d121fbc2ce44014e2bed5b39f14fcfbd586f78778b8495e046ce721	57d3c84896121bee77bdc778b51835c02c2d6cd3deb75313557886ef04c8f88b
CP0907.md	8e601ed293cc75ab43d3ec1fcea77dd45dec1babf2a7a4e0473b66b8cf4f73eb	20d878918439d445657cf61b4941d68a9573a2a8121011d9ab4afc3f5b340689
CP0908.md	f167d9d7a01d6c377065a0417937626c6ff17079ba6ea8499ead4f3dbf7fdd01	0817f30053ac5574b5716b761d9c813480e432e3f1411ad21e69c59550e32c2e
CP0909.md	979f4b1e279040aad23547062027626e43a9eca0c78cf7e81608c5b7b7675c0a	5fb58066accc1470453bd9ed57c37352be87e6fbcb76a1c83374f1deb294a101
CP0910.md	50e9bb432d0e8d7499c6418ee670e4aadae83ab575d356fbaaec22273299469c	1b9421e464822c78d4256e920cde57a2fce2047fd843c268e54e1e674a0225e7
CP0911.md	c666ff5e3f5b3f64327881c77e89ff13d7919d703c97e5f98abd4d95c70d83c2	f512c856df2aeb616875218e759ed35edca6ad3731a7954b4be340cb5e2fc2b8
CP0912.md	739c4f671eeeb8a9129a154a2822590a196e75730c6c061b618aabff5ddb6ccf	a3344a370d05b27495edf0474100f205701570d170a7e42f5e4b9ccea64d05a3
CP0913.md	bc18fb29448e9f91cda4f0ddd1da5d27929ae0d29e4dfacac1d9a9ee8cfce8ff	bc18fb29448e9f91cda4f0ddd1da5d27929ae0d29e4dfacac1d9a9ee8cfce8ff
CP0914.md	7152f55269aeb26e873ca37981bc05bba93b9c7ac12d63e335b407e93148d1c2	5f8863f777871b6b1cb1879a78112c54ec6580847d4b105433d74ddf96f324b5
CP0915.md	c3f93a20e8504a78e3caee3fa7f58993e6308eb59ba69c20f002e7b5517669cd	f4ac626582cf7ebbf98e1d7c7d1feaecacf78d556ff059651c41e784b88fa00a
CP0916.md	dade5bfec1cdb5e06a8aa6ced4fab8c12b115af2d8b1b7c377a9975b969acc09	b6f6feed9d44ced31cb2b5ee7463ebad04b0a1fdfd1350d5e57cedca91a4548b
CP0917.md	7c1087c704563122355649c7e1465cd86521b4fa7f26fd7db60192c77a37e211	676ea1e73116590d12c1ae1fa145557213b8d50874948e907ef9d5eb742b6c80
CP0918.md	dab80ee7b24e8001902f7a9a6b41e1f8841a77898e64bbf433b25a7fa44c2d85	c8f874df5da70d373dc8f23c021f07e8da12ade73af2404fbdf2b7b48ce10f89
CP0919.md	8be86e22d73a959dee20ebd878ee30c8e0a18441e3d1f06c2fe7270d160ab1f6	73d8ae4f122aaea9bbdeb5fbd3e5d56fd79d60fe61c762abe7e4329b2e3051b2
CP0920.md	e5488b716dd0daee40e80d443713f78db85431e1b7e1416e83d19b05f49f0d77	2bb60e9fdcf1b5f8a9f98a82f9eb7d80040572b0b1475e97d3c17d8d5ea70a8a
CP0921.md	5e0286a7d80c8e2dc660f25d8ec713219f0f8430d56403a8edd3e7cec3e169a0	f8c0baa35a998d5d656e26b79e3f723bad53fd71ca1caf688286eb138d368d93
CP0922.md	359edf2a5604bc560f5165538cd598c8fa016ce8ebae997b9e7f1df23b3f7305	755459a1fbd91afe05471df0ceb66502cb5d6788624d6b2c8aa82eef158ff283
CP0923.md	e7d03606200d21714fa4cb743083026ca3080d690dafb43051cff166bf516e6f	3455aa23c4079b16f0c147680598193034110d2b4b1f33095170cf1a94dd7cb5
CP0924.md	c73367cd13893d5fcc676e3b4d33ee997c05fa52136adcf5b0a1702dda43c743	01be4e0c840b17c1666c9f0215fe5a4edee24f681ee355320e294df234f40709
CP0925.md	9755f0b1447674c49591459b7423d516b84facf7ad47eac4bc2a0b2de8440901	0a91ec443696ae62cfe47bc8b2e06296a2b309bacd9b9ffcedd8866d29d332f8
CP0926.md	7bf76b895e901f7e18c141410cf695bb6f4a56965ca7072c207620aacbba83d3	d4d2d256083d6b0c3b320015f5137a4c44d797ec8f742201ae438a68238a58bb
CP0927.md	a30b230fedb540c9c582e869879a49f2ac1b5dc4f2351a5d4f502f6bd2770674	583052be68621421939130816684b5ab4953005b31bb1017c1b01fca6c5b5f5e
CP0928.md	a4e5e9c8b6196c430413698a411810730ee84da2c3163f3a93dcc1fdb68d1939	c58bf3f85a13460f7be9183dc64f754000561e27c11c929338c47df8a1fcc28d
CP0929.md	d70c7d01f16ab3087344a7b2a0b35820d3b35723cc0a7c76a783d37d104b8978	eb17dd07f86b7195793cb9c4225aad2583468d93deed03467b07ee1f3c66d338
CP0930.md	c63cbe8a415c80c9d8483e3653132cb3c201cee0c4e223ffd12165735e464d73	2c8a0266e55320a004ce6eea9a6b1c6cbc4126f8a3d26be9937781e9250f4546
CP0931.md	debec77a235ca047a235089293944925ae823081ef5673dc6f5c01dd0fa459b7	da86dff4ab0fc4549306ef541cf7ee6f941e599d1af5b2bff5c6554e36fa8557
CP0932.md	448efc50f74fe43c0b922297d0ce3142a7293c22865e6bff08b6dc0ca697eb81	30703cddb43603b4c03ea2fe7481637c0b7da3dc700c621912a74c20e917b52a
CP0933.md	79a7bd5fa5906e07becd3ec9dcb02d3c686f2a0348d7576b9d1eaec43a11ac5b	494bf6587c1c967067f456ac488c1448f04cc05eb314e2516892d6e01db0727a
CP0934.md	228d041cc35c644db18312a047d629eb1d7b34f30ab6921fc7b79ebc24492094	38c5a51dad25b189b44fe854591840172eb8bb94b7b4bcec975922a9fb512cee
CP0935.md	fcf34acb425aefa9f2e5ce4f0e17bd789dd9111a7178be8ce11fe03b5b834ceb	8777cc0f787aafb9aa230ec87788fafa5566476e06cefb3dc9db6e68d81a96fc
CP0936.md	6b2d09a729e6da5a326ae46507d2eed0e037c2fb50f268403306289e1c2e492d	ddac82fa92b812b67a79564f6f2ddda9899943b1f7f684d58af5da879620f180
CP0937.md	1821d50d78d48686cc893534bac3c81346ae925ac297437627bfdcc78a7d5819	5e70d1f23becf3b9b0f9c890da996a6148bd5db43758b271265f9b18b0194700
CP0938.md	1aad21fc1118ac59e157adfb3048caabf9eb2abecd1f7c2a6cdfeac8e2328beb	974424f118139fff614ead7826f50c09a32c439ce838350529a31a7aec1496c2
CP0939.md	8659227ef5c0cf00cd427171070cf27ab5df206180c385a0739e39d4faca67a4	f4c9803b1208e4e25b64c23c5a9f25654addabe3993669bd0e1361536f2cfa0c
CP0940.md	1359b4f2286049e1dc285c7478dde96082afb970b94040e5fe5d9b8773ca22de	223bbb0cfe8c9b0c8101871dc1c5dbe63d7b019deb2a5a9a3a970a55a4f11923
CP0941.md	aaba92c091867a49b612a2587cd10d50d731e357816d62c54d2ebb505faa75d5	42e109134bd4578f0c3a4b506192116e6558e742f0e14037e52cfa1ca86936f7
CP0942.md	1a02a9d9cdab50b7c73cd4b9963588c3f6f4a453c3ae620c61835f253dd98edc	44e214e29511037ca760867ba1fe0c46b7ea115e0678f6998ff4430376754a73
CP0943.md	7d88a63de1a8ac9c03e630b2ae8973eb19097d25538fbb56fb6b4cf66d376b5d	8e82b74f804f49131d8d12af1f8c942186994145b27d65ee77c5953eac6cf082
CP0944.md	ce68b3cc41b2477f59b927b18a9d868612e0c98caaf712a8ef9070d3999771d8	fbfd649a4b728cc700a1217d5a30ecfe87819d4b17aba87cd445062ca23815f4
CP0945.md	ea8468d685201688220a9df22ef7df7cba952396b4b22ad53c31ba9914395db1	fffc95e76b1b2698e5a05fe1b60c29be025c89e691339212d9c2304077155487
CP0946.md	ba17fe0a46679c6f16cf32755a65ae3366ec9cdb54fde3ae5ecb40eebf956477	8e5e701c12915b5032de5924fde80fa2ca10773e02adcfe2c2ab84f899c44725
CP0947.md	3c4d8792a4c5ade3fa2360b603cbccdd7929c6d52cb112787023869989598d2e	be2d5c143f6004f87bee9d3396c03c74923a953d83c094fb3a122202ec6f49f8
CP0948.md	62b6b3482730b3f9fd187cc686c8d119443b06c36488dda8edbcc66bfeafaebd	a83c50badd440c3c7ed4e38435cc71603dc7e06d152aea63bfbbb5f831ea538e
CP0949.md	46ef5c5d5980872590c60edc7185a3f838fcccf17ff708ca8e8d73fa1c77725b	a8e0319646156954446a90ee533d89ac25aa24af1b47ee6927ec9b09459beb1f
CP0950.md	b64fe95ffe290458bf1f3e8ddd2bb53b1c04ee30b7619cb144aaae43a753a8d9	ac84786113c86da5e1047e90cd321e1aa4e0635a6dd6b8a7476c5c91b9d9ca96
CP0951.md	66fd8700945ae9b5a71a3b4d57aa73721a53c0edacdbba4e34f070c644a67547	c18f835ef2e644e4a78070904111a07d7dd7c3e2d7696b3c0ece54ec63edae0b
CP0952.md	1bbfa5a3429a9bdfb33bd93d35c3d74b18b105357bb597be6aa8e3d1d4c99972	5445805ccf4c8a76b565abf46d11c533663a144de7cadd96ec9150a37a5c9376
CP0953.md	5d186d7d51c32a9014e8b00a2b417d309f2b553ae7eec61e5092467ab9d0c8d5	579ee0a2aa539c9ffec7636291873466daee340c280e7d6e6b7dd27be131c85b
CP0954.md	4b61386e423d2e009afa13bc89bdc0322653fbd91d93894c70cae350ea961978	39193ab4cf6d328ef326fce88cda8320a20b6d9feb665a7cdd06afa54e40dd5f
CP0955.md	2c9c50e82e5fa3f33f99dc3e7eb651f8d748f0861b75e1927ce81449fe7ce128	ab94e64f3cf28d114da1bcfba9350ca8a29e9b598d0e1071a835c4e40d47ed7c
CP0956.md	84ada34c534364daef6b6dd527396b037680714d8732e98bc4fe2bcef0f98e06	104796c1174ad6d9f129e609f3bfd188e198f958824f0efa4da572de837704e5
CP0957.md	3c2a2383a670441fac5bae645bc92e6a2a98c7d59f5dfd4411015662b8487670	30d24639a533478ca2a0ef8a3064b23a6a150fb25ae587badf6486985e07d832
CP0958.md	4e5fd6675446b98cec6a7382997f9c15b8af49402cd872ff7c94c0e6fcbe218b	d1ce0b8d37df845d9dd41dd8e2caeb6c10d7a7cc58c2b4815be3b244bee18b77
CP0959.md	845076d41487a56f791e773538fdadb26a6b2fcdb926f3c612ce9e841d08713a	9f3967cecd8091f208b5e7ec1fa528f88f7d64dec641f68f9b518702cab3e484
CP0960.md	63b55ddc9b3268af61e356072cd38726ef0f67f744171c23e19186da162b59c3	bf954a1f5e5bac41ff909872a1f098344398bd15fa2c1e80dc603e94a4107c7e
CP0961.md	30ba13bf136491b9288191c7a00aa9d6e8a425bab24c5feae5fb361df496de3a	c152efdd177b0245bf51c82989791058b1a6406cbcdf875764697c977d7d7f5b
CP0962.md	3367c5255795beaa1d818ee612f8ea1eebde379924ca8879528790deb528c986	89c7b25adaf10c204f0ee75546dd585654c878539b4624b7f98ef57ec08e99fc
CP0963.md	30e8cf930f508fdef7bc8bf1f9ffcc07efa567a13a5f41c1a6289157fc24e5db	5140eb8576edeed262f1c72dad971de049222fd7a6cd11832b27d504f88e5262
CP0964.md	6ac3d973ff6dfc2a80a81d6264d6e31b44f9ee8c915ea2f4f3557553a530c47f	d107e89817c33b111b4a5708d0a43a3ec1bacf773794aedb6adfcf8d8cf0f4e3
CP0965.md	c50e7bd1f3fb7eb38f339ef09f6e9ea40e54cf6ffda540370c90ad63ee6c099d	b04715ac7d6c37b14213658ab8b28389879b8f1e2fa79204eb35683b8bf31415
CP0966.md	70670e00114e3df15bcabccc8e3a76071006b79d70dfe0ef6b916772cc704084	14cec857c24b49d1c99292a5f805704e1843d3a6a9a4b01298e9bc9d6b7722ac
CP0967.md	e9e2d5d6070494bae7c7a12ab45326e4558091536aae028d7c82a9b9e2c067ce	4fee942ee6d9d42e1955d3be203eda5d2ac4085953746abdc70e26a9c46ea94b
CP0968.md	3e357502e10fa101a06bd272e4e225c478e014c3814c30ff8b11388a5b4b78f6	4dfe1b594ddd40de373de40736a7cc8d548cd1b3d7e97cfe586c1fe4d763b6ba
CP0969.md	d20abe41843c7c0ca9f03e33d97ffed0c03a33c6f080497965546b0415d4c639	2d93cb2b444dba4db5777a3096001c6d955f4ff82e4d305102bee2698a69021d
CP0970.md	ed1d1bd762c91468c539fc2b6ff576b4af14db07c92da7d4c6d107cc43747aa5	0e66924654d874450f5f9dbbdfb285a826cf9f390fb7931b6941bf59eae38d0d
CP0971.md	8992e3f5ef47de50af5e9544856b91ed5938839d6970b8595a5aa0c7c45fac2e	34bd51473b9fb37314656e9b49e9fb6745a4ec789ca9dfcdfacd389e997523fd
CP0972.md	6dba3de384d563e00937410abaea8474038f397bc21321549bce95e92dacbb7c	15487bce00ccb502d0e873227ace612444d5dbe1a9cf7ae773174830a6f2bda3
CP0973.md	2c5baec94b90a42502cec04feb1378dda57e789deded9d2e8fbd470b1311ea38	07b488589c5831a8618c0e2cd534246803d4293c03f5853e60aa7e97517d8996
CP0974.md	8dfd89fc469db7a840300103f9b32ca48ce7ddcdc537e0171c97d1a29e08cf08	40492726817cb9e5d98f2b70960de8e3487959510e81b8edcb5593a0c9f4feaf
CP0975.md	93d9204ff56fade342d501512820783235d0849d45ff404efd7e0aef26baeb34	2f3faebb0deadd77035e33cb012f6d478d7bed713119395bb81f51bb5dd62ea8
CP0976.md	dd1d33b29982b7500194a5a6a4aba5bfe4eab7108c9f9ffb9559ace9b50ff8a2	ab244a113ce399f2287b045ba2e390ba619f8a707864b4e8e7ccfdcf1a00273b
CP0977.md	6d01f0928c034c4beb0e8108babb4164ebf143d88d55603803b1f411d81a1f40	2feb45a43457bf8b867f98f18e1e28a1897081b1d6ba91c2a485cc3a6236a372
CP0978.md	9b0d5479ac423ae30a244ff111002b95512ac3c0a65dfb3f090ec40f32a9810d	0b53d62a7859aeaab146baf51dada601e7aca19d0171991fe2e8ce4d10b28656
CP0979.md	fbb58644b2b382716d86815990a07fc6b43f2390b819f2c9e29cd7888eb03c0a	c072b9e3bda33847dae9311a5aa5632865b58e42675e3170f44626b626178da5
CP0980.md	6f23dc347277ac66021afc01fd2d3792e0af457be74bc430525f64f8d1949993	1e6bcecf242e55da416f4112b1f55c9a85d2b01b9f35211002741bc63ac32cb1
CP0981.md	caf56fb363a30c86d421a483681834caa0b163f33e5eaa82ee6d063952e9460b	d39090ea71e8354338eead158cbd629c47778619a139c69c6fc9e9fb0c2beb57
CP0982.md	9b8580f4818b117b0ebbe3e8488291314fb3def02184a88686af89bae7dbdd98	6c352d3f89530056a104c85c4726f2636969618c745c4659b11a15b111a19b51
CP0983.md	beb35a6ebfa3d57a4334124f69d3b95b0856452cabd65e9f1092ea1d39c91a40	19de5e41e7b13644e9d3b6504927b3c99a0fdce63f28db8298676944224bf0eb
CP0984.md	269abfba35cf550b4a7b75124b2a31b05a09760ac94e11653f8091b33dc0b6d3	f9fffbd8f205167a2c93e047730973c2b374d26492037298bf401fef1c702119
CP0985.md	a3672ac5df121114348f3e9ed5a943fa6d0b5441df1b5f3e9ea545953f6d9764	6bfb436b45d95bc09277a45b1e1932c1d3c7c26bbc315f80405f5c0a4ff35b5b
CP0986.md	30b657c18ec7a271f1bde65bd0c79c796790a2b4c1d4a74cc54f9561b7bc66c2	3d7827ea7b786b765b593ab7f8cf51ab6d005f93d3dfc367586c0af48dd875b5
CP0987.md	68bd0dbb4f19d7eb371438f2d7c247f7a56bb169859a4adf1df518afebe8e399	c34d4c37499a51c5decf395d1da137f123093aa10c234cae89a93a83707c0935
CP0988.md	e228ada56f7cb772403eacec5f5a393bae2e4d8e91e2ebbb2504ab1a13b8c259	4acafcada7a544bd68f5a3dee4c5d378231c4e1e5463bc829e93cd2d4c2790a5
CP0989.md	4807a59b7e11632b5a58ca849b33feb4a62491767cc596588aa9b2d8bb3e7e68	d21339d801b33061ec7df1fde66fc46985cc3246b832e7a0426ca7290517cf7e
CP0990.md	1dfd95e177984c5ba6b9bfd5d19b2edb45d91c7ca050db83dec7bc716c37ab9e	98c7c3a5ad13a13b1fe14afe9166b2004b78d0f6a0311ff99f750c8c7a7917a7
CP0991.md	f68eecdd1126b0114cfc60a9a09cbe683a13c7008e09f5fbf4ecab3b243256e8	68ea0bba136bb5d3975e55439fbc71a05c79cb82b544a8d846b72aeda04702f3
CP0992.md	0a2e56661de462257e440b80af888ba305de316e3b086dbc12fe8dd1d1bd1044	b0e437a7c2eefe464152c94989019c23770390690d1ceec6449fb91e58d31b75
CP0993.md	9d36b4eea48d1913cba84b686bcdd31bc2303aec00c7cf4640740677424a94ae	416d6b1f6e0fdffd924c5116170d3e72466264fb53342020375f6d09e81220ff
CP0994.md	29f762b34483a2838e3eb40ff62da5c98b0b57fdf76c90c3b95cce0ec115c42c	63a6be6e18d67c432bf75a4ef4f8f856ac99e2af5372c0974a0c05fa49d2b51f
CP0995.md	fc93adf21742c6b7b357e9b88989a6f6442e38739ad03ff4aee1942accc98003	c252b8538ff7188d4b97ae2e20e01cc5120c309a6c9be877698e524a2da2d54f
CP0996.md	d827885828d1bda026ff74bf6b9bea71f791c7cdea3d83eafd200fbb9f2e8913	8da45a22d5e498aa02b5e98f052561196b7d47c76c21d9f87aa039d22d9943fb
CP0997.md	f3d9340a9c267696a9609612e2487d3fb5b8de321560efaf2e2f166a8f056047	1460221111225729feaeaf2ee7d10d87ad36684907d3847552ba34b5744628d6
CP0998.md	d3afd65c8c205a3b9c34b7d250488a9f325b0e91ebfc445e76214848a032d43e	1d7a68af3d39f183b09d49f6e399cf95e4d139bede8308acfa274ab43cc731ba
CP0999.md	e3b166fd646c150bc61878143aa6ac8de2b6a4932833b71b377773b319af5107	147d341e2057a21c61c05794b4d33736f5a8a67f48cc379e05497af892e73a11
CP1000.md	56e4249edfb6d81d8fa9b1f57f05a66acff9022b82952afb89ce87dd93ce71c4	4184a05a0dced1a0a50e98f06772ac0ebecd449c3c1d341dd2a143d6ae96bc63
CP1001.md	d50f50a0adb783702eb22e07feaae0ea4895e14b4b8ba8d900f3e2cf27d567b1	a73c431eb12cadd0b70f03676f03442f0ebfd4732712d5f649db4377fe7915cf
CP1002.md	0c39b37a35dd191bc4aa7556288061d6801c5e68b8fdcb627f44a3ea64f7bd9b	f33eee3674b522c6f5e251857fbc320d17ab838802bc59366489448fbe375e2e
CP1003.md	da3378f578ee9782db2f9db2b559f9183cf5b8e95112566954a92643dc5e622d	6a084e0c24b813e809356ef843e3f65b2ea7ede31b74c3982290d18fbf0c7c4a
CP1004.md	ef1652d4ce3e0eca965e5dba354370cc104c9d95f48037524586eb42454be750	a5a134e37d306998395e412dd8e7a02ce58d977023a0952ab623d8e5d1f58424
CP1005.md	27a3aef2a4c96e0624bac09ece6dcff316b2f436376ceb2f506295feaff1450f	7b04b0ec7e02b92e6a0168fd32d5f455132cbdb6eeb1f69ae2c0f70b7d3c80ba
CP1006.md	b6fe8752c63ac9ac7634f238e856eae8295cc217db4e5a40fe436acf55be4917	6f10f5a3de466a89ee2878196e296e30d7ee770a49b02f56b473648035d7f205
CP1007.md	979f8dfbbcdda2fd030e0cead3c1cac201a4f3ff803d8fb65a907e953cc3db27	85dff1e65b777c4e7fc9c9ba4e85db4b3b1b434cd443e2507d2dc0f2a283e4a3
CP1008.md	d846765f8d5d8aeb25dbc63a83880c08b2169ba07db8d7c3b73f8e7db25fdfa5	c5b2cf60802747b2974e8a012a1234e397f4b22f0392b28ba965127ee4571c25
CP1009.md	b4d2ec8f891f306195e85d1381399ef51a4e6483ec4fd94a2642907fe6f5a0e1	2721d2c2bd7d333c0e634d18c228a7aef19e1e9d3855479a846254d295d6d173
CP1010.md	3b0b149b5eef2fcc41b35a4773bb17fd69d4b18d7fbfdad3db5bf2effe9746e1	a58b51a45b34da1d457a038753c04027d870e2651145005d61a527c7b396a4ca
CP1011.md	515ca474fe9ef97cae66985da1b43d054a944fe19500a7dc4e278bf3a92cf5ca	8c0a216f5c02db17e081909dd09c89e08d6992b4e7373bdddf210e70f06d597a
CP1012.md	37d47654b25544fa357f05a32c46ac582e6423c1520ff4d8e8f6245502d8c412	f67bf8236093d95e1aabefe128167558160eb27b465e28220b51921a0fbae6f5
CP1013.md	79fbb6d71c010e21b6742f84c479ca5398da2b0c395fa09ff850dd8014c8547b	4fd4d5456d9c807db5a89bc5291d9d2b1743b6154ff89f1bdae5ca70599c9d42
CP1014.md	a6f0510a54e79f1c3e1c8b66e2e905698d2755a1216f614008d54981691c7398	450d58fb2fedd56a66262bb44ee9bb81c55b368aefb8db11d4b4728a29a04811
CP1015.md	15cecf395a4c1b8669ee17a902b078a30ecb9cace1ead456cafafaf47a2e5239	44b0545b4870e634878b3ac5b1ce9c03de3cae35128b0dba9af567b41cd820ab
CP1016.md	6458b79e8cfeb55c1fa10ba0e258f8fb1c51c5d86c773c315cab3fcc9bc5aa58	86851f41320838d38120f0493592e184cdaaa747115b9dae4fb4b61e4ba39e8c
CP1017.md	ae6db9d34196c993f15eb26f1521b394bc5cbc8e7d952be4020d05fb88351c87	e6f8be3bdae818e4ee8900ee228533a9480e461287c4462aed6532d4a2198088
CP1018.md	621a4959a5a7a2243840dd592c1b76abaf65ff6c336ae02f2cf17cc3f4300555	fe64b16801e39e5c55904742c1f108ea8ab3fa924f40e3d387d2aa01f867eada
CP1019.md	281559c09ff20c7772e7d3c3bdfb9b47fa9f5211528e8ffeef46b8bd28f9be1a	f894dc10cc18bcc38e77061bc0867188b6e9b5629b92f7d6e8a0372140def2d3
CP1020.md	8d153dc8ff973d3ae71ed6082c9f329edc55539011e07a0358ec338a511dfbf6	6731583c8d5d05b9ac591892f5fe15e5671da5af2b05e30184908f8b4deeb8a4
CP1021.md	5d0e08866ec3b333bb960a059dfde9e581f7374fd50778ee7c84c6e58c7b730f	e7283e3b741fdc9d9400db072910cf972c8324fc8b5c28ddf6abcdb4165b6000
CP1022.md	cd0ca171ce846dc371adfeb7764b2ecdcb089e20c47e569b0fc27da96d8e6868	1fa546c25169f8d11a387f1eec63cc3024d79f8c233941696b693aac5aba721b
CP1023.md	226293a544c3cd6ae969af00464ee54f0f7f309903aa073db19d183828633a16	107e1ceb83c246bbfc0327afab4a79448893379fe671366164c1faff9d5c534b
CP1024.md	05e6b4402fa36abb17126d0a94db8cbc18e9a33c4651f6b57611d8225196900a	6c2d9fc9929fa7bcb01b2077401e5ae8599a1650c1448180b3ab45c670b68e12
CP1025.md	6d3bd5dd8ff3bef499bfa9145a004d91069978cf3b11da5c42b46be8fc6aad11	72fbf8ed8f2b13d04fb8f1763990fb38e45a574c08b93fe68c2e6e23b19b66ab
CP1026.md	6106a5e115e5fda52e97fc1193c4d722ce9d5d4bbb6d76034a72834d11c70531	2f69adf5af4088818e258db910ca4d9c10b25f88221a0c9a4af3fd44dbffe1b7
CP1027.md	a4130b39a8aeae53faa0a9da63b62ab15caf70b08bb93b0e00428c2896588215	48de6980e2c4aa59b26d84daa1d7b5dd5a757711b6879e4a737c6de20c0dca78
CP1028.md	fa56449fc112bcf9fd4262b9d1a205f3a8379ad48862d4e5dbe2c0cffe582f54	881a925ae302f646f6ac5538e918b62586c414b7b2acb7caf8f2b08ec8263f98
CP1029.md	9fb8fa8c0df4045db3b3151aa3393531f93fd29f01cd1c547568c8c92129005a	bb95f21596ff285aa4b5cb23aa8d1a3c2347edd3a055a6bf4523bdc5c9ea750f
CP1030.md	bcd72977974986362dc119a4fe6c86f5a41631818d92cec21597060977c2bb7b	e62d24f5991d50b32650162b3917e74f81bffd713f48c93d934a902dcca9bacf
CP1031.md	2c716de1a1d7ceafe24bd48f93481b1ea57daa9820e0578f606374440d9472ae	191a2a1a1728e040fe4acf51996f726c781fec5ee2793c373cd004fdd47b2551
CP1032.md	3190f8ba1a18c89e9107fc80021ac980850b2cf9a8f9aaab0d047474001365c1	13d370073b4e5048506d6d63e4d1fba259c5fdc32be1bd979b11049abd0de050
CP1033.md	5b95a1ef77d08b8da8e84b0a1b11e3d2157f055ea97e268f1adb3ef34aa6f8b2	44384b7e8e89b13b4aa2d0ba80c37244f68406fe0158bdc153813e2634ebd5ce
CP1034.md	83944bb8d0ee3f300614a969de65a74dcda41122b315938083d2b4fddc889eba	5d6b29f9c8a1fd201a687e2d670a70b6d46864246c178901261d16a71896800d
CP1035.md	f0e462ff1e6addbffdbf4e015be41bbc9d72e5dc3feb761cecbc7590de28a1d9	8a35318d552087d50b1fb834d212ac14ca7658b4c103c5c9b103e95d93a602b5
CP1036.md	f6d8ec5a3d9082f1f3a03fd085b7ea3d8c8cf6c9e36599e919746a710f9d7260	928733cc49dbf217b0bc2e7716ee701c5d4519ff685bc60de1742d88ea7c144a
CP1037.md	0c36db2802ad1dcec7d3a4b4bbb42a60d632a0e4e8054d7918340b999a174c79	d01a66bffe01aa8a4f1358f590d08f7526285edb919bf4f5d67e4d912b6a2970
CP1038.md	ae7115af3cafc0083c9f8a1c4e63aa8a23a9de70bf598c0e5b5d5341e4996921	e13b3c30e0ff5b0e0c3d1198f32163773dd66638e9b5d20acfa20995e5c8fa9a
CP1039.md	1175c1f27c8f4891e6c6caa62065632f1a6a555d4958bb10df22d0fd0c0917f1	ceb245a149d5ea8011cf47226a4ad57fecafc1e759adc63746d50543405fcf92
CP1040.md	df9c1d5f8314b4cfaf2c5c1b401012af1d1a00d7dd566b58df159f548daf6d46	e9e51093bdf6a18fd8225693728cabc7dffdb17141bd3875d444d69aa3d7cbaf
CP1041.md	c8f58e27cd36f5b1279aff43ebf28e691db19b9dee00569e980d80cab90ea828	84fd99de917c62771cf47beba636062a4e5f93e3447851c096294ab2ac9371af
CP1042.md	4a02604fdd0a607ee3a00c04a0ce9f756fd694ea065d2a4d2b887097d80e56f0	9ee296d60159194087891de89c2615d590dd5637f50e7020a9688e7e62d72865
CP1043.md	5d31897f8b66bd452d11f2d48c65fc49e9b926314b272f759a6642aff50ff708	e4b950b8bc36ef160c0c5af7c63acab9b5026b22641a4be8b654d4d52b555d8a
CP1044.md	65fa081b7af253a9339e2838a617d5bbf96ae62a8a58bcfd6e111b26596ac642	f46e9ae84139908be50ca8057e07c8be470fb7dbdf7d8171fe7a46dfcd0fd5ee
CP1045.md	ea201bba641cd8abc625a1bf25d7f4fd1768ff67576b479d9c8ccf42b6150484	91f8eb0995523e05dcc2806ca58fe5030c416c6f1957a27f79d2428caf045412
CP1046.md	c33a434ef18eae73a409dce313134dd9288a2c14bfedc1c92760b572fcb8db86	d68ef2265ee476c51e775c21122d7107d2d2ea34be936608b0124361c55376ca
CP1047.md	cdd706be55a4ee5928bb08da7e22c4cf5374e8c7513d7169817b7c51ba0e292d	78d548c82b923f4a85a2553367289323c4e252b77b476b78ad00deada87ea4fb
CP1048.md	1840e311111ca144b833dbaf47cf5eb13551867bb6034a54f05be3be2fe9e97e	455499f4251046e2dd68bb3973c2390f90bfa94b1baec995a2df981b569172b5
CP1049.md	2dfa1a1cce6918c3591f0e8b30ecfe9ac32227051cf550d4e7da6546ff5dfa3d	97f961b3199760e036310267c8ac449dbd7b257f58769eeb22a99c42558493fd
CP1050.md	027c931efdb51a35af697b889de4c0a4429c15363b93fa8ec930c2ee8b938248	242b185e5b8e58f8656c2d8328514989b9f768bd21640fe3bf895a887edb4ad1
CP1051.md	d121dfca9501c04c4a487fc82d981fe1eef63255fcec0c829a1fdcc1638d9f4a	19fda134fcd0f53206bc65906f9c25103edb8ab67a9fa6a23c17cb55a0721429
CP1052.md	f5b85123bda68942946eb9e9614703a354b8bc5eeb957f006f6ee0658a7fde50	5f1e509c2a3a4be0698b9c8c4955966a4e9db82b63a6420492c72f5c42c3de49
CP1053.md	cac3ef0a9059731b9c77f759abee1067208d2e1f1f4a748d851176a16889a3c9	5f7c073decc4a98ffcb167afa24ad9c6b447d4eeaf6424c904b8d2acdf2efc56
CP1054.md	e2fabe35049bb24a43b16b15acf91e3b6a220bcb6d9135dfa59621e0478f416f	4e9ccf07299da6b8d90d4e78c84d870f87b3cc7bcc1998d291297e8d9e54a805
CP1055.md	c0080b09ef84935b05883245276c657c73a57458aa1a7a84eab7c0da2bc57cae	a27e42dfebf62d453b1a4143f6b812660f95309532e10e16063833d9ad9e1bd1
CP1056.md	67d369129e93d07aa608fea22c829b99c72e79c8cdfcd2b989c6b71b77a452cb	7bbbd4e849ac9a87202376131189bd1b0de901d319217ef6a0792ba63c593802
CP1057.md	07c58c49a72e00e4184f730e5dac56d3743579770f67f92cee7a0aa9d75c004c	317a41149756f11267f5e8e125c6b1febf318517e63eb60a783d77d682e6a51d
CP1058.md	9810abf4a3d33042637efc36ee1332fdd976b8b815cad6674b512c44b1459247	568772b4f185a3bf4144b6285f6c186a039f7c9052170692b7f9adb85b4cfdbc
CP1059.md	5adb2cf50a523a8f8702250e7608e1533a3e3bdb52ea6e8f9ee6c17c2165497e	a189512add11db44e106f747d0ce427a867e146eab2400882e89846f01872f6a
CP1060.md	597edec757003875943e2d45b0d2031842eeb0ff9f499c9dc66e04d665ebda4d	c168e5e6d4d8c9e8af633650e429815f9be8ff2f8cbb5ca15dc3438535b62e32
CP1061.md	fc689c09b92e5385c3e1aec6d84d66b1fea5414afc1e5c57ce0c4459ac8ddac6	e48f9d45bc6d30380e63e6607b38c6f710cd3e68247e1c9a013acf436735c0f6
CP1062.md	86eed4f569d914dba9317bd723de53deed045f5fb4c07e7a9926b96443b634d5	12d64f6c398261ac6b065a4f6b94c688c18d5f90186d1fbccc7b9ae2ec04c385
CP1063.md	96a845e2234d5e42e5d89798b78060f1c41ad8b6e806f3f1a18c5539be9949a2	4f99c8c07dcf505d0fc48fc5e771c45691ea8e18e8200221c8f4bf91ba464564
CP1064.md	0daca68840ae0e8e70615ac529d3c1f5afe5cee009a78ab797ef30b053b70b84	43817891f0310d3a6db3975b3712740e782681b2da0c693c716554cafa5d1f73
CP1065.md	be063177f228088fb286c51c5ffe44cf1ba248df387873e54b65c5aaf30d9aec	b63642fbd95b9f035c029c62f182ff49c49a0318053a0875e929d8326c6a7fd4
CP1066.md	b152a8f62019f2fc30ff8bf0930967bae2d8c43bf0d09200b353d2cc25de30fe	3772fe774935e16bb8f858fb88a17496c76bdbcee4410783b9032497b0d5cd12
CP1067.md	abce8e9b29e17cfa4af1ca6f6777ad0e2902bcf934da8764367b5b7deb755e90	7345eb75fc897206c9f11d2911f1aec391f9d1f62b35ca34ba913245cd98a518
CP1068.md	2bf6af29a3111f024689b0ca6502f95792d0fc1f264eb4761de96c8302b6f628	7354e69f1dd2aef943433cce7f14fea1d191125e371465e91b7ad74a1760d390
CP1069.md	04f6789685cda6e890f5c4dbc37664c95d786476844d08680f66e68fbc755d17	7927e00669ff522d324d2b99e465a5a66942c631a1aa52a109b7bbc58c166338
CP1070.md	4d583ad24248bc61de0a02d19803bac0a38ec7bee63f4581d0d3007c0c150e4d	416a5002c58007a0fc38c4ec341df178207195b186eab1f701851a0acda8c4be
CP1071.md	fe23605bd0e04ed16686febbdda7c2b27c133aec0b935151ef7b16bcbcc8207e	1423593e9159d5653bcb23364a12b1e498ab42634b420668a97a4e0452741294
CP1072.md	b4c3959c217df449fc2006a98a486898f115e1528e059e1a60240dd3dfe747a4	8d5254115546249bd0bb83e54c77b8cd41620ad345a142be5e5fc7e26b43de10
CP1073.md	18400579b783dccfafa658fbf8e90c6498408bab3792c57b79a0797ae14abf74	395772bc9a96449838abdec08dce60d7a5c49339ed2208c32fb507f299a697e7
CP1074.md	fe15b3f151482fadbb00cc6c5ff007e6a5695552c7fb07ca095ce9025a3dd19b	cce7ebe2e4c3125aaae7d3ba988da74ff002f17f2b8cbc46a2b380d97a724944
CP1075.md	a581e27b6acb9bf9538d632e7b35891da34b6f8391ab552cc612cf7e078a7ad7	658212c397b4cf2e27f76973e0f7f63702d84a5456ce08e5d31d35cc0f1dfc15
CP1076.md	44b4d59b13f22b38e127068084235430d2bcb652e788be5337ddb65f7c676f26	371018d70ed7d7e0deef7f933a763b5a6922911f7dcc9e7d5c9c182cc09f934e
CP1077.md	7012dc68ebb47bbeabec5a69fcc01206e21b78608d04c04862f8ed0e4a3233d4	74cef0b6b8a0957d6f5df3179e06b4a753c60889bb808b494641efc51b16859d
CP1078.md	58f34473e2fe597328f8786c695b7225b5d4871b0bdebb5530cd55affd1e5a89	2af540e97a0944f15514dd6994d7d0b061484304351fb1c5960c3dd31ffce23f
CP1079.md	e8dfec80e220592a6442ebf888a012dcec8da8ebe0d6ca87564bcfd614d459f3	2870cc34e0e17b0bf4f08be0ea69c8a3ec7d87ea837a409da6ee9a8658797422
CP1080.md	3b9aa538f4b00ad594fcc9b74c1e0b4fde99996ca1c06d9948721996989e62f7	d1ecafaecb1c3dc9b245eab753a218b8c2a7dfccc1050f2aec7b48f1ed40b9db
CP1081.md	b603c884f477340a4f264c993bbb61b8098d1597244ac929bf0b1a89bd2ef7ee	2e70fee0773d483620ececb379610dcb758917c1b468dab1ee84a89330342206
CP1082.md	d813ff7c7abeec9d9c7c34a1dc71e7c8649509557372ca521cb9e049e8f99530	8bc0cf3c79527fc0a5a6c7d4b7c8b820fc92c5b2c21b8569d4bed7a82ce8c078
CP1083.md	9ef7fb020b81a964e9e817f8cde4e3772ac59b5324cf193b64527b2d657b6721	3154e9ee548edf2d036acb532e891152817e501dd73dcca962068a1745ab1ce2
CP1084.md	a8237d6c886262ca5caec36e8c76e7f2902dbea65e930f61383c9579e0f50722	07cdc02cc85990f6a857649ab12ce0a4eb785b6df1e0626e71f0bcdeb884b75f
CP1085.md	398934e8fbf2507e792f64ecd896feea65c75bdea7f6b5a707a16cedbf11453d	0632f9feb563114246c5ae6588af911e7bfe2509c668583771a9b0e563684824
CP1086.md	0b658895c734559138169da5471fb4a5b77a2816339115d3d93e7209d7bb4ff3	02c686daf754c69f38c53b422d28aef1c430ca4ec94504dae6178d344d342af2
CP1087.md	e14ba4165e1754dc4aee1d7fa5e411e3b9d59d85bc703237fb3ba706bc823aee	ea83d174b89516279ed295662b55cd70fb66a263fd424ac2894b1a4a781abb69
CP1088.md	28f8d782e1979ae47e38d74ec30ed90a61e84ce188f0cd1c069d2e001e002860	9307c9031250424be5475aec1a558d1b8b2a1c1f29067f0ecea133a4ef22679a
CP1089.md	6b9cf4cadabcaad8812f70a6de675c325a0ce286c5a404ed2191ecb145d97071	60d707c7530a9d71e65ec8ea208339a1e4e7c62433a047842c88b6cf2ca61d3c
CP1090.md	babe3b84a459d26ffc33e7ab14b66453a0d785a11cfc40c8a096f733db64a98a	b3407849783143fe9e0bf0c7868192a281a4e8035bd4f61f8d8965248b76d69c
CP1091.md	6d723999bba7bf3eda4d70dd951ce1d580ca84524cec9878e36a48c546b68c52	2991b8aea1195f8a7a4e29eec2744741c526970852ed584f35b010d616a5bdbf
CP1092.md	328ef1ae5006efd1471de2b6bbd50dbbba6a6be035337953c57d072ab34ee372	d72ff73b65311de95dc2c2e7b373d0511eb0ea1a9cc2bfae02bac516ae921941
CP1093.md	3f744355f8dce92aedfb160a7720f44a96fec48c4fe47fbf11ebe6c35fcf7586	eca03a9218e5c5fae517191da47de1ce5cdac8edb5a9f5377f1a82ee0cbd49ec
CP1094.md	ccd3272fae5bed6c60d19dc26c3a435fc771c8b8297222cae062bc1b4998b899	e688ac69fcd0b6cdd878ff3c05e862167cb1cc43248991ebc0300c8ddb30b74f
CP1095.md	a9aa6945095c91bd6b3bbb16b41e3e1b1d734a2f250580c76844650ad7ef38ac	538eafcf24ef1feaf566cc208ace8086963ebcba39ac3b645e1d7289eff6ff88
CP1096.md	65394d278898f5d29553711bb52ade04e93fdcf467eb9e479852e9ae6622a122	0cb3d8923de472c0153abec73d8f3a5c93a7644312b6d500ddeb5b02917f666f
CP1097.md	e1a93c471caf81bd8ba87eacaa8fc7c1a79eac5f65dc2248dc4c94714bb135d7	05027c74eebe0582232f9331628f9c6d68700a1aa465dda1d44ebfdad341602e
CP1098.md	463ff08dab03812a3f55c653148e659c8ef068485438916caa1159354c42f572	088bbc412c2b896a1c97373c9db9f1bfe38f83a89bc149a260d56d040307fcc2
CP1099.md	dc4b8208c2fe8de397d0e7d03151023a159fb2303111250cf0f3c0b22561ea62	df5f6cfc0942419bca9d258978429fd3295203ca9e4166dc949109b891d09395
CP1102.md	1f8da7377a3abc322cf2d6f2a50f49bcc9562876fa350947dde72edacda6cf26	ef0ccbd56844b56bce216a06174e0ebfb0560544da030133d8882feafeeefb6d
CP1103.md	17f0e60bb67f5c0e37ad223dcf5d14495b7589177ad7471617f3f4e4bd63d613	ce490ef1c7cdca3e319bc9037f0fb5291d2f829e19e59868e6a93a6a919f2190
CP1104.md	e68a1c96f04e4b4c85bd3c4d681d4579ce3ac7c3f31246fea5a7130c070da9b9	9d882c659b4a5589ab3ca4c175f298bc2f9b6bda0eb2bda5a6b0cf4180688927
CP1105.md	50193862e976d379c854b6ac7e451ea899e8f4e25ebb78c6443fd73f60adfe5e	eb6721b55a4476cd86d54f4352435bb0db3cb6e7ad347ec14b09807b16a0c0c6
CP1106.md	05f257c5fa6f83c022195171a312b68ed04de79f5fd0e5078391bf5efe9d2965	997fdac9419b2f5fe2b2d2d256c0ab3f7fe33a5ee980dcd6e3ca8bc7eff3c052
CP1107.md	7e096c2d9d09ecf80c38656e785b9c2e2fef08a31a77e3bbc094f61b5bf7aa78	5977917425bd7c42ef54143b9ba24aa023f34e4bb7eb711acda359bd8d252860
CP1108.md	50dfa8bb53843acf23e08b397d1d397bdbd6ef737be9d030a29e8f856f8128f2	9c8451dde46cac4d52ba77b1212da69be8694e81be853255dec7dcfca58a91da
CP1109.md	2685c1f8cfff9ab502aec38c93abaeae9eb8a7a4c8a2ee35a56b9778e1e1f95f	9521575c38c6bd9450ff8b4352bf6ee3fac98a909fb803e57bd9227d4a24d0e0
CP1110.md	5fddaafd2a6d559ec969464e5e04be4e4b0e5b2e054ec6466104a6aaa60d4321	54b0af78fe6b27b1763132f839ada4c004e9488f4e4d989987d1b30a27129dbc
CP1111.md	7959ef9749448098245e60dd9b40ac589ff642a82e4e80b72ca9a24f4a8090bc	99ca900762fcb9da1a1c19141b856547df9c92cbce89a759d6f2126dc56a6d1f
CP1112.md	7ec151b475893af48d5b99668e9924206af036a46c9cd45859f6fb314a63315d	8cc48789883870e6e10b8b8821953d76bfcde14a9d5e0b7559f2a456c90c5b1c
CP1113.md	d80a457fd21f3849a93b954203cdb81a2f02fcb37f98c3d78fd89f0ec0991daf	692922748a6fc07ea7c502b8fcfdd790ca75bbd71c5425b1601ed96b345681b1
CP1114.md	5447f2205665e56b96b809c022c984027a7228d55ca97ca46b5659baea30fe54	06d5c0858feba9365e5451d88f312f31f8c81db048e4494eba87866a73204962
CP1115.md	bd4c0006eaf4fb7a81ad0b749197e3669a4cc89dcdf3f912e8875ec7eee7cbb3	a1de0aa7863b060dcf8ccba173b6cc94fa01b48f5588de1dedd04ac306628b3e
CP1116.md	4de94844971e37ba2ca6e7cc47669ae6506fd46446fc0017df77467bcfc20d5f	e5daf1907e8999ef6dc8f0dd37c33db58b546d0b7c303affb7012bff5eb3609e
CP1117.md	0cadb2448b22ed4c9e6fdc4dced10b0da705ed2f47b11907b6c5b15cbc50b9d2	82a3aeb313b7d5de1e5745e14f18653a9a2f3d34c7f7be049882a9fc6d71adca
CP1118.md	786d90a9e8bea251eaf6c57fe878c9bbd20bfdcd853209871962c9c0f8e803b7	1b9af61fa3a0b400149e81fda0b13ee7742608c9deba75605fd61d05da07ab16
CP1119.md	6348d760e55dcd5df6edfc504cf14857e169f1e846187a166d787374c6509f94	d5f6a8accbf766dc4653a673646935a423bb8653eb58b52b741c4b11bacbb9ac
CP1122.md	ddf3b2b9b7898dc56b5f4011833cdb4f6f1a7a648c06f683aa27e042d6bef060	a5160240f7b6914b8a7c4cafa56aa707fb864c4410ccf8d2c30c30d0013de2db
CP1123.md	92164f863daddd4d33c6e2c8fea5d25dcc5ed458ba7c826c518d4440558d23c5	8244bee8b4bc5d11a688f0ad8cc30dfb2405af89af1723fce084dbf316adef51
CP1125.md	d4757e5753f6df8e5eedb4ef29af05a951b48a9a723ff69e56d0d8ec6b37822d	bbe64e337031666d5a24416840ee6a1b28a43f5d4851df6a91a763b4b81b7769
CP1128.md	9dbea7c5f168e05d2dea82a3d4d30d2cb1c61be73fa5c3376a0f894d66915376	496ceacd7195bb106498cfa34ec05f148f1226a8a9a0b45b387d24795af999cd
CP1129.md	780888dae0b50709dfccc70a6729d1dc7822462225e24271fc9dc9ec734d4ab6	7c13f8fa61e948ee1c2a4c1aabecc9927a7696eda0479daf42d99b47e3329ce2
CP1130.md	a64906865018a25885258a3893201816ed5ea7f09f7d81a52e5e290d4022881f	df14353d750d5fa781d3a883b68808f628aafd0ea9f8428e7a0ed00de5e59324
CP1134.md	a57bcb6fbc4a1978dba94a155201c80bcd062a3031a27fd1953f79dd97c22e48	949aa1ec194a29c4ce19987faa27fdbdf69e6dccb82a75bca40f14d9b27a3145
CP1136.md	d251e210bca6846a06128534951472a5e4171a04fa3807ad2a10c9eaee47fbec	63df285bb49c9bee65a2fa3c6456e8d707ade45d4982428cd11b0f8aa41bf26d
CP1143.md	6c0f69a8ed50c50eab18874d79d6a364929d5804b95b88a3f499867f32816350	025ccf64c11a792e59b7031ef96646684c6abb40bdb88e537ee1393b793f441f
CP1146.md	1f5bae89a83f33f2a2a4c978ab80896dda6dfdd01939a5bcc36bd117df4021da	a43169d6849f573e926e02e1701ebc66ae5b08c20b7703edf82dcd98dfefb9c2
CP1148.md	46fa644e3942a50617fe6402805b0858d00f3b2602fc3c0660a02511d5c0210c	17a38f3684f911def94d09bdbeaca8850c1a8a4b13fd91e3da0bc8957b451589
CP1149.md	426c609fd70509075f4f32ac69ad87b07438f13ac54a5d02e2e178606dc796c7	e344d575ac6fb7a5e9caa93854b995a9b8c58e8bbe32187cd548809880318f80
CP1150.md	a6485f734c6c901aa4d1694c1614b5ac813c237a670a80a1a11e1fa72d34f7cd	0724d9bf5e72f2ece9402f83a1a0d04948766a321d4f337352f5e520f1aa7d84
CP1151.md	a5e8fda6d49917873daa5ce60017585ea12e0d93c6158d7cd1404c4b15984c1d	d82b68f03888c23916388a7bb467e1039782e154d7722a56f94af01441bc2269
CP1152.md	f50e8b480a5c265dfcc1a8a80402f25dd142d2ea324dfd83af9932c680cd314d	4d804df67dc6a98f2f8218e7c27d67451b87fe59510282dd729c64b6f42e65fc
CP1153.md	2f04ea3d20aaeaa184874595d69b0b3a3deb6ec2f02aba04d2d5a45cd8658008	450b216e82bebb760cd84ad08720c10db0ac90e81214af0cd5890ef0d09b819d
CP1157.md	9a7c98084c685212e284d5f6fff8be859e2eb4071aff22c85d973bda2cd8dc62	420b4ac67fa204e883b6e84e17ebe1bc9e1c8aa5efab5cfd471033b46b8fdfb5
CP1161.md	a0fb7d3a0a228c9df9514ad9c01a0f713b6e7a0c58e87cce9ffaabf103773ddb	0e8d1e74215617b754f6fa06268cb53eca7bfbe2952965f2da3a058b64b8a70f
CP1162.md	2a852f48ac0d3f926cf74c4845eb02a89166104626074c09cee19c8b9865d476	2e1abbdc5f15de6975f8a713f43f6e19821a99919d3a03d5a3562afe0f61f4eb
CP1163.md	360c091c1dd0a4c4447a4ee4aa5f34a501dc1971b1e9bdd2c17d7ff9d7c5dc36	01ca41a9ab52c9f42849787f49adf259ec504a45c2b78d685231af7ba24c79a4
CP1164.md	a54700493499ae8bfaeddb3798bbd55570aec489c69d22ac5147c87bba914881	caf025623b2b51a681e97782cbc73a6e195ea6ab98eb70578e8bf2aab7f06b9a
CP1165.md	cea3df992d4000637ba2e62c61e9bb8bd8aefff026df510b06edb8f727c4c232	2a937eb63d05dd1e2599acc3e63e95bd1cec1d5cba90e9823ca8f37c40d40202
CP1166.md	c133350e48080f3f1f957b910df20119cf47ecd6e0dae4d83a97391b1dcdc8d0	e2249d44bf0b8892b40228e819823a5d2cf894bc30fed590fb163972b87815c1
CP1167.md	d35c8ba80f0a352b07f701420b70ab72b0e066be287e589ee19190dab7d04f6b	ec6cfb4283f0c55a2859c1a64d7bb3dd04f0660cfed932aa1868b53848b0df11
CP1168.md	a84b310ea4cfef711b49d9338345bd36dc226b77127ebf5f05a7b5ea9791a568	9b1b145021093393b6193cc9507bad93325eb2cc52125448e33e73e928fd545e
CP1169.md	c123e1919df739411bcedd4b89949ef80c6e1dc7499025701508bce818087a5c	354ad25f59c6c4f55c7ef545eb55cd56c27e91431f90f32b17ab52791bafe67e
CP1170.md	3976ae7fe9441d81a512a5fd91d4eccd6c315df38790e28db716224f72001bef	76a17c0229019dca5cb9c91a8721dd7af7ac5bf4e8a0c820359c685fb05de733
CP1171.md	c12e3efff52b143fa0f776929c3a7d3c70ebd31176c091f629a4480ff22d4cbd	5c7f16285dc981ef80668331c86eb09e118d0a5c1e603097c68cd955ebcd63ce
CP1172.md	90e43c492670d3686c3b36b1e939bfbd52edfc67d67eab33ec3744b880983d05	36a494c5df84c2d27c916be2fbde4199e5b1cb11f6ad3ad1430e2e336c744934
CP1173.md	d0af7db369cf5cc35a755f62f324092add59543662ad651b91ee522cbef33410	84a23fb634915d3091370296c118917c75cc8e6171a693a9495d7ca40a4e8561
CP1174.md	3d0f7fb09c9af88508b9c6680c3e9870860f9566d6ab70e56db5b4fdc56a6c03	846a92bb7090ea8318f6163aed722bf720dce5738b2a6fb4afe4ab89dfa1ee0f
CP1175.md	6ac08731730a53379d8f904b94b9427100225a33e6997d6c844dd7262986e51c	3c018942a761b332dca0b1bc09d61db106e06a7dd52e1df96bf0a5c1a942e2d5
CP1176.md	433b4efb13289850ab082a1314e2b023c31d7fe931ee24198a4c771af1901851	ef876f06c682d351152844ae7a3bec3d588abee60a599c1c21ba356ec4a881b7
CP1177.md	cd7b9a6940dc99fbc058c58381c0978a8c9e1a5ae346904b31a223eedbd4cc5b	ab24d9a448fa21400c7fd28c896b192f42f44edf658faf571a79bdc21d418685
CP1178.md	abd46b2100e84d773b951142068a5ec18e24b095325b8e7cddae5b281a660beb	6aea0d955bda471d23606225500313a3151badabf99db42a1088c249ec02fbb9
CP1179.md	78749ce0e878c56e2d3804bcc1bca70b597b3ab0feb2325f983e95449054c8e8	9ad112959720f3f40c341ac787de4329970fdf66bbc874eb5b3a89ab017d0a4f
CP1180.md	732804787cc07de367961c3d1c42d10d988ede78f1dc300a324fa1596abe886f	94c415d05e09ee5110b069337b2a96da2c07e293db1edb34000c7d726643a7ba
CP1181.md	7074928904c109287b44b0d0d068553b0313745c6294493879a7a7c17b840232	c726a2ff28fa6dbda3ae1d5ea5611abead403a47fcb30748f0a1b8101cd58b12
CP1182.md	3b21a70bbd137746c42bf0ed77db5ce8206bafd174ede1bac12fb32916f3af15	55854e4ac4a6456d674a33d268ac20aaf3553aca347ad28251c167ec6d0f689e
CP1183.md	07f23a53820812accf20d8d33b5ca9f37f6a13b601ddd62e956a08190ba59913	8e707929dd36d495299dc415674b2a757534ba3c567157b41f2b6470d80153a6
CP1184.md	acd2a0dcc58066c28a56159d918570873c28d1699e4b6e34f2c158e91a8daebb	9482f8c8d0ac158545d3e0445af93b0173538727b7f6a24400f79d4202c9f277
CP1185.md	54952c9fb00356629f5bb3410e787eec1beb05fb8e09a1eaf9837ca538780b3f	b2bddad3d988f8ce0a5d281d4d7f79a2dd9c731142c9465488ba3daeb040072a
CP1186.md	5a5470165df6337af648297edcba027dd4d9a65c1b5ef0176622ee97eeecbcd8	88c31962b928c7a022c8a3c3ca5222c29d8504d2ff5c0a6b9c8be3a83162faac
CP1187.md	067fc619effd17f8a8ecf372879282ff5d8824dde9696cb0af8f147b60eb40cb	191a601c9317ff60170ce82274f1496d863ecb6e39ea69a50d0001821a1f8730
CP1188.md	a821f09f6399cdb027785faac335f0bc627f87d3df2d899387a7387e1badceae	51ee2045c5138655fcb6b2cd1964a0a9b82c90c8f85546eb4e1d3ba1eb39de60
CP1189.md	5e7e40b41ab154cf8fdec08790c14b32f17a32ed112ccae2ae5beb41fcc1007c	0aad30cd09716efdf850b19349e4080815c24d84c416f64159ca7f8751c60f51
CP1190.md	d7351b0f94a922a49dea955a6b208ee59ddd34ff8e083e3ebb9d824cbae893d8	4fb4693f23573c30bea5f5fbe309f2e115b5709ab58e42dc63b895b0c80f024d
CP1191.md	d28441bbf19e6252c4c6c8ca8e0393e738cd5e4da11c5555a936ef15a834d895	3cd5c2be5db4a66ffb22d1892820ba1dd98072e828e8e9fdabe34cd1a7437cf7
CP1192.md	2f497d71224327cf716c0e92e2b246b378ef6220dc9279c5e6cc8f1a4af29652	8c9a6f525cc65c616b500a3fda0a9f11190a3ff7723c97995019a2965d387553
CP1193.md	89bae4d9d6c01c5691b88a1fded2fa262084fd4b57be7c13323727f00be2f8bc	ec388df17e69a1af037d9d3ef8463d8c2021277a15c1c7078517d33437faf1a5
CP1194.md	206c1aeb403d74af441a9b2a21f615e0874eda286103d42f6c93ddc3048158fd	2bf4478dea942e6f35fb38f8ae1fd49f4c010cf6fa189a9b95fb89dd3f645797
CP1195.md	eb7830604273313e0adb7eb2e2af60e7f45fca8c128754bb6785257e77e1a77e	6607026fae9b14b9b5d6913fa0df4dd0fb0f02d94f5c9bab2617c883aacecac9
CP1196.md	95a7837398d2035eed794ab752e123d837f5aa50ea9ba668fddbdd46c6f3e7b6	eaa6410855b294b00765db6b881014b33e671330eb92a7e89b73527989428b88
CP1197.md	6e905c9b3796fe6bb9fe18a0d72c9972966e05980f92c483c9771c5c97fd9e91	e90536ae4516c72d9f4db3535024daa1397e3516ad188b88772d9a459d7a8c93
CP1198.md	735f59aaf565931138b5d5fa38d5a26ef55d6832612f4deb3e1a173197c0bf95	a50c09f0fbefa2130e6d0d47669ff395d1564c83502f4ed455594ca4cd47c43b
CP1199.md	4ac52a47636660684f9156f3b23572720f35feadccba3de82c44e71ff4ac3a05	15f788a2758661654a2742d70670a96dabdcc24ad2532943f3856e32c880cf6d
CP1200.md	19c1277176fc37ffdc1c787aaea6c79d805d4ef2e7994ac3fb25adc1d8b75016	408640169ed04b9a9fd5131231d1bd19d1bb1c81bedae4df07da5115eda5e765
CP1201.md	25f7946c3978126401989554d8b402aeef9c81c9c3e8a3941020651434d79cff	552ddf2c2df55d7df64a6a27364ed0d4ec8dabbbe30dd4730f94b67f2182a876
CP1202.md	cd0034a2741d172a6649c32d74ea06c7a950dd555a37afb298576d383808467d	e3601114d492236dcbab73b02baecd567ba9e2bd279857d4418b6c223536acf7
CP1203.md	e49b3b50a5e94144f52c7b9cb3dfd17ebf356b0360cc899bf67e1a651cd64842	bea1c799da579e603811fe696bf4c9ef7ae0829bc4c33e65c1b22eedccf47c94
CP1204.md	1b49c73aeecbd318cec8a866e2d1ab2e7b0b4af252b1a75e88c1e4b08d33c2eb	738dd00f16325a2933c34891ca4dff7c51c2345e1dc39f46a65af64241f28722
CP1205.md	2aa8cd14acc5f4ecf82d29b6b98778e5184584b99f26c7b21038bb46f1e80a29	e8ae3f6c78fc17380c797915ed4ca1f55c029cfc697aa42babd43e991f5942d4
CP1206.md	bf9e34f02bd85b2bb54706dd0836f5ae13f4b2eb31235e5e0130392496ae15bf	433f9a131b505e2128dcdba0caa926ce404d8b1f244c0dc1fa9ae4639690b806
CP1207.md	36518cf081fc77ce3abac1b939b98ee74a54b557afe1ce9af0afca1da6fc2623	efb2dfa998fdb69db7011e7dec2e36c8a231d9c1035b53c6310a0d20da9d2027
CP1208.md	a11b8a73c4013e0241c1d4c08f0ecd2cf1ba299ba9fb551eb6534b3d9933f7fe	9bf4ca74c8202f330c19bb1c26b9b2a7daa0a0bd6c97564b24d46555aded7a24
CP1209.md	30198c9ed8b9d1e5ab8e01b2b6fca2509b3fe9d9c1293d099aee30abd361c770	373db09fb71dc0a84ed247616e1bb291446251767b9e9134706360fa478d7a05
CP1210.md	27985b5571387942a5cbecc1e27e0cc11a9bc7511958847f0f79b1189032cbc0	101fe37d72a81f8726132dfd07c1f3667c7b1ba9f1384611303ccb93159560d7
CP1211.md	352736de95a60c472ca4353cf4156959c3accd4eae5d5a412c5655af42e3e0dc	13186518e99b62af8e64f7672ed915ede39d8b15bfa2df9393d627093406055f
CP1212.md	558b67c2e2c8f16013c982cf2d7415ec3e907e962e85c99c93769048fbf7cead	97261dc118b77369255370d5537ac339730260d5fb588ca30ab73321d400cfa2
CP1213.md	5a62c54d682631ced24f57a37244469b9822b0abe2c4a63d7eabc9d2fa700c7a	175b7eda7fcfeb66aab93d2f40fbb14ade62d6cbcfa6948d12c946ad41b62f06
CP1214.md	cf5e9c42898d87c4d8f84f3be711b57b10b2dce1175f93b490eacc1926caa4b2	2281470c61e017289d8b03ff36890426d0c2c46b0c0979a4cc65fa251936e11e
CP1215.md	b6521ddfdac021db1985ebbb91e6d9a386227b9e5edcc0b53e957529e9a017c5	3dce0d7ae32d208e6ec6a5959a5d30d02596f6cd5a141f4e9ff05abe7ac98fc9
CP1216.md	385a5abb1f9718ba9bac03c7ffb6b5949f5276dd3a953b7bea468a51a0d0456e	9cd055035b2ea55d9f4db1b1c8071b1d7c1672a3e17110f1e55bcf071a56a5c1
CP1217.md	93fc70648dd50cf872765e07ab8461167041ead6aa4b75fb136099668ad7c205	7f69d147e947aad4e9a487b758dca35ef1278b908cfd7fd2ced06d5f32d39df7
CP1218.md	958633dbd2ed544b92f8f42ff00ff3fd92ed307468e476fb65793f5fda561b70	04f0e4a54b835c92f9cdd0c38c92b408f5cd055a54b68070bee708ea5d1e2a74
CP1219.md	67c94d6eb860f211c43daadc4f1570974b53456d1cbd3bd7c77a81d2dab9a255	63cefb0bc9b6275a52dc335abe7d4ecae7f5f4ff7e972c764789c4f3e130100a
CP1220.md	146884cd6c149c91da398330d003decbf12e35cc72056efeec3f0ff3d86030b1	0d68c75a78b845b8277587fd949e8b0689a41d1c14b4836a760aff3e47e94e73
CP1221.md	06d965946c423de48d9ebb568d833a18f53d2bd1af728001223f40ac527cf61d	e064ca0bfd5e2b80c2cb2cf6f9ce132fd4771f629a46148dc784ab8d09570d8b
CP1222.md	8368d980ba74e7d3d3f5d251814ac80d3a1b0b933470cd9b1e77a1f308a0bbfc	16a99f7fa4d46debcd46bf492013f1774169405f7342657c969e4990799c85b8
CP1223.md	60d8f447d309caef0c750f0e168ea28484ce728e0b322119bfbbd762b73b5e0c	9209826df80967f1a275156cabc2f8e858f6b3b7f5f6a3adb6b1edcac284694b
CP1224.md	4c0e269435a7882bc191f750928b8ed0aa60b98a5461e59843879d4b8e0de12a	8ff680c9a9a445c3ec64fc59c42d11bdc890c3ad8d6e6d24e5010396e1e96bb9
CP1225.md	40e1a638ced28d120a587e12d9833fdabd01df7a4f1aa06f3ab83658c810774c	e7ad1b1c245062458c7c0819ab995820c89ca9571e533ebc94a43f3882bb44b2
CP1226.md	81bfd40d8a0c2cf20f71d639e57281a61673acc5d24546fc5844b165a7a28f77	e0fdcf54d8918ed4a3b88c281589c0fc8267f0f4da2e2334dde0cded003d72d9
CP1227.md	c565c014b45c636354e15ddfb35797b21ed09bcf3183f37163cadf095ba4fa9b	bda5b1918e937d3a7c4abb9931f3015c6918c8af09dc92293b51ccf05bb1ddd7
CP1228.md	154f49f8d2b65e482147aeca52610bea48d894238652ecc58f40ef3b2ddab769	02e91479277b9f76695abfff06737d6150e76363179f648f468d57fd3cba2f6d
CP1229.md	10ce55dd64e175cc2327285b6abb6be437522159efa9e9c2fb73b3ed4cab601e	ddbb7f0fc488fc0a8709231351d4eebd8a49285ebf9f8630ba04ce373f026382
CP1230.md	cf82d846bfe64e1eee9b3ab48d4ab551886558d5cca93e4d359e4a7b7b8bc617	86ac58032863114bd2c9ab594f0eba9dad1bfa99ad16dc602b3d1d41bd4955d4
CP1231.md	aa33d0499678de3fb4ae34441f916f8e8591bbb9ff911af0b61827dda7d74e26	b3af50566523a6700273254f490a406e6270982c0dd95b001333c30064483418
CP1232.md	2064615c251e2dd17dcd46191edeaea56202b74c84926b3cd6dadfba4015f7b2	b8544ca6df76658323c18e4ffe36fd87c6519b7406a6a08de887b85709b1c046
CP1233.md	e6230e14cd9054afcad11dddae9db18c5dbade046bfab634cfabd54d4e56dc92	d0fef81d54d03a297f070f0643c83caab91a94e6aaaac73951ae00083d26f890
CP1234.md	08628a66250764771e3cad33627d9f78ac9a80c0597065157c15d2f9e10dc9dd	e77df766d1e756344bbd1e23398cbc74c202c0336c4501383bae847259095f18
CP1235.md	4b19f96cff8da2ac7a265d7a73b924ca70979a5114da09bed7d42b49139a2866	4d1a081fe4bc1bfec3439fb068c7e91fd273a080fe808a9e0f6ccb8c7feb6f62
CP1236.md	5d2e97de75fb25428ce48a5f709cf3cd3f555ea2a27f99b5cc99dd3f40cc66fb	14e43d8a1516adb314954190598d1fa46be8b5bc61bf11bf3ea8590ecfa27d9d
CP1237.md	86d4184a23871524c406d3a02ac559802283d72b91cbb43a2f7a78d01ee4ce47	9febdbbf07d42ec0d556523c3106c37996e9c36239c9d4709275b5830fa5b9bf
CP1238.md	830ae6d77be796a87ff3631350a7f606312db92a7a935994a3c8b9041f6a348a	e3157408127b9f30a5ce334d4708637dc6ca229dae90a1f6be57e4cab64edeeb
CP1239.md	3e8bde800fcf1c816e722bfa586dd279fc351f15b02f99daaa46a7491c6614ad	abe9c307b85adb1be435e67bca36c4ce21511098287f8d77fdb5d6495a398653
CP1240.md	06483e57cb5467057428d05e8f723e602c2906c3c315a84b6e0c8549c8eafc7c	e92227d03eed51d99ec772c6e47e7262b92a76319d3d714ff5a2376e6c717153
CP1241.md	57b626ea3594bae3a2f7c2d9065a8bdf7a1d09ff4a1c56bf0b7ba30b4a087e11	e00ff42384ca75333ab86c1921eab798287bdc6a3e66fc9d7f03c91717516254
CP1242.md	9b1a8bbc70285dbcdd3d6ae35ca64539652c7cb00984d2f080cfb617f2c314a4	85278b7b0d258a49e5454c56213767623a331b090c34360a9fbed8faeda187d4
CP1243.md	8d3d2ac9a9386a8f204e4a2f50a422f4b3d0d274e1c1e05e07c5a43d467a031d	29c1601050fa9a941f271daeaa7508d6e563799ea9fc05012e5f782a4b0c36e9
CP1244.md	58b7fa8825abf16582aa73045541d6a3529a6d481dfa20114647c1573e942228	2b4962dbaca591fbd83a25f4a01aec1414785069f3cc6f901737349764c1ef73
CP1245.md	833ef32222f09cefd8c7bebd6ed4f6497e099cccee1b9d884ae6b14754a21a3c	3d853be04c201aa09969df740b01cd5f94a04afb8826e6927620e97dc859659f
CP1246.md	bd5ab1e73582fba64063b72be7130b23755a1fb698f145fb0b33565ce3c8aab1	b23b15774c40663aa9b8d429763111c70141a222a5ac3c0f121f83faad536ceb
CP1247.md	18a1aa256fedf2867bdc91e655a145412bc8b7be8fb02dca4c9e48bc019250f8	4d929ede390dec57ca4501c39b24e17927aaaf759f6c76129fb7da9a29cfda50
CP1248.md	a26dbe97023dd40a6af4af7f1f6e992a66cbc485e9b39750d02515d52f9f86f6	5e1ea75ad4823ea46bce002ff5c95d4384f18c79d0cc2f74d600d5b7ff10bf9c
CP1249.md	c9754bd1d5e15e0ac12bbc48fec391dee2aa90dd683fbe8634c222d8da128910	6467d999630cc937e585cef711009534ed9d7e6ba7589cdc71374f206cb0bfe7
CP1250.md	0c389969c5ad2f28638acf039904b4d69cf4873f7869b5eea96012338e56e837	cabc9bd143bf531aebf81792dabb5b78a5906cf14a6be53c8be05a9339d146dd
CP1251.md	e674e890377b2fa74e552c317a8abcde79b7f1347b29eb517c7c52873eaa2c28	35664fc332d1e5d0fe1319c6294b9b0d54204652c725cd7103755f517af465ba
CP1252.md	1b7abc9a4e336f6cc1fcbcde6f271fdf4dbb5129c43068dd4d0ddec897de6846	d060d830b60b3a03f873ee1605d86bbd6f18b2e6a8c6ae61ec57d7f274f7fe18
CP1253.md	786a554469c67c4eefd446c5a7e0d64bf8212abf6db4249a8d3520172743420a	bd1f00123b6cccc1944dcfe2413f439f3072c708059ccc27bb6376c5157bdd83
CP1254.md	0ce96ef7f109a8db3ba81dcd8afc209d2b7c42ca495377896f478505a6be60db	780af20ce023b6a4dcfd834529a2f3f986baf8d3c5deaf9cd3d42d2c8e2de9a4
CP1255.md	b3b3f7ecb989838289701522f2503108b1c33ab61a5172f346e5b709fcc7443a	84721fe528890845c4a1747c41ae222ce1b8ae91fee5ce733b2a7e6f389c1c6b
CP1256.md	374acd5b315ddbb1e8fe4838324975b40e0bf069c821289102dbe5561c89a3ab	27cdfac4e2d4163620fe89f90f3368a7ef1013018ee0c2f317d6a7ae911d38eb
CP1257.md	cabc527f89f645ab3c19467c2499e206eb813d5516b4dae9606f05af4990737a	25f09f02173f3d57f11982e0ddec630a3a4925f23c59ba8096b4a3d1777451c8
CP1258.md	0c9877f1ee948ef37a45b5a939bd1efbc4e97988e6a0366e4924ffdcf6c36866	9cf13bd373c5f1ccab1a4772520855c612f8fc01f464866f816f5104f1c5bf00
CP1259.md	d04d6a740a298f90ae8acbe3e05492189585e540df17f52f4fb2b4161d90bb14	cd0e2213a447a63155ddbfa67484a8cff3206cf7ac58c266f594fd76ca48a063
CP1260.md	db95b5661e7e008e7c7bda9b30579e82d23a1af8a5dc544263422905d35bc70c	3d3a01613f7ede6049b255dec60753f656a351a085c8b8a3d98a4583c795a3d6
CP1261.md	926474415a4e94147cba29f94c3cff4f8af47c6d0a8ebdc108838130e90c5db4	f3c8d7451fbde19a809a26e6c5bd13658cf6ec53c2e6893f3bc8efcf5741dd1a
CP1262.md	e95c7aa994e1fa2dbe1f0e4caadfc0ae96852d6f7bc92b5a001eadd7922b142d	37a386c33c9b0ce9d9a73885c764e690c571681e798673fae98a83e4764e713c
CP1263.md	9ac15e70f56655d03846f748fa55ee3096a16c9773ee9f7ff952303c80b774ae	9a6cc7fe274baa3a62e173f1d622c2d658f33925aef0db6883f8d6310c796b8e
CP1264.md	ac591520e1e57cbfa0d0b1c4a60f2c32b6a9b751c6a212c36e1bec751769026b	69d2214df0cfb497cda5e75198c7bed92e51d4d905925931848bd73b93c88c38
CP1265.md	e954765d8204464944e00202af69b2cc332d8f948942a42069acf84bc229525f	ca8c6a8d16ac102ae221e881c4b6fc8f33a037933cde1429f186b6c4a4509ef5
CP1266.md	a39f7ab1e0efe80f7a5189ca6f6f9ad59ab4a06357c6275a40cce03f57df342a	3511706dbbe3bb274666c781719f02724984831a0b93b99a485c73abcb632b45
CP1267.md	ec469a9e10c524dc0321acd05b5c75d0475dcd5d2e0328425215198e913a4651	1e186d7884846a9705491b94965ff78251da09a9b5032fae56c89582acbcf1ca
CP1268.md	064f29e8e30efce89a00cf6e7dea323383bf241409d1bbbd9190200b3a244e63	e7672f41ffb97af1ecf1f48a59d793147320426cc321bb6b74cb88b82ef374e0
CP1269.md	2c2eccdd18027ce9b4e15ec733b3c376bbeb2606e52f982a8a6f79330069a58d	4e771674343f00a6b1c8c5d214b3dbfaa5a4af28d6e126305e4acf6c01a649be
CP1270.md	18d3c9feed9cebdf5c4384918b5f64229c866ad239deb311b1037a790afdfca6	1687e8cc02d5a1926107f6830b5da03d9ebf5f920fdba409c794df81c6b7e594
CP1271.md	c66f31ab40afdc36d39ba49dcd8b178e19380c20f9cef051ff929d5d43fa9fd3	81f6607637094924f123f85d121e0fe561baa7c907bf1ad9872c03a9d1682b39
CP1272.md	9d1143ca2972a3866766fd114fd6af3f0295dde157ec07cc97d4c9fb3c21a7f5	fa6270405d8ccd9731bd515df2088a47d29531eade02237dab52a7bcb4365af5
CP1273.md	115956a803559dd3d6bd1926fc3e0659c2be6eaa1a7270a1e190d7e7954aad2e	28485b63031300370bffea1acf24bb6c96410e47e4f42f1a127dd726d212bc03
CP1274.md	a8378b029715125c5514b0ce4631e2be590f1f865c837d3d75b1e3691910db07	d4c49c9dd8c2778c527d83db7b8f0e389aaeb11b925c2eced74998337dd7411b
CP1275.md	90a65e7fc9a253162a6e1d362812c8ab5f3213f004dbe77f464ae1b450cb958c	fcae11ad475e6f1854040c634b28e72e4dfa5a88624331947964314f2992ad27
CP1276.md	f81d8fbe388cd9ac0bc08c4082fe7551e22a014494e5452bf374affbf69e6136	eb9e7add33438f1e2f7c1566aa09a7395b3b973b74f9030100188bac1e9eb222
CP1277.md	70fda15360e4f525a36927c2636c9470ee0577f0e07469a10c23039925a90fe0	60cfcf6a38dee4c7939c2eb19e921300a95849bf1b2931e9177669c6322f482c
CP1278.md	0474d981868baac1e37858b5db565c758578003a3ac4ab9e0df9c57b26ebff62	9cf9661e13ad59a61a87032492c42ab79880385518042ac24d8243a8baef9dd2
CP1279.md	3d43bf3397f6a6f4b3f7153b3088a28c39da827cee6a5c34893e9fd0e6336778	174e68ed958d25b954bc8a88b38aedb8f877e3cba5bf51d7db665d72c842ac8d
CP1280.md	7eed108c876b00968065cd62fed5adf5c0838018b54fa5dec7634eb716b07591	cef75a299ab3a630c676e3d077e915a214869cb208fe47188df7f4bb2a04bbd2
CP1281.md	18edbee2fe211baa21234b32be1e243a2c0d9ecb0ce5b5ffe3be0e48ab149c11	d60b059d6ecf4fe365faaac31e7cde11bae330addcd6181feb33eac695fa3426
CP1282.md	0dcc868ad13fbeb8fe0bd20529bf5ccb6bc3538ac050ada4712dcdc2670ec80e	4530be6e6ad75d3029e395640074656893d56abe5d5017bb2fc582e32f6ed6eb
CP1283.md	6cc827940286d8cf943ded5584c142a6dcfaa161491ce706668d6bdd24875e62	f4b361d5c6018bdc3aead777d4f95901e5f0eb3826da64f425ce73f4607344ca
CP1284.md	0210542fa031ecabd68981ff85e97b33d483afc2c77b16d2f24129ae430eeae1	31f8dddb6794421adaa09c11f579b0f32873e4cc96dffa2d76288d17c035cbb0
CP1285.md	22d8d0ab63c1becb222e12c9fe455f4e2297b0e21d993ae051199b61a0eae769	5813377bac0d75bde6a20613ffcc8b781ec1ff44a87e4dfd59e94505e10c0a43
CP1286.md	93c6410f2119f316825cc63ee47963fa2c3a9f1eb054e795af25e8ee263472d2	f7d8a72fb2e8fbcfd9fc9fc6a9a892a3fc4314f64d2c02d048bc8ba2d1a30765
CP1287.md	bb7288a08854cd4f2886e517c271b43c3298c6bf536d235bdfc90d765b917243	83d8ddc322262bb8a6c2c74ff58588752e8cd6d393424115098e6a102cd348ee
CP1288.md	6aec9339fe867a057a9ee3e3b5089b3a341ec96a4c34fba757758ebe007303ad	19c32d55f213c42e761096e9b1b1211b841735adaa4049c3bcfd7b8834563abd
CP1289.md	a6d8c7c827b07c3a24234e1098a2274689e04e6f001932af6d19f41b5696d24d	62117f8543241f53d8ce3262b0f2196c292325627edaca4e8e6ec2e8c480e2fb
CP1290.md	19a618b10b18b5177baf4bb37988dce6a573ebafc88e9bc9f80c67167ee8f0a3	df9454e79cbcfa6f5f0b589ee5273ef7d220cc58fe3589c8f7d347e34f5ed5c5
CP1291.md	c3e8f4be61e7bcc8620e9f932e56a98411b0c591cce990aca4621c0fddf49c35	5cafaab9859574ae60dd0971fc5e106fc78dba72b30c54b6e33acac5e0951047
CP1292.md	026c4373f69fb0a8d8453c8f0b4b2d31a39a09182b435b5e39c1049103eced62	5aecf7c3efaea62bca620a4ea007c7be0298e2822744cf7e4f352c86c13a7089
CP1293.md	1e501c18e254d2e5f33b7c549658f1a197db012f51e9ee4cea4e727d3df92b3e	dd442bd2b08db0091436dfb699cef698646550f3f0b2e72c3b5956e6685567c6
CP1294.md	bd7f33942ad432e018314173ed0e18de98cf322b1ffc54cde7b85f77cb1a99c8	79bf5f34d66e7363a2d71bc0a55f27f3d35a52f7a7c41eeae15312c56b975399
CP1295.md	e32e3a636360dba2804dc31befdbae6245d5072f3d19926c03dbe74a611e38ea	a93d4f947c6ba1eb0106945ac2f36d32494072ef516f125e26962fde34ecec6e
CP1296.md	8960eda5c4d179640ee3960e381b8220cb41398a6ec11b1289d3c9ac5f08db50	05e1dfa8790682d4b846d4be93ac51fe89e9a9f22e139600935eb04a2288e1b2
CP1297.md	f9d12b72b6c6412cabd699f000fb3b3f9c24e711f10995e4c6ed75ac4a1e0b8b	615260219dfa1712c455ac7fee6d487a514a0149b14af8e6c1ee527f5dd9d29f
CP1298.md	19baead7d762bd00330d0b6fa682d625382321b1bcbfe93fad1cdbd0434d3650	0ce0ee3216b78db5bb7f1f7f663a9edb3438c206e61bb2fd5664df3a3dcb7328
CP1299.md	b1597505b5546909bdd567ae609120b6fac20a76802fa9addad098da7f692976	705bee3b3deaf6458bb736b1bd48cbc20653f2a92d37c8c09e20d57ac4a45093
CP1300.md	e82a6db4b0825f249e069ffe34339467f7606d20c71b776cb40ac32d4768a3a3	e7a45fa1b542b4c05add7f5006b47a1a43935fd9336a1bc57503ee0bbf1046db
CP1301.md	a7cc26b2590541a890a584f8da8df3608f250e6cd39b6d5a86e7628b2467bc3b	a759379f1a76db0b09e8dfdd90adb971fc3fbcfe180e4ef9aa37f4b67794ff9e
CP1302.md	45a203844e59f1acbc421e3d0041e1bf804f9946d6a05b89743d4bd22243b98b	7cfa0ed260e3941920bb784b5460ab046064ac743ec8994db4cad07abb8dcdd9
CP1303.md	58498eb03b3ba8776873a4f5d58c26e4865434ff04522cb98061efaa9e4cdf8d	620cf7f0d822fdb12947896c31351cd0b20564533a95437c7c451edff9e71f70
CP1304.md	ea42870c4cd0230bf2e1bacb1d003d63799688ed8e27f6118aa8062592fa6934	d8b82e0e51c51b6fa5f9c7026048316d6e22c3c9e1177e5650a06b596e43f084
CP1305.md	e0f00ef73ba38912a2b03e6521e05d4fb4c9ea291f865fc0b1cf778333dfa167	35e76b113cc8cd3c52f2d795641d152a57b82b6e719e4a122ac0fd738130ffa5
CP1306.md	e121946c20384e16ec4ea8da152d5f7449e1137f0779a37eafe93a7afd422f7c	bad1062b30e84e092bc96a9c861fa724597141d281ef0bb15a4db26ae0b7e4fd
CP1307.md	e75937166a69e5b61ae9c5ecaaf21b66e3a892939484c95e55fb55610180d83b	4da03cf1636739a57304a9c38248964cc8da271cfb6fd3c3dd4599a9a30d20b6
CP1308.md	ab397ef07e43484b755cc9f06bac7ac22b829fe5a05ddbf89c1eb92b320e3488	7276f73007236d70ef9f4fb704a90eea91f0d54e440ed1fff6f763919d5aa8e6
CP1309.md	09a8a95ad8a3ce9cf623df87c6c69f369fbbf979c9b33ef181f89435e591d18b	ecb6053af36652983083d4e165dce89b1976bb4d756bc97bb9c5951e151aec5d
CP1310.md	bbef86a5a1fd55b239b8a34b479225d288e7b1554f549d015e23c88d1f2b6b6d	fda8863e81361921975027967b257762b570e69488bda7a9ff01fa4797fa5ff1
CP1311.md	6636485ed752177eb9a1fd75354f7bd53969cfce31eb1b9cec134f809b964576	181e1d24b8da2cf302ead4ac317691e8c816d2b9dc68360ee88de295be9852b1
CP1312.md	baa04d4fe1af7f93daeb3bdb06399179f2ab685ac847f5c4214608b5fca0b0dd	7b80abdb221246c94eba0b5c3f20ca80e1a1c1b69e70545dbaa1312d4f88d881
CP1313.md	567e8dfa20f7336616e1831ae27c9c5320712ff569d3235839db063fc62da280	e8571507f45cfdfce7a667a0899aafa711cae36c5842f93363bdf9eaff00287a
CP1314.md	bf9ad307f173c68dcdd3dcae93ab64ad2d85bce3f1470c33676e349db00e44b3	8355410b5d5b8f6887bdfbfbc1a7bc38a6ab6c2f52f213346fc2b9ce17dae279
CP1315.md	851664ad4b438102199b8efc4ae6b4e0147718c8bc86bdd9083cecf1ff581531	c1c8267f411545e0854f20e7490ec8d89384bba82c0de43ddbd769c37ff262c7
CP1316.md	cb88bd012bf8628777a69d85572a7d54e86ad7db16832b4d79344b4861bfda0a	dfc6f6b01d61df7d42a5e8eb2d862a88e9dce9016594f7810b554bebbfd83d57
CP1317.md	704fea1fd3a65b15af4cf0a9ff37f6e7fd27dd1819ca9ece81845af14291aaf0	308cc293f45ef7db312226af29be6344d9b61805ce78ab8beec183318f2dbf21
CP1318.md	43dee813a50a8d23f0cb024e0ff8ddd9c64ed67e351a02afadb691fa3fab80dc	fc1849032fc65046aebd5f9f11ca09337c622586443b688aee4b1b440debd518
CP1319.md	416dcdfb004a5cac9260d4d1a709e1953840522e0d076aa30048992827f572d5	3143dee3c3445dfee7c582ed52e3e1afa7cdaaadbaa5c3d95f82b5e04209f29f
CP1320.md	4134ca71aae0a29e320367ccd86046e66ba156e81a94f647034bf5f28a4127a8	ef2a467bf21c34fbe3a7beb9b86cdf9e749b1683c192eb4a9a0f83a09cd537a3
CP1321.md	a832861e0115bf1658a3fa308d6c8be4e6b288a9a705279b35f48ba01bba6750	b3462df93fe81dfdf0a4dcb32fac23b43e6672bee1cfd2dfedcd0f4b34ff9130
CP1322.md	96510c56a85ba1a83ec2784011280f55f39d81ea7cf8525f37d037bc73bb76f1	ce4a04cc0f0f5ea22943cb11cf4ca9c6d38ae10b9a7d1159c79247d86e7cc710
CP1323.md	0c4f6fe82eb6008980d8d1b040a073aa4548173823ca0389c1b8d26f346ff257	9092b77e06ba4f195d0da35b6b69085a9dddf42d790c6d9fe8d925fcf3f94619
CP1324.md	8d7b3dbffe91b1978bbd464dabd4aff423eb9e39d0a1aef2a1e4138bb7e82b0f	4f8a398d5809a2922eca4e714d79714a3adecfc6f46fa13501ee378f86ecd76f
CP1325.md	5041d4d811585e03c92045b29971cd67d5dae8c4ecab22cb9f3b0ca6139aae9e	57f474c746766c061c8a287794d5e9326643813f16365fc1239ddaec3a48eb1e
CP1326.md	45d07ae9d32662cecd2dea027c7913076dd7b5bc1d7d276c2e3440c1b9b46f66	7e5fdcf53696d210e64d63d4e634adaa1604b910f0defde2860a3270debdd32f
CP1327.md	d1f323667d03232bc39423e6a521ea6a759c108c21866bcb4f68d8c655569b4b	35f361e23fc16eb3129495384cc03148f1417f83c0a808e6818a224712a63c49
CP1328.md	65919760c8e00a1c43284ed55d0835ed2ef29cd5f9c18315f81acc9e881fddcb	d25991e1cae62267ef03cd62be7cbf7fd38a5e2b34139631ba314c916cd1aabb
CP1329.md	57b31403030789e84f2ce37f435b92c0d754765c8bc9785ba1fb661395213447	6e9eee6d51373e7e20aee40deabef12d67768ec82189e280749560602002b195
CP1330.md	68125f5cf46c54e67cc16e40feff51c19893d00c3a84e98736c132bef581f73f	f83db8ad9930ac27ff62bf86ae4c329a3fc55e535e7b0ec62226a4b8e1efeaef
CP1331.md	395dde6772f627184e73048bc2ac743b26751217ae00f439249f957607de4de0	3c7df3cf16525b327cd3be4ea73482eeb4a2b4c51e031f46f84b3b5337bcc950
CP1332.md	096ee4e17a593ff2e220d70c7c28cc47520a2e905159ab381e6f9abdae4eee6f	0aa97aef2833364513d8ec67aa9bd7d18cffc67469a125ef9c1a1429130053b4
CP1333.md	ffcd0ab131b2918fa7135088e871141f23663a1bc8ff91a9d88dc0e0527940b4	ea5665b04f1473cdccab0d7d933ca4b01a0d0b7e50c48deb1e161b6cae8b952e
CP1334.md	5bc8f9087382cddec4ab8a8763f8510e9b31b52cf44874251c36b7bc6ef655ef	1296210b01445a81143c21cfaf30055860d0b5d48b506570e2ab7f5b8ff75a34
CP1335.md	a775cf4dab2116ce3f7899dba844016f3371513b0b73d1ec4f7b431610df2037	e3801f9a4a59c3ce9d8c713b073ab65a13513805e12057245445ebc7e1d876c4
CP1336.md	e4be7a9b440500cf5355c3189201e90d21e9e4433e005278962023d1dab7d9eb	adb2aa2c66bdc5ba17de057dd065b11fb5b7ff303e2402e64378c7223c787108
CP1337.md	329da85aeda1f7687a518957866bb194ca9c6bc02b097707bc99f4c35c26ef9e	f0d83c57819bebd706f0c33423d461bb0950f3cb53faef25274017ce6a6a435b
CP1338.md	d440a24ac5ac5b0e306f41f6073711d4c84fb2cd2eebec5669b655fe456c93b0	3be2c41306a4caa7de81d220dd9ca699dd156b7244bf6c4a1b576a5d35d58e56
CP1339.md	71099c616a397df63fda5493d349280c0815f690ebe86a21be3b0412d40d7949	0d2877c7b6642306dbe39da8a49ccd572e302fa71309e304da6b0d0fa56d3ec5
CP1340.md	2d92afdb04320d98c15386622d0e05cbbd3e44650dfe333cf335fee2d31a8df8	a04ca277398666a376ffd2c672d2f85bdbc208e46bbc9a346bdefe7e9754b0d3
CP1341.md	7d879abe5f690c5eae940fd0f8d60e4933924af00e15a118b43243e445ca2635	b2d5b8f6240974d6f5e99e39c2d98cc6c8262c0b9a6ed014a8aafe463bccf0ae
CP1342.md	f13f58070db32ada398a32011cd777642cc7f59437b6deaf493b5c6c8a677e03	f5f03664f7fd49b31c07a978596f6b0cbeecb69000b492097ae7b1842a9d3d70
CP1343.md	7e7a16bf49d82c69d43fc6b6b65d31559b1f0e3b4258aef6a29868afe3ffa552	d82350d0545f3fb5eaf24fdfaaba773e3a2c8c12b36b1c56507bc7a617df6fa2
CP1344.md	16af9dfb5a1e5fa4671a705b6a73bd353529533fb33be400a695ee9394c7b80c	e2d6ede18132ef0ce200af66d95b5e15dd74464cb2384cc4622a7dc070c77157
CP1345.md	c1c021892fd38a7625a8fb848656d7d3460602b40f339a588e207b654637d56e	eae3da6f7bfc5db8f26fda08e91abd07b47db1dab374851ee544e7c6f70e9a90
CP1346.md	1e1600c4b0230b65e8f4a2b4c362391ea054d97335ac0671d107578bc4c89fcf	d05513fbd9efaaf93c86a975fead85f9b6b14d383c095780a7253ba18a8968d9
CP1347.md	07ec3b3cf71cdfd735f90850043e867fb76e8b9d4d89c2bdf5bcffa39ef1cf06	422ee837e6b83baa94219ec92bf3648b7d02b3b53aa54ac8ce35f04888fabbc0
CP1348.md	acbeb646737e7b4faa53f4c9e318794114f2b05ac24447bb48508d55c0717a54	12c11dadb6a2abb24359917447ec7c5e05b084f210756ea528d18fe2c95ac714
CP1349.md	19a39c0b4b40b12234a7a7c4ad4c02bb4eff8efd4a060118a93fda224ea3e782	65497fb5b46e41629e285131cb4d469cb7896f3994c292212604bdbe4b815e30
CP1350.md	e04013209da485673e8ba3e4157b29f59782c2bd4cc7e2040531cdbeae86311d	ed0fb2642d358bc01d68df6112725a48bf780951e07d121b058585000dd57a66
CP1351.md	9825dcf493de54c5dd6a0c691758f1b48436568be639288393c06f5c5f6eae7f	97e3e4774e6f758029729f0ca97a6358fba5d9555a367d83d833acfc732577de
CP1352.md	378d9c82579fbe1fa948c6b235e30072dbaca7cbe2b97e4121ff6b051d9e2038	440f79cffc74169c39b3883cf3a3cfa144746a9d972fbdd6dde7ccd3dc7253f9
CP1353.md	09e7c44136c65f6db81e8ade7b759aeec8c2d708676c57afdcbdb729fbaa5465	1b2f22a6e1e2e9aa5f4c7f079f5c36b440fbd5a905354752b260a03f88628c23
CP1354.md	3bcf39abb5c2244ad5b3ec28a9e464e06d85350d7d869b442ef78bf16a763cc9	831bf941bcbb9e2d7d67b0959bd08135421a3b4a030d4d4698a5080841988ac1
CP1355.md	dbbe2e33a85d367bfa7d1791900dffcb90e20aaf5a4a9c1a2a882e2ee7882a5b	7d60bf83e95454fee0b988cf0c0473158b75a9d7186167015ed57a6937603339
CP1356.md	8256ad72f4771cd9739da943d0e7baaf8d5a04055064a9cc80264673a839dad6	945012dfe1c61076533bd41a8c1be598677ddafe6427877980f538edbe6767ed
CP1357.md	aef7849de8c7462d7cf45f17250014bb2e65f4e3e42d3c455884d9d58dffbe7a	2d93e8af0c0f02b08f7a82187062890a1ad2916ed0151d2b06a8c483964b822e
CP1358.md	e9f0b6bc6dada5242676e4ecb26a238e135489abe6abc8930fa697e7954e45be	d14374da888ad36065dee5041863144db855a602c4d3340b36c071bc6f62b365
CP1359.md	782a676ece9592e5a18a1fea7ea06bb42d1b70c48776d11193d9d9fb5817265c	cb370a30c93d5aed602a24add19dfe61940aaf0670b797b7f5ceae4d0d96fa79
CP1360.md	47ab37ca82249316a11e942f9a8bceb660c482559ce7295d364e55235faf7bf2	03af2f963b149cfe170143138ea6abd02661828e1dd6d2b971a77a391f6ca995
CP1361.md	0f7518882eb0554e25c5e76158fbf0d574604bdc61ef059ddd80d9320e34f5e0	d1bc7dec7d49fce582b8cf787677644e24d08bfbb7aca5e442c40a2b19b78212
CP1362.md	42297bc94354c5aa6fb2b85cf9b67fc0b05f0e97d399e769c9ee7d877175a76a	223069ec381fcdf250748c2a12aa6e8855a9cd7903557960c0780ac4951fe592
CP1363.md	be5596e8687d23b470664b677dbef4172f1022e802fbb1fe352485e9dd4816bc	3f3f831bb15714eb1ece2e540e1fc5a54cd35f52c60de9171281b182c3ffe3ae
CP1364.md	a5b29f4693b22b5d4cada1b8540d7b2c4edeb2506d2c700dcae410a9b287edeb	40fb2545184ea212bd796269129db4010a878002361746de99c2bad5f8d11863
CP1365.md	a56ae2cb6b82c097d70cd508d97fdb407b4e451d44e78bac064d67361d935a97	cde5f9cc7ee94d99514f9407412e61da864c26dda46ef4df33ef5802776366dc
CP1366.md	2288693ce3773b012c426369ab30896ee86079aff22d840f98256b6b3ff55f11	9bc7842bb4cc19f2b669d09e0e26fc6d6e3bd23eeb003959901076e4600d258f
CP1367.md	efa2da79b26bb9dd6bc4369619e47d0bd3e78331353b14144ebe097fd77b9714	4c358c20c38b1ee6588e1f7d252f3e7e0fcaf8fd434b49b16729827d216951ee
CP1368.md	a757476a4617f252364abc98537fb13492f8d14c218c2ff67cc0c9a17b6657b8	66dc1f496f50d17de35ac5408d9e46ccd60faaf1f51eb6723ca6b934cda6992e
CP1369.md	42e996342027311243ce8ac2cce37144fd05f28cd0e77c25c120129827a997f4	1c42b4cf27b8450d01032e6b51ece9df1d1fddd4f3815d1575de29e68eb8eb5d
CP1370.md	f7699e457c957aae55bd74c81af812f67805b2883b280cffbdd72161e5e45fd6	6651e50eb09121dcf3d763450d1d50bb7f4eb8ff8f7fe8898bbee11cdfb90e08
CP1371.md	774044465573f23cd5afc846e26ec1efaaa5019676effd9663ef0c714a8bb446	274f9bc306c08d01f3464ccaef1f5c94ac5590018a236e6f9915d37f4da8487c
CP1372.md	3701c504eb500f77eefa737b0546c7ecfe3324af9f88bc0eacd3736c25c8687f	c124fc6047ea587f031f38e89ba6c33d8a03c2ae309ee435b973ec791c1d16e7
CP1373.md	a83c15785ef08603cc816117e78d0d0b0bd3842da3b75a6df818ad3421c63cc3	5c84cc02f924ae33969ca2387d43611d4365591ab14f10085690b5d33199f043
CP1374.md	3104899645d61663de6ffd14c3ddb79d06be642a73d364b4a0d2d9c84967fe9f	57be3432acd232a89d7f598074fbf580b7df5c5b353d1cf97571fec0559ea896
CP1375.md	1974587f20959ca9560a995e8cacade2b704a0ce15442c4c6b43c7e6934892fa	6229388507d2d4ff59e5ab0b8a0e2151784e3b476511316b8459d2cfd81f7c9b
CP1376.md	0c66a70d9ce5ef6b29aeec4bc91d1d10a4551fe20de67e9e4ab4e25af8440173	431a7d53a621f6335cf4f25a15d303220cdba29be2f5b50ae139162a083df0e8
CP1377.md	5dcd5b65539261eaaf34608020b342a351bd8583dd999ed05485c5d2481414a3	4000e5d1d6e330c97fbddc14183bad13862d41ae6b9b4ab47a674d3a25b02e05
CP1378.md	6a9ef7d0a09ad99196956d5d881cefe04c1c8ed2898038c510814b711ee450a7	1ff2758f664dab082fe66b5fc34da8aadb7e5468c582c1137011e811325ed66a
CP1379.md	2568a4617759b531db39b1f78f93176ba0629c7c62b87b5aa2b576f09dad74ee	d8e02299a969163198fdcc666f8f9624351df7892b2ed56ef9b133bc75d65af7
CP1380.md	7d09260584a9a5c7509b5371d1ca2be1856ed69eb646ef42b4c1b0cea7cbd922	ab81334b62aefd0818300a78bba7fdf4997657a375ceb25d8a970a3b6c765edc
CP1381.md	347f00e778d70df23c597948a4d4bf7390708cf4d290a9704e3107dc73e63b69	847b44860783e6d1100b7c7d927a0567c4ce6f30deb853dd70fc7cab4f8fca66
CP1382.md	f59f3290f79f05d67cc91b492900c78ae30478815facfbd141010f5f772ed043	5b8ae45913c8c08f1eff479fe5c70a16e36d694cee8993b90a0896487a10a988
CP1383.md	06734b67ce0cf751ed0d1b8cf874ee2128c0fb816218a6cda31e4e87ea16d19b	7567cb3168e8116da4634b43867da26eaa3d0c5dfca2b918372ab0914bad8da1
CP1384.md	0ebf63824f8066138a4e406b902839fa4027d2a30b0a4afec9a50b2f87c68cbc	26e8421c28d0a60394fcddc6de7a77da4850b29b1d271efc52921281e3664a16
CP1385.md	f2f70bd0028bc10188bdf5b6fc9ab1748f1b6af0996f0bdd602d987406a92d92	e145e6382619f4b1e781f7258fe86a67570b633912df7e3f9c136a6bfad2db83
CP1386.md	a59b19bb7369dbef8a111d58605bf0227a5c5dad513fd35bf63a0fc823a081f2	85e57563b86bac8e1918d53aea24dfdb5b4ea2ed15fe6ffb81dc15d023723fb7
CP1387.md	9a961654eede4313131945afbb51c28a98ce2b06a136f718eb9c40a394e474e1	c177a941382e68fdfbad7574a2b93246ce911f5115c71f9579f5f3237f90902f
CP1388.md	fb47d902aa3cdcc11cb1a63307e313719f1e23a669578f0e88a04337bf5d8a8f	97bfa56da0b1a0fb2768da0efa6262d2145cea8d8fb19cede85281b2cf12f44a
CP1389.md	d1236f6e03761c0805cd29528e8a131cfd8ee636d9dc0bbb86a581ffac314b7d	93deeeb48bb235e84ff25c7a15f598d8cc50b2746bfc0df334a694bbfd829c6e
CP1390.md	83e358535a9754913105e4c6bb7bb3a619854a7b465ea0fab5d50236a2bef839	f250032d350a148a2ff8e0478ab22a4536b48799959d46a16b786391785bb73c
CP1391.md	7befb65293a0f417de394ab63d44d029f80baece90042d0334ee4c510979948b	75e969118f72078101b07c2dd57eeb708d8273afba1559615acf4ccb98a7ffe5
CP1392.md	c4cac67f7a18ef270565a74dc920f5cee2a3240fffe5909faeb891491896eaf9	f66cb92840bf6eb4082e2eab30f652388fbf7dc8bb9863033a92451e43f13c9f
CP1393.md	f40934c2dd3763779dae792133bce9754d01b581293133dc0d0228010c0cc8a1	22464428d98f3789fb9d2f2a9af29613ba5e284b23579e9fc350b4d143923684
CP1394.md	be058a35fabbde7d4f637d892b019f538780ee6f58b141fed98176347a2eb6cb	5b1af678d40fbdcf32ff516bf1d7689d24ba3bcad21eb7c62bd2c231508c303d
CP1395.md	356caa76497fb202664e2ea2937e98013ab724ee0cb586aeb51c2143a36c43ff	6ac874e92e5c0381fb90eb45aa6347544280f421c6b0621c6d02d4c864b4ba80
CP1396.md	f55f13617b4e377f04252954dd15fedc96d31029545ed08fae4f5a4417a8901f	112f33b39ac0eb268d7166aa8adaa87ee3b5ce16ffcf1bc5d7edba055700ab57
CP1397.md	5a6e2e9f17bebcc9dc3973103d748ecd69182e188f8ef7f591fc4e93ae27426a	63521d95ae398c622da6ce9598eb3623e38c7ed82545d7da7eafa15e179bf2ff
CP1398.md	2e952b32bf339a3a6c977ca1b5ccea5fb9134ed65084857e39aabe7345a2dcfe	ffbe172bb3d4bd34958b5089b9f78e1b8626faea9701357902c4b137ef2b41b5
CP1399.md	40ff9e281641d29b0b28bbbfbe59e7dbf98cb475f3cf1e69eee8edc8addfdf07	d1d45b518cd4c90c67f4166f31e2ec4f737254995303e269bc95489a7f42920b
CP1400.md	a437f9f10b372a4d39d64aa70f8633b4825f748a6bf33ad063f6f10fe3a3b613	fd4fe210272e094a11cfe6481a134fd7e8b3df8f28e2fdae3d621baa55c66f43
CP1401.md	e22a8d54157e291c5e8d6ac2438b8c7f9342980209a6b83c32d611ae78e4aac9	2a528822dbf73658667c4fcbd3cc9930732522d55357e4ba7aad679ef789c0e8
CP1402.md	49c9a28ea1dbaebef84e3ec985a36e937cc2bd447f98bb0312cca8fa9d3e2c9a	e5171760a83f168951f4bc403a91a439acf0c2ba0fcaeb7d54e1d4ae3b051afb
CP1403.md	a318a66868e46c5a44bc93754dd4f83839b2dcfa8d96f9e0387f8755c1fcd83e	4a96528cf26cbc450604f61ef36e843df1612c3302dd6e66cff8d6bdc62fe224
CP1404.md	435ad91d9e588b232f69e8d2d2f4a5ae1ebd03ae041200294079ff854445ec7b	ac6313fe8f85da10a5b1241063e55ae37c76cd702384cbee1e7486e8f7c72939
CP1405.md	0390d6adc96d8e1580f4fc5cc492a8c5cbc35eda0a4eff734202acb3a0342c27	5896379e960a363a15713169e1ad0939529e3139d4865b903b8c8b250b0676fb
CP1406.md	ccee2440e2ff1f7ac124bfb3d6e3685ef186804ae4641f3fed7a36e2ffa782c2	a1dc2c7872c6267a54af69ea5d338e3bed3fe4c9c4a882d3e08e2707357b1709
CP1407.md	06b5c28f38fdf9961685f822165aa4c4415498bcdfdb7d1d1fd3c25cdd3e7333	c9fa9263c719e79c537f6778eff40e68b93ecc16f23b8de6f6d3809880149135
CP1408.md	e4f314121b9aaf10ca5dcfb1b2135327aec19c9b2d59284b658a4fe198c2b190	a7e3e9c2a5177e82bca05446b04325f72a32ff13894033407910ebbe3abf868d
CP1409.md	7e6fe8a3eac5e6ad955221aec8633a7ed9a6fefd79ab948f7b22b8ffa6ad1348	a98e96202daa69ff4c91d45ed25c221b5415f2f88f36b14f25e5a1db0e16d38c
CP1410.md	6348c776bbc0535a758501ad4c39705c7cd72f3f8fe8edb2a201f9597cba7817	c66ae4e7f19b283c70a4fed70a627913ae4c3215fcf8b9e2d31044cbcefd6107
CP1411.md	464530b9771220c956edabdc601f0751878a92fff284fac7dce3fe9ee2da6f27	619ffdef52f260b6e01b3a5808734f887ccd30ed66901f172d8de6a423911737
CP1412.md	d7a4d897ad21e57f8cb53276f79e875f175c7fe0b4322ea667eb44289bb5f373	3d8b0f58e075ae8df3614b2db64cf45285149179fcd9c20b09f4928982bf1172
CP1413.md	913cc1341e401a0c4f310dae9ec7932cc0f1f931ca501c39492262ecbbcfdf85	893391ed4ffa2fa2b49eed091eaaad75add358d57ce771cabc5bf9c544c87d6b
CP1414.md	5204467a0a4054aad36cba2ff8dd6fa31a5e591b57722d79ae3a0c609d0771c2	ebc26759a0bdeeacf0dcd9b0aebdc12da8e32aebb6fcc28d343bdcae080a35c8
CP1415.md	d83b8566ca020e32bfe9eb85caf19623fa9008f6029c1a109bfd653805731238	39d161e6de4a7eaacb9333a94178e97d1534d824bfa1ba538c3336639f72f24a
CP1416.md	bbae05b33460dcfa2fe070ff3b4d6c4532124432cd3635c4bafec9599dc81cc1	f1bec9456f981eeb430f3faf56f0cefc25502874310bd5a406e4be0d5a3dc796
CP1417.md	5eeb3d8eba1abe2347efca4ca348900fda1df46b7fc952a687eb1a08d446e45c	dc3b0787a2a6adb49588bce7970db0d05e96a1cbe41122a01d1820944797d243
CP1418.md	4c800ecc62bc038c096ef18b71275a4c02224e6ac71fba9101ac16d02af5a526	937bdcf95e43d3d618761f8e8176214f4fa01883d729ef1214d8cb86d808fa11
CP1419.md	0c111a3813e66737226ca7f38d4fd49de5022bc2d75c613b4e5d2a59f9368495	5445cc863edeeb632dd62327d7f4922d31114b538bd3821cfd90ae1045ab1194
CP1420.md	60c0d8d850e5502aa6f948f54877b6144dde4bd361eeb897741a78e5db369b8d	78932040baa667059f7c0eb45371a11e39f6602d160e730a4bfaf375a2555fc6
CP1421.md	9623173f3b20ae626bf9123458fd29fbafc5b2b36083c5153fb14f9da8668ec1	3945883dd374816ea236f21b5eb2dc910defbe1eba590bc85e77482247ed32c7
CP1422.md	97516212fcb66fbfe4c4fdfeaa97f62b4617585089da69179c320ce071df36e6	038901b56cfe6f440e7c650baa79c693f10a7e1ac4ae3adefc54fa44b3a38b7b
CP1423.md	2d7f4062587b3b0e29b87206f225b4b61c1eddc6cde4ccb409ae2a3f508ac4ef	4020c161b0d9037d2bc98590d5619f62331554aba8a173bf35578b481c1f5ac5
CP1424.md	d708e0a30bcf56e35a2efa5b8d03de552fc0617b855e941fa01e60256173e439	d8b107aed015b9c41994da0359ea1774e91d196bd9d7c4fcc58e38e716e5d884
CP1425.md	4b49ed277daff33ad9e3f1f8be67a9755688c665d0a17fccea5da1417d316055	cc7867c43cc42907ffcfcfa6a14e2a0bd66f65946bdfad827da6b8f24fbfe7f6
CP1426.md	dfa81c4a66dfec71797d33574af58a62f893c22552d7bebee54fed60fa5d3e97	28e77b72ab0d282b46283ac080a6917b02aa0e56705af5bd03e8c935d5c252a1
CP1427.md	547745e7029ebf386a27e377ab07368cf1539a268485002363241a523d476e8b	6dbc8fa7ca5831779655995e3564d029f66ae6ae2f84743d254d6a3b8ec578fc
CP1428.md	3ad6581d607d262d2b7c2164f7ae4e468766a59736c7ee5297ce61ec6d2ab56a	1480e05c188c2b2c6801a605267db2a0c06bdfd3f12da88354f62bb9dd1ed17d
CP1429.md	daa3a27007342c0f064b440d609a827d51b18f304b4d6eac4623ba042456e3fc	2b9a386a8a7c83f0e9cebcba3d6084ab0de009660568ed5b0fc1236d7adf092d
CP1430.md	a397b09fbc172b0a8a51eca73acb39373a2943f49394551a334e95bf87270053	70467c8565ddd114dc07124e011856f9a13237323168ec643ea2b8034891b713
CP1431.md	a118de2f0e93e9fe359f4ce1f70f7f9680e5477c882aa7d6a3ce8087c2077969	7a6e0f8a6af4e646ad1209eeb89061f1a7c318c79818cfaf3d0f7f508b270867
CP1432.md	58bf21635f32c33c58e2c067abb8cd8a3f39ee223c57d85bdb03cb5b25ca46c5	7a7193b55aacdda2dfb9fa33d57e4681c4a5f97b07861097032c97f33a62b6b3
CP1433.md	4dc4a63e17805376aa0b1faef4785d2ec4de184ee6981eacd9bd16ee48213ada	3d65f9586f770c85a29288cf912c54948275978aef9d6b8d41c4eb4ed3009154
CP1434.md	28dd6527e1e05483c186c321f0365928ebf54dad8f45761076d8d6adfd648122	9abeed8b3f185ed1710221bc9ddc814a8bf205900b9625f5e78d497c8f5b734c
CP1435.md	c442a26afd90bf26dfa9229e10edf008514c7dd19bfda2296205988e464100e6	031248b1fb0a5528a117ea0fa6d957e82602860a53dc3ae7f0cb893221496d5d
CP1436.md	450d2e431123d234fc3112637ea75e0402332dc5a93e8c868aa133b805643c0f	2c32f9766a7346becd576e0cf30a4cfb206cbed20c8d6fe2779f5c45a98bb1dd
CP1437.md	803b4831d44395ad61b6d6caf6a1077ee5e4de4ea3ab574172e3730b93e11ef6	721e6a22dafb7cbcd27ba99089154d3f14520e553ea9a3a17a1a8c1cd82a5b5b
CP1438.md	8a232eea47fb71fc1123da98f3c6d989ff63c199024aef6de09036998aaffb4b	ff29e40d8c32aa28467b0972b554d0456f545c3249fab79efefb7fe4df3b0f29
CP1439.md	ed6d463e42bdcea57120f11293fad1cb54e6cfeb6f01aca7049b66123959ec24	6374a19900cf317372725b37344477bd5b875bf9a1bb26a73b826be16e0cf808
CP1440.md	0b502459b1783b8555803309c55d33e69b9b94c3dc6649aee0a8cd7f387e8ad8	c932f51d02c4fc586086f44f88ee8ae70ebe253b26b8801312d7197e852ba5ca
CP1441.md	917de30f5a8cb9c5edeb8a41afae40914f324a2b55e289f0cd82423f84834946	0e7428b205426402a40913b4391357121f2bd2ab24247c56168611b208b9917f
CP1442.md	9ad624291e8114c109a823eb5b70e8d0e8f8bf19c7c5f4f1898aa59c0dbee10d	62a848116ccd6bc4e3a63246498ba9d653d6df253d67dc82f4bf3d7f6c067ded
CP1443.md	23de271b9d6a77fbb7ab4dd83f424502aea3a8f2afbab9bdd017f0262331c08b	3bf467ac6c905fda90abbc4184deb1f448adf52297cdc1079f52912ef3b57667
CP1444.md	794fbdc1a75a679c8293145fd1cae772fb4b130ddfd560de77b6c60856d29d72	7951b3d573eed6ae783725912aef10438c47f05bf8390d37c401629a7b759d11
CP1445.md	712c9f1218ada4b1f9e42109e717335fc8e67823cbdf3a3f684f1a01fd8b34d7	e17605c98c815e06d26d5b0993d3cf27ebb1040ad0bb7faf11d41094225dd334
CP1446.md	a1f1114dab530fcc6f8bba3efcbff36ed8ee193ab5bb9acbe220b83f6659210d	3fd62d78db5afbae80030ef4330b92437cf20fe914979fb4f6717966b6560998
CP1447.md	f47e8cc6c3ac48b9e76fcc6da33005361d65ecf35bedbe5c5d0c5519f6c14edc	6db7efbd5baee9e465fb52862ff9324ed13430cc3ee58671575f259894d99f7c
CP1448.md	5edd085f6329358d294081fab1d845066b5ac24a09cc63e752b0589c32e9867b	5cba61b999884d58c522f49f00a56141e612b461d12208ad95d0cdc6291760d0
CP1449.md	e85436d9fc545d34d8c014e67b97e53a2b5af94fb29b4c4fc77355e30749918e	936b1f16a140f6d85c79e96a2520476b8cbc61cf5d4d21880dd8acb221cf93ed
CP1450.md	9100d85ef139c7737d3671d1c72f4d366b1f8687af3310ef1b6468d68991af22	df95c44c88f7d60b4504d6eb86abf1847a2548f8922d4d037d8d18b40c0b5233
CP1451.md	9b6a8f1a971d643e286a14c6afc2c8939a2cb9a3d2a85224e0841a8f0701845e	53ee3e20ac5b63d6671e0f1d5db3f4b6823a92120ea6e263e855e10b50171533
CP1452.md	2a931eb0ee9a2697b31a0f348d90200d4d1013217573e8f0a512a16c9818d90f	7e64f184d29dd0101aee1cb79272831759dc127308f62653a877b20fb365c706
CP1453.md	12bfcf0eccbd28ce03994a0d93b0af043ee531e6c74488e147fa8c775dc1a483	f255fe7a851b351c6b9128b818d52a27645b780ffd8c9c5a5702d578e4de522c
CP1454.md	d2363a06e040477d167607fb3697c7a241d033c1d36a0624b02e438d713418c9	38e127eb213aeed45939bc099aaa717810b810a62bccb6bf03aa8aa43478999d
CP1455.md	9f5c95647b3dabc845cd673a9e8200c3e1c9ed7223957bd9a094c3b8c3c61a8a	6c944bf73749d0107e4dbf9ac95c00f1fcc6bc17744d60a446c30e5d03f0c3ea
CP1456.md	3e38d865fcac8f0dc0c8ab6ccdbac8b65fa8479da665de435d7259b56deecd5f	586aa0578ac8dd6cb3aa55d3d2036ac34cf8e6dfa7e1978fcd66483f5442f56d
CP1457.md	71326e69c491da87db90c12a166480fdaf30da3f9d51a3d9c8e596d8c678de2c	f2e8e1a2306d7f883e724aab5778339ac4f93c29f440bebd11b9a85391c4f1ba
CP1458.md	b8df8b16525bcb1f0c14372474acfd58f6461c975c2e4eddaecbae1ce65ea544	1b7e58f6dce9297666dffce82ca6c4764e4ac1e832c27ad7d445e772d3612b30
CP1459.md	a54e01584aa120df1fd432c3f237035ee0ce3c55948952b60ac85fc8d26bf398	8a356d3ca74d6b017d2ccac2713fc569e61323ecaecfa74df873423c5d116972
CP1460.md	f112473917896e2abd31450627e5de29d863d725a76007e601d23bfec920511d	641aaa038bf2d4fbe05ed42dc94568bfc2924ed9fddd456b519183c7fd8895d7
CP1461.md	635ea5c594f87d76f6763b81a3595dbb15e9dcc59e446362e0c951986827f11a	8298baf958265b73aff15e285cdc76911d262222e594f39185cfee39abe27bf3
CP1462.md	b0e23b1fd8887bc09b544ced29fcc71fe012309785c93f65a254b8fd585d4a24	d9f337fed31020d3b3fe3cffd89cb9843b3751f65ee2b1f5edc14e198c3e5d80
CP1463.md	1580305b49206c980e67c440131367dc7d15ba3d70f4ada314c353087d585732	ae138e695a516c718f70c2c817f3fb3f9ffddf348894b40b00fcec8a6705afbe
CP1464.md	b1a6cccda426c50380430e5628e6cf5790c3864f17d586ed707a5d7760d57a21	18bce0f1ca8437006e462c4e10503d10e2f75f9a2c0463f748424d2c596f4f82
CP1465.md	42cebf6b1474d1307bf974bc36e2514fe1cde6db7621795d4cb3140a64c408d9	c26f9b6c9a63e697dc4bd9736558ea32871f5874650dec72de3db0ce685a7446
CP1466.md	32d7c4c5ff74b906a64a12526d8d9e69ac82200d5c4d4b7a2a4aa8de3d407639	cd56833e92449aa97638676e11e55f18bf0fc49498fb0bf68c0d70723d255806
CP1467.md	f77032c58b49f20b5d5e6fa663df3091ca595f462c0a8ea754e1d516f836f221	cedde507462af0201eba811f57c7172fdd45854e828da7b269a49c0761d5bdd4
CP1468.md	7474310a96b9d8c5d0e241af3f43c5b9d39364084362f25a888e2c1a3f8141e5	a3ee673424bf5977f464f2868792e6f393f1665d9f312f7cfc9af463d51332b1
CP1469.md	8683227bee5717f944e669e688059763cf219c4efbad868eb6e30298b759ea40	28ef5d01008ccbc337ac64a86b4adc41d7f998a8606511ea142b145ef2fd9fb9
CP1470.md	30327a3b4e15b7972bed0189b5415455dc0f7de3897bc8a4f6eedaa99dfdbfe6	7d5dcf0a435ff9d5dfb51d8b744b888e27e2234361dd24250b9609bcb6f22393
CP1471.md	d46b023157c381b9b593476cf4886674b35fbc0d9bb2fbd0f5305a662ebe38de	12d4f7be747d33e8f013c7ecf4dfabe4433c07cf724774731dc0268227ad55ed
CP1472.md	9325843cc6f5d3b7713c04c7d3129cb364751995efce9117c785c11ecb1e72ef	0b4cd1b8ba45e6d08fa3ba4a9e8ce0bc513f4091dbe1e4656dbe46e5d6b011fa
CP1473.md	480d47d2eb81c16cd60da802859ad865fc356db1ed668cc963af7aebfba35159	834d41b9a5f3f5e6b60c3087aec2864d506322a3b1a777653bde92f6224bb638
CP1474.md	3f8897134d33c63a0a3151f0cfe7fb568c6d05581ab5ed4d5365040cea930d67	81dc71d117e874fc36b50c19b183c5df401eeb8240a301c5415c520ee840320b
CP1475.md	2f2be5aea1d718ae809363b1c62b0da71c66e35e464e744fbac8f556c459c56f	128e5f12c399ebd76d2ee1ab3a8f0ee805a8e7ba033cbd2c11aca74a4062f4f5
CP1476.md	b254188f654fc42c1f596b0d6d22136fef5b8c013526b6475baa13f289540fef	ac2081e1a3ed6fd2b3a7b4e8d6ceeef951c0c08339771227779841dc6e8e16c1
CP1477.md	f3848a894602251f286153ba7ddf79f15ee0f1d89ab4ef0d4a09efbdd63a9e4c	12480821cd119e6737ce75d2b6ffc0f36a8057050dde263a9f70983add56e477
CP1478.md	60fcde7692a37d12cac6b7bc24e3e940b2f3cafc5d83ddde18e16f8d2d786edd	bc806d5bca3b3859c2b8b15145956e695bfe058767cb547b20349e7113fc8e2b
CP1479.md	88282b837e465c751e2332222898c74b436a6c5397b3e25361a98c8d006804ce	9dbdaf0dbdf5320a2d91071f45ce7eae71fcf8b939bb7b1166da5796d25e322a
CP1480.md	483ce6af64d9e5710e7df639cc333d2c49a09028291f699826c649d4827d77aa	bbbee514dfb5ff8106ce27a3633f0ed02728a481d01e1df24d220b4812993fd2
CP1481.md	349662108deae30764ad079d4ba0620c9eae05483aa79ebd1b5eaa247b03d0fb	8fce6187491c16af5abcf80a0d64c7bb60de2c63a1a09c1deb31986787bb1784
CP1482.md	f703da9584e381b611966c8418a8781ddbf9b9eb954ba1b67dc90f3c05296b1f	76a1222008c64e6d815a559ba376fba0be9d05ee5e6aadf6275a780ffdce8f01
CP1483.md	97cbbc00ee113e3d0dd3ac53f29c5448237a5deae7cc62362df37ef1161d62ff	543b8019c537be2aa078739af7859c6526cd23d1c6642e8c17ed8eaf4cc07855
CP1484.md	6b72e4293ef63ab23eec043522f347f8d12f84b340d60eea5fd9dabdd97889f6	6282a16edbd76e6d5b448a50ba601055bd268e8dabd3ae46bbcfba481ad1b267
CP1485.md	b1d66fb47b022834efef642900364ea617664a8743888d4c274a11eb58c4c27e	f44fef89bca21e03fe51b74c91a0a2a609d7107306872d21c3a45bc23d2e3173
CP1486.md	0b089d77efa7d22824681acf5bfb8123d7e901b9d781d695401fee0a213c8178	4ce162ecf93c1b2a50ee4f0fcf8737b507f16107bdd77a3a316f051427cb2a37
CP1487.md	33d1ccbb64663beea756ac244f41cc50be05c62b351c4e9975f811a57cb6a7d8	15d05f3a2f4323d460f6c15ebf87877dd6bd4ff6ad87311a674a8b48ca4a1b49
CP1488.md	2a3cb492af2692d7199cde6ea7a032d23e450f99c07c44e103f83d9665c9b2a8	3ed227ba91035de8d593f28a1fef3528f76d8dfa28fe6987e477d0b59d46af82
CP1489.md	c7196bb06f46dfff6d0c5ca8c1fece4b08aebaaa757d5eaa16a71eaf39b3500d	40b834793d12f6fdebc6345bd34ceaea0505571195e8488dd42dc5658d8508e9
CP1490.md	637fd7bebfc650fc24f6592919d0782505d432fa6ed71c7ca3a37435c351d452	1b4b096ea7ae8f797c2b100ef101f6cdf9f54a819c17d14e4374420f89c2a709
CP1491.md	790878b52195c439edc97d7a5561e4f98e37dc601035ad87cf1ff8b2135c8ec6	c1f878b9e325bb7c50d33db1f9eb3ff9ce62e8199e74395464356c99d2b4508a
CP1492.md	f953622481f3236946379f90496fb45544ccd189fd3cc4ee3c94d3f88abf5d55	387faa99a66c4a3bc40608f8bcce04f5221f8be64c5addc2d6449baf266defc9
CP1493.md	583cd1f9841d392ccd577cb73f6b4312530ec521a781439cc77242f2cca4b352	5e793d7f251a817fe8284b3997c5680697a522496f11920e2a2e9af62385e56f
CP1494.md	8a873d7fad419140abdc3c2fae211c4f181be843b3e572e493d7538c254447e6	c5460b6ea30872999041337a6dc6a439e9d3e36f2aefcdc29949ec23e1983090
CP1495.md	371dde6cc080f9265064606b7deda3973c9cc80bb1674ccf8e63430f7fc6f8e4	52ad0c4c07792710e28cb1a6ba5f4d5e9ccedcfbcc6428757a393e5ea89d8cfd
CP1496.md	6b08ed5fb7365b824811b77b648b4d8a2b3b29007e1be49b27c85d115129b2fe	ef489eeb18e7ff96d539d0630cc8f40d35a38b070e878ff6cac8960bc2dbf953
CP1497.md	a3fce570d2aa6982e773a706efd4258e85f898be435df8cfdc3d780571072b8e	c676e7cb33c3857bebdd3536bbe8dea555a6110403b862ceda4ffc469d253146
CP1498.md	c8c9f7413c995e4c1cb1b1596a86b5d0c5c403d9efd4f1137a351ce4933601a8	647db8fc6c11c2890f96c4f5309776a15db44093d6e98c7d06e21819cabbecbe
CP1499.md	ea37edb39b7a74244973c250d3e30574571b8e16744a27ca6e964f6f5fb0298f	c5246d5dde42a4bb0d9449fd7c72182d5bc3b4232b9c75da067716c96834c8e8
CP1500.md	4f852f05db8431fd01b17a0cd16e97f58083d861c393f5e796552e6793b21574	cb4d7ad1a0680eb95f3c0262a679f1b22e8090ad5dc1d718a7d44675492f7fe9
CP1501.md	b0d3191a90e5eaa0cf6c02225e6486c2c246196359e8173d06a8ce43e3c4e7c8	b679066e7270a4de26407028c12ed397380da3e863c19e81437e795c0dbfe2da
CP1502.md	5948ff88c9b2216f0b5fc884ca897455cb50a070408e0a501a689bd36a028f88	f963fab6fa28430a3484b0ba043e4bbfaa0f9b819080da6d8c6ca65c19f4d64f
CP1503.md	6adabeeb3eb70edcd269045b2da0cdccac2c732435cc484b59df247b8c43947c	6f06e4a14e4a294df225b7c3ef05fa65af7e8c39ddb88bcdd77dafe09c537a6b
CP1504.md	017d64bf464d8ca7ddfe3239c7c0018b8eef4263508f71cb7260b0eb70c25e18	163caa9d8db8552f23a7966f342fb6a0b27f52f08105b9da2b169bd712147d14
CP1505.md	751cb8b06b986327c3ef18e06388898be50c2d793b817701cd15b42d953d68f8	9bc4f3c70ff30501eefc6a9a753c40914a18ca068481579e900f956e4eab683e
CP1506.md	12169d4c7739938bcec0e9dfc0cfacb936c11303f38aa52cea8920baafac87b3	b04ccd5329b472ff7fbe14b04c9564b55c2495e986cd61cd6424f1813ba6a25b
CP1507.md	92dfde1a4e8f695a952228c70580b47edfc553e92d0821acb099e5f77412d1e6	6dbb374d8c3a3cb5fcc0e1a59d82dce6c6736061c62dc50aae83d26ab2c1b7d4
CP1508.md	be71bf9925c6d631119e93f2ffb3a9b5b37c6a39eb3b4734bf52ee9b42cacb7a	d6d592dd8f00fe7350ce4118a5ff248776c8b44e213b6011bd5d30e49fb74f4b
CP1509.md	dbf7cdcb5e19ddb54d2836e9008d84d25fb9fd655e4063c166716c5e07771a5a	06762c21620c9e6e56169b3d6d18d129ac6e18e4858c154acfa8312107e07d1b
CP1510.md	ae30b8ce4b3047bf8c8fdccfbf2bfe174ed779bb6bb2211b24fae1f157ed1e0e	34364755bdb6591f3168619d793f7b769dad72cf46e3d09ef438115b9eea64a1
CP1511.md	61f3eb5c2dac014757f8877383e219adcabbc5520f6d3d2d2861f43485a1171b	20fa94f2a9050d381baccfb841b4652420aee0b7f226a38c989352fe2b4ddf1c
CP1512.md	300f214eeaf9063b57af735447e1f2a3a7aeac8638c0d0dec2f5fec5b5f012e6	c572de4ef1635863940b7dda18b23bbc0908d7ea87ee6e84c8573c41eef7e523
CP1513.md	46f1c20fb383ade4c400b7c7dab154bc70c1327b28677bb381ee79d51a897309	91d61d6850340d47a486bf488812ee683e6f6fba6c85574a9542eac4853e662a
CP1514.md	d5426fc7bacc0efd118761e4bb0d610ca99f840c32a1de8422299270c6342867	7e35b18146f1831f983e9dbd9b1243eda677d168a2d4217f47df5e7642230cac
CP1515.md	b07e8b58b331b2ba3abaceeb504719e27df0481704d4a6063f9b83f345b28e2d	1965555027ca84b758c84b6dc5c9160c9466d8c13ae885c77e9a398b7eaed99a
CP1516.md	2f30bc490b7c4aaeb9382137086d3b57fee4ef8d3e2cbf65cd280709f68be433	6f3e5fe8c2cf6f3c8fd157c0107ca860cd4a2f015f2e1a677a588d70e411550a
CP1517.md	2e8e2301b0acbc69907b69260c9daeada4e07089d25acbdad34ada1cc99da6d4	f402a8bf0cdb7109e81916cf3b153e18c255b0ad37cf22cc5c0bb5c0f6248f63
CP1518.md	cf3a7646c0b754dc0163a3ad34113fe9a4b71ad8da7e050a47d6e15d4cb024f8	377518a70b2648f16efc5101697c91f6ec96945f0d4adacd50915e2ee9cc5c6e
CP1519.md	294bb55810bc0b486d884919ca0d689a4e9ad8e6a381ced0ff6f119e8bf66ac4	8913f3d929d6d98ff2b1f198b8d00336655e945d79254c682d9545c4c7d92498
CP1520.md	754d25754275c9ce12cfe389fc737b20d53c22674884475a20c5a0f094087c25	d4ba7830f27e82f17542316f2aa4cd0dd237233be77046e9cef2d0a8da7a9465
CP1521.md	394b81febf50e775c819350f249c685a86daf75b6952b1e9cc47df90faf5f93d	69ac57012687146c883f3e4ab5a074f0bf9917107e444f854e47e51e3deeee4b
CP1522.md	204f7084c87d1c99ee6459ad041cd94c6cac2187ba31e1208fd6546ad16263d5	1c71e004e91e8816e46cc9d8b7fa58d1e694fecd0b77fe552c75aa36c5725d44
CP1523.md	15b5a2cb4284bfe4fe64e388746a3905a25f29d5e98b65d18c3654bc56d89e55	aa77a77b1037ffe191e3f4de7958f372575c23f268070f06408c99d838cbb06a
CP1524.md	bf8f88b429c8492c66fe502bf724d1506b4e25c43c425dcffa7246f1f192b2d6	5cfe121e14ed738903ec6ff048b3af01e29e28e47cbb4727e0bf53be266e87ef
CP1525.md	dd30232b76fa46f4678a2b8e9046012dafb34b3860d3a3dcbc53d75c9f3188f5	8f7cb38a84e4e5bdf15355509a499a4b753e63f366a8af93b686cb44238b63b7
CP1526.md	47d5e041afa122ca6165d01119394454a58d1edd67f23bdcc980a2935a80fda9	da0387b5040b660b67af7026b3c753c410c07a49a938c85fd404b7034d43b0f4
CP1527.md	5c960e0adfde4f43cc4a96b8577a1f20c4d439478d37ecb6a0d4c3e48394a037	f2aff788de9bdba85b5c9d1c180376fbc746909e0c96f0de5ff4eda83460698c
CP1528.md	0437ef5516d1332ca3322b9b7a110365280670348692dedf6f6c5f50b2a57c04	0ce2b34f469fb1e2b38effc2ec96d15eece75b86cf784a12f8a87e249a568a2e
CP1529.md	5d42f9b5b7299f19aab067b5f86efb06f6e6ea0bd6c918c2c2517c6cc6b0a57e	de673fe0f2cbaa70def511d8254eec8ac962fa95fca433136fb0125d4c9ad4c1
CP1530.md	8f286620127b4f09540f4c236bd2a87982292f14b10a27e170cc213cafe2431e	4ece99ecbd1e8ebfca4281ff013d6857025f81663ab8bad158015a16b1f8cf21
CP1531.md	ac39b60d6a8ac1102f15c2e7f4805c146f1fb044a05c102e657e43d804f36c00	0bd8726d1506fad5c14cb0512ded4cd4768d648481961eb31a3b0439b8f347e0
CP1532.md	254df026dde9e6779908fd778e9e7749e8fe473a3d99db503d2bfbfe6f5bfd98	e7552fe92aa39f64f26fdf393773bbb4ec46b3007a03e33449261174b2cdbb8e
CP1533.md	bbeb433f6ff844a87f627f1bbdf8cdb502ef4001ef1f0d8ec73e015849483e84	7a6f9e671c608ad1ce570349086d73716aa5d50b1ef0bd5143a8782040d3ec58
CP1534.md	c0ecefd8f2d77e2dffc1d2ddf52efe1caf91b9cda8291c9c3de640710a9fc874	7a6f08252fd67cfe28e74cc59aa851522c507fd262897bcb7beddd70addf4cbf
CP1535.md	e1372dd1b413e654a00718c97ae1d268860013317f088e0b812aefc8efae7c6b	041d99cbf429a703e6fdc6802ebafacc2e2c66a398164417798b6f056d66d474
CP1536.md	3bef5bf6a802d3fc0a34f6d767692666d4ec5159d1071e8e3457c6125632758b	b582f36601a00ee4a9727a1952b3d578cf76abc6f4238f468b3964a74396300a
CP1537.md	242046d5c7fef06ebb2bc503e20d03b2011b80767bfb59985c1dd8a34da89d2c	449abc4d13740a4e97274153c87dd98092e099f3143f25cfb449638607d1b7db
CP1538.md	86f2e161063098bdb770440f0b9ca714d41a40945bda6f8686f169ebb2f8c547	2b996436437da7d9a2f9c911c0f524ada6ac3e42ca172d8babd00cd681bf6c90
CP1539.md	b9b18898c8e7019cb70b44593e56ea588e5a34c6156cd06fa626ae527c0ea303	4fb69a2946957bd51963bb5021f17429c5f7227d91dc4f882fa95dbe8dfd64af
CP1540.md	4c5c9651bb09ff023ed01e60d24f332e6fa65076400d2a5d5ed34d223fdf867e	f9cbd062deff7af72e61cb67eda73f2eba6373719c44d09b19d8dd01f42b9a54
CP1541.md	860bd6ff3e3e72d410b71d255d658f6a8d0ee30d5701f37b779ab557f50f896d	81f8d7916d1872413210f2211b54dfbfc572ebfe3ef9d954c654c93c07433fa2
CP1542.md	dc6c8cc8b8e30250f105e2f537725cb16a8f6264179860f1a599ba9c53e18020	8857449b18b45d148989cd3d4d8614c5e4044e9b51cc95b2c593928036b17411
CP1543.md	ba148e1490d7c605613449fd60e1c0d9884f93f0ce2db5f4af655c3d108f5796	8f2cc660c37061a4bc7ae6cda4420eee1a393576d75bccc487599bb5beaa62e5
CP1544.md	b3e9b0a4201dcd9ee15eb2825c2f3759ab834bd243e4c0289b63f3a3fc2f5d1f	c549a6fdc941e96e668f8bece99bd0a52120f8a9a09650fcbf92264d32fd9f53
CP1545.md	6d60df36897fd154c87b231bc9bc828f7071de74737220e62219e08bb0ab4c26	09ee4f36ba7276f9cb125651a0599faa9201c19dd8f0204d2c3829be0672030c
CP1546.md	c3e9988874b2dc75906e91683138cea818b020a27ab5354a2736eedf8bb7f0c9	2ba1d76ca087708086e9326c61b43a93a33973be67a6647425b1e3b3b61df2a3
CP1547.md	639755bb0858bf28728e9af58f5907ee469f464b8619d5a9396dfe02c4dfe4e4	41b488b4051cc788f2b357b816a4e042481eebbfd3d9235d94598c15372f5a03
CP1548.md	8ae3e21298700498fc2fd591915ad8377f4c5f9fbe9ddbd54cabd8dbf43b8ca6	2aa8a9bcd73541d074870a0d8b59fed7a47644ea30d39c28f1a0a872e2cd654b
CP1549.md	3c4a03939a7a6fea9bfbe208257533aedd21847ad18f5083b7fb1acba92fa373	07110586a44ad2f45074de08c83b9d0e284b020eacaaa9eea55bd95efac84944
CP1550.md	2ab98812f30dfd4c7454592bdfd8c030180dc6b88320116fe6ece453f2432ff1	d2ae069d03d1970cbdebb75410db476e592d3b78ca3148d5d948f417d1c14371
CP1551.md	e9240fddd2a1619542674ea1584faf1db3153066faf2bacf2de23bc2d0315a9d	643252d1925679e1fbb44881f4b73b408c5874ea19036beebe8fb2a95b808959
CP1552.md	2ac0941f8da0949ba96ab6aa446e5df5d88264a92f7233eaf8534d0b7f83c1ea	2e780bd5bc8a1dfdb65341650bf8ab0f9f81a83c1169464827c9a66ae0c65f34
CP1553.md	4f21725aaa22141396f6f72209aedb6857e0f32d80c105db60aa6e2928d1a754	e5e0f1568d55e5647e89f8b2799f58f2d63bf099bbb4906c2706144f86c413b2
CP1554.md	a81ad9eebd151a4c3d4c18f72e3d9801657702e6a83caad60488a05c8d14857a	0925aeccfb14c920e41f1d78336620cb74a7e8267a9533e8338e2fbb5f442989
CP1555.md	4b567072219864a7c9e56871dc6a000bc517c20a48448d1079029125dc26ba69	d3fa439f71115ad754e97f8913c777662cd21042c6516c52a097cc9f2f0493e8
CP1556.md	e9918b0fdd5f0fcfb65f8df808155df530ecec7a28e2901add216e2273abbfa0	63bdb7395dc64e5c8927907e8462ef6644f7a6aae938853ccc9266600c169caf
CP1557.md	20be52fa1665f0950a6bb203d018216c053b8c56d42a8c467d7c1a3dc9e7439f	23c3f3a66edb147056047bc45e8038e65df70007a355b7e14336913897641436
CP1558.md	14e62e38e48c6da0d3e4e24723a7ecc117fc4eaef79f9d322be5bd252ad1f36d	6626cb72c7ec5b7efb39dccf073e44560e519c1275446011d4f2954ccb5b16e0
CP1559.md	f8f31caf7d0fc60e02d9f75e733290d87213336edf8c54c365e9333218cf3867	b63b2e60a300b63e4be949ca9cda9772c4b6213d75a5d33e25b0a7b100ced8c3
CP1560.md	d490383376c38369d5e85ac67cc8a9c408e466b8ea547e58fa6bba76c1aa4832	cac1e05b85f7985dd1d2c11524ee5946e73c41ee66a802cf51d5f4f44dcff164
CP1561.md	71ce09566b32e956fc98d20e1e6543ac0dc2e99cd7c955f96f8aac6691597b8f	724cb087a4769fd444cc2da07cad025446622b029cdba108f83dbaa6f00b5107
CP1562.md	b7fb1ffdd3b66cc3fa7ac3f200e418639794792491a11eac6651431d2940781b	4f2470b215789a77de8d7aa90608252121f0efc6d169aae2f3d94cb6377b30fe
CP1563.md	5d25c379d6a8cf8ab89bf03d824a782f01b4feaec1363083f560ff8b1b670b0b	af86f6f14bd7d0ae10741dac7f563e6da2d04db7dbdee98be93c1ec35d462d8d
CP1564.md	d4653cbe9369e6bdb0083cc543364c852fbd9bc8a801cde7c7da42abd44f18ec	8a79eb731c15d061c0509bded3659c4c02264298bd41c30903283e333bf818da
CP1565.md	681cefea399aa57d7c30ca2afe37c5ab96cc9bf225c0c359ef6b3a5dbf877912	08ad462a3013dab8b84c0a8c474819616ccce275022261195ea05f933f9ddc97
CP1566.md	bc564bbad7091fd0d37725a20f9c1543147f7e14dcafac6400670e81e9340300	d1666419b9b483c28f163f6864f27d1ece4d04c68e38a2ce27b86b1c053900ad
CP1567.md	62b488e212853f132cb3c96747b27d66632d3e6c449763eefeb1f3735ba586e9	df1bbede415c2b50bfd2317b1521290e0b5e8b78c2bfb88e3ca4f4c40a2734bf
CP1568.md	3d138679b8bbfd8b0348cb376679272a40b84296812f856dc7d7ab3ac7a71b4a	2eed392a9966983b4debc1c3547d6104394ddd848be9f10436ebe6e2f289852d
CP1569.md	8449faf70776ee0b9bc41e3cbd917e31ee6f1cec6570df40472ebed91ecc8c21	62d362bb1bce9bb8652e5751951411e39577244052cc17736f6aadb8e1d3676b
CP1570.md	03390833b80accd1b685b1ce453165cf8284c530647d58bbaead35969d8e1d56	b2e8884df1d859dcb6bfc7f60cd4160499c4ca7ee0b71840e74b788f7a1136b6
CP1571.md	d501ae0d1b892bed3d9290ca9d0c8029798267dda352096e0c0c2fa2178c501f	d501e1b986591945bf9e992a2709c301a89d551e5e391c23ab1485748f96677b
CP1572.md	b8031c5d82a465ee66dbac35f38cff9c4575dac5df49cd88aea028a1bdf57307	3fdfb85e7400420877dcdaf7ba85eed4098fd7bad9d0bb64e7b930adfe8c752c
CP1573.md	0929bee687ef6f585a48d227b11d038bbe288017fc224f7e52de877661883e84	df4c1bd985fb69188b0b9c3f0254c3a481558bafdbabe5693ce0952518f6f14a
CP1574.md	ca17bb3a3e9fae46d536e69e5744118ec2fda93246a9b8d76ceabf3ad855f873	04c99fdb636eb8e53b155f9ff50ba091687cbbb6e2865db472bb0acd5c277f18
CP1575.md	bad06652613ce4c439c64a7e7078f7bb28b01dba01db0e9f24a105cb65251b1b	c7e21904ca282b1296e6f5bb92c1db5d948b9cb1459fef54d1508b28b3004091
CP1576.md	5aa9667e62b5baaafa35254364d377b18215a7e859fe7d28edf014f38fa85f0a	d1b6c8c3ca24c70fe9da15fcc3042957a6ba0d669b0d2006b7dc5a2cab5e2d2b
CP1577.md	bdfb1d0e52317daa07806595c28825d2a490d188b3accad3d757518049b57063	b250ee6590134db11a49ff1200a9d7563906b17170356ec9c0a07f66c6f3fdd1
CP1578.md	d1d13c37e7b8e69005a630f4b78c7d233ff20e189c01059cddd95c31caa3be5c	be4d3f2bb28e0d02f8e1deb02a6938769d58f118a124cda5596390cbad83628e
CP1579.md	4e00a8ec594adbc08d1e3735279d32389f712f83c93ad9591a4e801f784f67e7	61a61f04affa98e2b26edbca4be529a71a53f04246f71104e8260cdd48c8b842
CP1580.md	ac5e6acda40d4327acbf076d8bfa225a4fcdcdf7d425ee9fecb0158df5c9bfa3	0fdfd1028e1195a16b8b2f8828e837ade2199ece74c51c2f833715030a6d8157
CP1581.md	a9910c03430442d48ec83176aa492c5c4c22f19bf921dc1127b6d79be4b438e5	d78c43ca6765e2f83ad8ecf622e11d04733a1970fe907af9842ade6d37c9a48f
CP1582.md	c9b3fbda8fb63f5ba7dad55b36a807d359c2c25e6bf08e7222da4790d0f65d5f	b299a49470864cae6bb54454bfbe2e32435a4a759bf501e180583a306aa5ce97
CP1583.md	29876aedd4fc274a48aad841655d1396866c20e33f1999bdb4eef43bad700928	57ff1ec6be1ba528d245a04f0f35e57ceaa6d2e47535c48443400a77d69836c6
CP1584.md	e0bddf2b12deb5eed9a4cc0341adc3e266435aa97ed5509d7a569f8239fd36a0	f0b6d5dc6e9bbfeccf3f2ed555c49670c63ac15a8668d591046d7f567a77a5df
CP1585.md	0f64858bd0c9ce19304b9adcf54e841a2bc3b011132d4e00588b1d90f47d0085	a5512f2936d6eb8a79b4b291ce853d760cd21b77341433a774e96b063210f71d
CP1586.md	71d191061226cd5b39bea2ef4412c59410e948674e72a396ff9f615c8d017ade	3c0eb32c95591fe80d6acd4ae1ad712727192998179fc83bff4a9e22870cabe9
CP1587.md	437781c0024500aa0b0c53989e0306bb9e15ee2f34a6c5f47b9ea3fc15ade0c4	2d5372820bbe83ef07c883bd46b78a8fe4e672e4e80caafaca530634b09bafb4
CP1588.md	bb63fdbef652e6a84bf3b27b6fc3b196027e6cc8d7bef7087230ac35918014bf	537948024d1dcc0550c05b164ea80641c8dfda8ddf5a7834d15d2127dda368e5
CP1589.md	f5a116c4ad19771d69cfd4c9f83c4be43e20716fea3b6ec7003c088dfbf7768a	845d7ecd8349d5a9a94db4e10b0f0abea08aeaf0194656d5287b460cf71fcda5
CP1590.md	9c5914af78a3f12680a5169ce6116c4659b5fd5a57d0e3ebea587806b394acd1	675f0f00aff5320bc79ca5610e3299ad0f2e83a366f0115186805b0c89f2e704
CP1591.md	edc3422f0432c8612696b3156e2835257436a1c9e6399b0e3f99e536d2887529	263f814f0de99a57a79e858c4ec9b5aeb74082c957141d8d1e1191fd4a3adfa2
CP1592.md	2fcc666c030d36004a46a03ab18a85f8260760e59adb09c6f608ed8b378d7515	54696649d151647e3dd3b83cfe0966cde52f688eaf3d7b0d061cc19436fc2165
CP1593.md	118b3b88977b9898537f2d9265e33c0432ae0fb7a92999052f29ba56c869293d	9e6494ea3c04ba848a3e7fc181eeb3b6b8254c625469a9005ccd3d8ec21bb13f
CP1594.md	07bfced4e6258f5ab0bff50b7e5a9febc04ce62b2dcdbadbd40fef100f419aba	cab7f3f16015bd4a8607695d0b9a545471191962d999053037e71123577f0a4a
CP1595.md	0145b32e6a1c30c90635f71083306c97fd2e033347b16aac49cf40088ddff2a9	284c0b364360523c46610c14bd100f6e0627e116ce238d2435c4545af0c7f2ea
CP1596.md	dc8b71c67ed23235692e3fbc3d0ee7408b07fd22fe6fb5725b6ed79f914ea11f	08a57b3245b1ea40fcdf03a182107098d11d48c2a1c87d9150e73ec2e999b084
CP1597.md	51f1fe37489b6336a9d77affc144e880ad0cf442e88a8587cdd7b191c5a435e7	9e0029ee07ec35014ee6d25624b453fb8c7d78398428d61649a6059bb210e3bb
CP1598.md	50e4a2e674d06a7c4b3805b19f87fe6b6f386f9b2d3ce718e5df725a9a197775	00148eced617cd5b0fb1601a2eddaebbb7472fd8b47414bec4e26eaa8ee16729
CP1599.md	96bd56570a5194a0c6f9ce30bbb8be67b28c91343b040d61553d13a29d52ff3d	ee73c7e6e9d91cff98ee24e9d28878293375a7ec64afec655f9263e7e97c30e8
CP1600.md	1ebb66cd934e8e94bf9539224bfc46e4c3656d04e6aca1e736bcbb98bc61ae39	6885fae1dd515fe1978b47219288d984341d05e1acee0e8070e05b6f067bac58
CP1601.md	ff170fb9640f775a08d055b985af5199cb1d56c22ebac72da018d8d28efb2046	84bcdefd10cb38d1070769ef6220b16ab74fec73647c74f7a5039af049c0125f
CP1602.md	763ebef8fea92e82c7a3bcdfbbf1d24b1dee65b3decd90f7d4d897c8d178f1be	48a650fab04897b191af592e80095e2446672138fbb9c049bb7b42ef647da110
CP1603.md	98483b7ef7869a65268893102157f783f05d4c2dd763c9cefb5fd02817950430	85433c5a75140c3951f6729a45b12cccc8d8185a62c854589ff5388a3bed0a10
CP1604.md	f2f4f479eae6d7769603bb20ebbe1139fbdc9616a194a611a75619e34427bd11	9aeb80ea6ac687e8ead7d5cdd933ff9695e8cd0b1ae10485df0e8a694a89229a
CP1605.md	c705601cfc1b54fc92e1d5b0f8322219dd8ecee22134e44053d23be8c3466849	cc6ea256b2349ad2a7019d390a9cc895c03bef1c271047b037c7a36c36546b97
CP1606.md	76d7b08d2ac3322b524a0251a01a17723fd8ac10e5e98d8209390306a2047616	750926a2218553043436afa79e5c2698c7e17e3cdca9bebeb3e1b0c03cede6ad
CP1607.md	7fd04f6b6e11e28f3a49dc345ed20d782ebd33bba4b602195c1b66fff78226f9	4aad1025f0b155a613741fb35c7fed4e28f3b759e1972a57f006a313953abbe5
CP1608.md	ba136f90af8f540de10e5b39648b6705450e7a4e55dcabf8a80b8ee1e213d5ea	49bc2c8e7029b49449ff46a658f58044b4abdccc64d062b6b84f47c95066db3e
CP1609.md	048eb3c4a1f04dc3947db18c9d600aa77e22c034d2daa0676e258d65bdad09f8	09114f037addcc8e1c46d3f09bf956a8866fd5866902f25d9561c8afd4dba907
CP1610.md	14acc5e16574b8a37a27908e80623945f96f2a9c7e7a1bce00ad373feb61a899	d14af94c1384d17444a441a45419f1faf4a9b5d722f9714e9008d1a578f51fcf
CP1611.md	9d39ffeb9528ef74da6df78272bf1b1c2f2f4695fc0e5f613349d605c82e24cf	16cc6a4cac030f6137da8ba0201747b8d0b1e06a6a76c9227fed919fbd8a6dd1
CP1612.md	1ae42b5d923f5230add9d90aa317d22ab5c7d6da71cf970f4347ef80f09d2b41	5b6e966438725d8be3da860304f2dc776f529bcdb14755591fb35856daa2cd30
CP1613.md	4ed63a0b620743bd583805be0770f7cfad1d6280c02947630982103a62e3031d	8d53871b6136eddb30a54bf128400ac009b08101abf73ca410a59f092a9b787f
CP1614.md	a4a5286403ee31d29bc0424a1ba0729c3b73ef24cab9622662480db8f0866e17	43ba38eab78cabbadcd47a688a900aad14626d050f21ef0670721d2f7c840513
CP1615.md	91a7e60f034c487e2540f75d2c72e01ad4f8d76163336189e4bff163ae79e7f6	6ea959370b7d86cf131cae31a4507405f7d66cf9e3aad71769fcf5faacc295f4
CP1616.md	8222989f5d4c1e1c972cb41ec6e08d7a6ea6e43f737e3fd385b5bde679eb39ae	209208fb66c9a7baa811d1a40ba2f9b16912303bd4b15c061e8a80f877e0e559
CP1617.md	f0c8db4ea1e9f66f3ea93ab24ffc31da374a36dd3083c2817c2fdf74c151a849	3d9ca82f02f0739ccd1bfd79279e788c2467e4cbeb499d5b7490458bb3955a71
CP1618.md	e2654c6ff7a5f4385c645f5eb0f26ae7d3f1dcde40d2ba32ade5f37fb1ba237b	bb1a92001476c4d00c54383d97391cd7642471931b5dfd3b5b42744518fa5fbb
CP1619.md	9d2a6000bb96a301900493ec280ce274ac956df21e0f28b93c3c73398ada9040	89e860c94e9d7cb19abce90d8f2317a4ea3ca576fb8f0bc6283026bf715390c1
CP1620.md	e6300cad09ee1deb7ba0430af2d67472a3da525947f8cf9d953e7016f387f903	a53a9bcaac2e79f526c4854559f101b60b40dd14e296ebea7ab68cdad1521308
CP1621.md	33722a3bbda35765cce22f79ba814c4a7f8301ea65fb4fed6e07575d095e05bd	c11636fe97567c1b125d517364ae2764f6c2b660498e216178941a5d79c99da1
CP1622.md	f10125a242bbd8a9131ac03557a1f4ae5db8fe6561feed776bf0f67b207c6f2d	90f74b6a3bfbec6d144631c298c6025a182e7ee0506a29f59cce62ec3b6296ca
CP1623.md	11b993af767227f38a98e915c72b3d20eb9f0d7ae900d982ff63b9a77fca99e5	1a8603f6b5b4a430516ab07377a1b36fbd05b6b2cbfbd891eb6a929e4eb176bb
CP1624.md	f2b7bbe360c90443cf156c105733e1a206198b485c49f4fd8a585d3489bc8a13	a71e62ec5594cf3d2d0c6206512dfdf4a16e371c5058db8db3223c2ec70bcd18
CP1625.md	815193aa1226f8da4c985a8ee028e3264bf30941741bb888497929e259d953fd	302bacfd67e9518e04499136e4946f9e513e039894333853e92b259e475575b7
CP1626.md	e89d7b0733cbdc1ad8f948af44d93d6b9bea7483cb9009c94f83224ded99611e	c321f1f1e50d2723c7610670af9f31f08eed825d6c8a4a94456b5d929d219e65
CP1627.md	af00ee66abd019990d6123534f7444bad676c1d7578eaf4d2013e482d7276e5e	5ea93999b8d45d328f2b9473fadc2937e94a9880acd653a4775c6cb13e73d8c6
CP1628.md	508a9567caf9c8b6b4cd30c192cf366e3340edba93672d3644300f4b757b4854	a3ff46102174508ab9ffd91ff09968cc290fb9023c11ebf0559365dbc9176fbb
CP1629.md	b13c5a0db9ff3bfe87d775e20795d1129e866a872d95f9e32fa5012b348cc814	70358d03ad26eb3ab43a765c6c8bfd53fe845c87729459cd365edaa8485bc6a8
CP1630.md	0310a841fcd8d09ea7e6643def6d313284318d3badfe44677ef02146cfd38a43	905972fb7403ffb930a0b2f5b163e3eb87765e5590d5e969b380ca24ada22c24
CP1631.md	6193e917570f952a7f90f1caa50a000d0935786e0fb818129453fe3312f072b3	2e0940a537f175c49d2797d2fcd6330c9b09233a05113b372593c3a7fee1aac9
CP1632.md	9336917818783ea2b79d7ff7c3b944b9d45c7db1ff449d979dceb1158c287f35	64de17bfeefe8d9dcda366d9e9e92a48fb796db0ed4ddf3b3dd47135f0792e8e
CP1633.md	85f11ba8a6f8c96c4bfc722e12a6cd7bd80d38c4bc32c6361cfe714d5a79e987	fe92f9be50784b53d7222d0c8bae70b32d15b4a32c6ff896ea8ec1c7d10e799c
CP1634.md	a3f4d2c36d3e873edb6f4ff147d5146b2bbede20297edc630f522bbf7d533eb2	431772c719d115f69a214f69a1875ab46e691accc39831e7f79dcae38ed87f3b
CP1635.md	2eee1a8f68c59dd04469da415c1c291b9a019dc129748edde907a561e7cadff6	2cf9e3ef0366f38fd1f45101ec33b2fc239162f14673ef48e20c53c9d4a1eb9e
CP1636.md	a947e18d3f7fb69792bcdc5f2295aae95f4f140fd199bdfd275a1bfdd36b373a	c30315ad49d23e15936c794569cbd2e499d0142feea3aa70fc742f52b45956d3
CP1637.md	c3462ef4d332b162ae45ab9ed38764093a2eab8738616be194e33b4043b79987	6bdabbedb2aebfd7e293dc3d105e0fe38b3c178432f765419802e686794b77cb
CP1638.md	9f16d30000905473e3c7933d8f889c7a22467e72fc89ba26520a43eaad25ef16	d48f45479d70c86e97ae532bc32939dacc27eddff9bf74d161c2493e40ee2f51
CP1639.md	f3ad73b970fcc4b0f6f9f70960dc451c144a5a3f868a7c59b243d66f9af0c9f5	267df2042a121e06e506a16bef4c8eaf156d5f3a1224134dc9e3d6cff364c271
CP1640.md	7c1b62683783040ad2caffe71e6ef2f4121dbbcde1ecaad4354c9a162b15a47a	1fbe1181ea23c2f458e6bd3bedfc1bc06e7047c26cc12a00078364120c98a6ce
CP1641.md	d6517763716cf1ba0975c9f61d214dcd0a35e009bcc043a46e440aebdb6499c8	92b3b9b64575dbe39b68f7048ce793baf8a293e7063a4441b584281342867e73
CP1642.md	8530947972100e5669c1117ae867a5ee5acf43c6f954e560fee25d07d6bc4c28	cfc569cd3b3ea236afa60057c0c14e38e3a0eb78bddfb3037cd22c2cefdbbecf
CP1643.md	b23b3d356eb1a7be9e4999633f3444eec29aab64aeda81c95368d961afab04f6	51d9e7d35bdefc20f542b53bd580805fcdc809b6cdce0f69061e07bad1a065fe
CP1644.md	4207f113a4fc0fea5c23825b27758f18dcbd105826ab5c8611c343cd71fc9bdc	1d37fec3f945f331ef7c4bcbc7dbf25a35ae59af8b369c7f957e0885ef0f4d9c
CP1645.md	d8211213faab4937eb67b3f573a151c6e427923087095370da4fa8be6e3c2609	75c42b28046b09cb0a7ee2561de2567fc78b12e000b1d9c614ac43ee0334088d
CP1646.md	ad08aa441f3e90bdc997be926165e9d03da21f32cb1295a57e52e9d169a1d8e6	b0259cae1bcf9778de1a6cee901735d4e12ecad0e12c212284c61a88016649d4
CP1647.md	84a5412f2b6e087aaaa1cef38ad7886685f31e4fa9c5bc6dd86122129b0f8329	7a5af843864948ce2318fd4277e35c2ae4957de8c68ab2636b4a7e8dfee1a406
CP1648.md	1747d0f6345ddfe876065f9814aade9852c31f226188a7c57ecb112fe565eb9b	e7f83122692bd299648ab0a828013f701b1bdd392333c0a821d79b39711cceb7
CP1649.md	985bf92a62fd40de691e7d486aa4ed0c4975c73478624c43c45010b7ef31f358	32c1292eaabe298ffc508b3bb364cb4490daabf118bb3d1bd4a3aec02ec6ecdb
CP1650.md	acaec8ff1613f818a897924a9a5a407ae49dbfdbfdd00b09b4d496ec679a6482	0b00456eb9ad36a726e116c69eb83418e0891b4592e1ebf7871e25fc248a4434
CP1651.md	5d643bd8c09848f0da98ed7154da279125e0c8a1cbf0384c339d442e391f0c0e	f6c428da527a76cee2cda335c8c4bff8a3caa52ae3b61077172dda4c559f05b2
CP1652.md	f6e224d8409637dd3eac3347722b910d8a5d863ae553a3ddf7bdb7cc05cda62b	023f65cd2c25450a8733630d372a8973719e3c9528ce63a819f83de332e18986
CP1653.md	2ea20dfda3984a5de945202018970cc49e5017da5b6e30e93a476ad4d2fe92b7	6ff1eb1376cef3667da7fff16aed9301dfc1bac4c08b920c72548c320ed85618
CP1654.md	e6d15d7065d1b27875a78f5a3c388c1ea976d0ce7950b2895661ffe07bcfbbe2	fb0c8cd39455acecfcc8eb092eeafe5a44d22083a2493b0763bb9d01d4c856fd
CP1655.md	9a88c6cbb0622fee93a8315eb914679fbbf97dfc7a08ea365bf6dd8104db1b39	c4f11d495ff20cdad95a742dd4b49512cdf868199a977569b280ee62c6f1d677
CP1656.md	a8e51ab5489e236c5030da70404d9b9ddf6c87259cb1d07604428ab32b4dcb12	d451a4d141c077a595a5b8683460afeb0b7a2de8b03baf57542827aca9d3ea66
CP1657.md	b9678091c6effd02f00184f095d9ba1eda3630021139af04d5feb0207731e5f5	9174d7dfe90f38ac7e6c716ae082faa6aee231f6c2c12ecd9d296f09131da535
CP1658.md	9d41e25d4e4eb3d6821f3f877ccaf81d977b15c82f5a61a896905d2a4fb5cc65	f5f46bd5a6641e0e9410cfbb87e3fb16a8f0fb43f2c2306d9b484ed4cce252f3
CP1659.md	4689f697cc4664e1c184af8ada7d9087fde5dd44db1a7ad222b0e7fb955d1bdd	4d991cfb447427df1dd950d96deabf370c99cabe0cbf3bd1b9a58635be7ea334
CP1660.md	3048489711753880e9bc5a30d7ab7fbc9da70ee7aaa6401e7dcb2902e62d7e7e	36495372a50a515477e95e1c6305adec8b6c2eff29a69b75784905cfceae084f
CP1661.md	df5ab96c9a1b6ff55390d3a0a802ccd98978e0b7db58eb170b96309b4eff0cf0	1e5b805ea301ab3d59843be5a9d9e9a28072581ec9fee0e759b3c367e596f345
CP1662.md	319437a6a23803208c17545ed8db32c0d57f5642b1a2adba5e7a1697c2f053dc	c5fdffb4a52ddfbf73d2d74787d1fda71369e6dc2746a11bbfeee3bb56d99c75
CP1663.md	8a3a37ba4f40d3cbd599d2caafbc8356102972415296252dd30fd8c6b7d28fd1	388cef26ab96b3f1511d2af9bebeb6a613e6634637918c4b251d8ba686e843aa
CP1664.md	cd124976b39a90526a6cd91ca206b9e56eee92a27c20639ecc9626286cb98d31	2770b0ed04ee3a59492ea41b90ca393ea73a9bda7a95b7c50e7f129a0ac52799
CP1665.md	60607dd82484882db7a21b1f4b03933d51834c07b8a36b1938110ed5670ca9a1	7467f10a93ec17c9628c503e509d0a1390b542232184267d1ab49953fb0fbb3e
CP1666.md	f632a5171e0cb94a36eadde687e0d058382d10f79bf3da422400f37c4d041786	4c165bdb739c3a15f48127c419fede3a7e7c56889a7203923a357b51890ef348
CP1667.md	48e9d3151d70028dd2dc876c6038d08e7a5c0e76c84c011eeea9cc11627326bb	2f6d66468a4753b3b421e1d9848fe54b86bac8f9cd198d1ab5c2813010cb16d6
CP1668.md	32d8ad74deffbeb0bc83733072e9ae3721826e277526878071433ec89033e7f6	59cc7e9bcc78ead0eeddceda056ebfd57beb35c8ab58234dff19fca9d2cfe8af
CP1669.md	d1a387d9758697efe719f8e421458cd9108717231abe6053aae5d76c5c3b034a	4191e3150ae56d365a72330d310013a612dcd51e7fc8883c64c995aac14ee130
CP1670.md	6abb0449704751b5e1e105e902cadc941a7c58366e0c019548356decbf912b27	e8cb0a52efbe3f2e4377a1faa6a7d17c407025561131d28eb265bd26b182c68e
CP1671.md	76b6eed720fabceb538dd69a47c868d1db343de09bcc052f66b432d8674bbe16	8fadc68ae6751a8c41c4417661d51f06643eb6c3d096fdcf4f40eeaac19e3d31
CP1672.md	e2262576a729987d0536f559991f8895d3cb67570091a28d2cd8dcc6631d6bee	d1103bdc307139ccb6e01f8baf01fda4a7f459fe81ccdba588403a12ae395c72
CP1673.md	f5fa07668472ed25f1ed890e98eee4782a3b6ae8d019a7c2f3837d34ff07b49e	9de3175c33b95f2abaae1406cbdfd6a766c8e21cc87b582d82a1e7a6aebde875
CP1674.md	8c4c5ba25093b06f4c2152431195cb7fce99de40e9764bc4caa5b2d2b58b2601	2cdf6c892867ab88d1ed03181b542e91d4b198665d3ec2f9488292da694ad620
CP1675.md	83153f897d5cfc2c35a1f4e26fb1b67a6d2ec6ba0d6ae89f620a8445c1f09468	d3179c224b174a14b0d36840860e45770f42e392558cdf5f6136b7b9c7225597
CP1676.md	23ee8a1b7df089c324dab362d7b8ce761e2f5cdfb98c097c9526018a8891db3c	cfaf1ff3c2bf48f9824f7fb3c4fe86989fdf9e6ea065bac060f83fb3e4cbf5f9
CP1677.md	bf1db8560a69b73840a04d5d151cc0108d1b1975a805e17c5956b1d8e5e4ebd8	23f599de564f0504b6a30f8c54e627c5b734d3512d416611dd09f1cbd81ee3d6
CP1678.md	c4da44f480cb1c8b42324fb58e9f46ec94f84d6333b94a53dcd03580a4033d68	920d43f34f109d9c83797f178af27d09f59af13d462ed553b233ee1a8dc3b5bf
CP1679.md	69ec285113680f17846462d335b6ac9f0b1aa297f05c5b2355c0f5145d0cabf8	26caf5ea4d77e308471ba4fbdb9b38d3be138556c673099b3edbc1bf870a426b
CP1680.md	7deda42a641018d84dfb6e53c50187e380b935d515bd0975d0287e75642098be	1f448ca963384b09fab9426b9bac91194eceff0350f48c47a58f03e2e9ac6183
CP1681.md	db5e6104ae914dc0d2f33fd2132d71abe6330a535cc09811d83b420b41ec817d	54e1074f6031731c3af403daf3f8396f54305e7c7202cbb7b191744aa6a05340
CP1682.md	b137e94440b96d8b2071367e5956e2360f709c73ccf13efae08a1c7a16da4619	28965f16812ca6e6a64029c3757dc12fc41651e29c4b7bbade209b2b4edf7135
CP1683.md	314fb2ba032be4c7db6f04d60d96e9224b8d76203e45142387f419625b7843de	26bffc34de2796c92aaae26e5508b4364cabe174fce50fe106f41e92145c2a57
CP1684.md	1a51826e69529195174588507789b778725e40bcb06e91a0e3886329f3957dc4	3e83c1ccc8b00d990fda7f9993ca027711fd410df9ae6d8da81dbddd81616e61
CP1685.md	29fd831c73158d1105e39f4335942c0b248fbd59d496183d21fbbea2859ad19a	7d2ab46c4a15208e32d712147d8e0ae8b20805e20b706115d671996475a39427
CP1686.md	9a9f2e7f93141886b784234ab556081e2a3ebd251182f7b2c871ecf66fe4592d	ee2e76a50008a2af4c97150c0059e21510478a786c864fcba6da9ad8c5ecaf89
CP1687.md	98e20ee2b4c959571f9996f40389688f3dbf3f50814cf682fc2d20abf5f5dede	3d6d21d3873d4acae997dbc3ae61c4ee83929d3ece581c16c7ced60d358ab6a2
CP1688.md	12e11314b098966e82527fd7265a9f2c96e8e95018f4ebaf99412e71fe825da5	94466ebadb6980146d5a8902c7759187e24abc866c1024216bc2672a13c0b289
CP1689.md	272a412bf0f2737d8a57c2a170950df926d0d3f81d4c8ea37147bce6410d5532	b3ef2f302fc969159d83e2b9c68c8f8e1a05facd91497267ddbefcd94a7a9b21
CP1690.md	cb76965e594fe5c06aa03351b3d061ebdce81ef21739e12a7b2f988b3e3baa02	93f96d1d07b51a6d9db494f2b1b630cba5018cc756430e570400a6c897fd1b3f
CP1691.md	be1d11b109a2c14038fe058e86d73e091916e482cbe4f98d0f9128de342c1993	734e5acce45fd005883101d12ddc10df74d9b53bccefb1ddb574e25432f9deb4
CP1692.md	49701e7cbe23d1cb95bccde84add518ac603824fa50b19e1a38cd93779cc9015	b75e269d9b4e338a703a35a37fb91d99b634a94a2dc6fdef6035027ff00c6e97
CP1693.md	754b1ae66a8525191f704bee65ee92de3000caf35786a428e641a5e96a2c5a4f	f65acc1ab4a11763ba952ec764afceff17e98cf9bdd7facdf618afd66aaa94b4
CP1694.md	7c8fd0222cbfb402bd07740beff93a90d7265e04ba8997b7b0fa902e64b081b6	233b3b9a46833f57b858f57a2592b9ebe4048fedb0e7b76a37fd1a74afd7a691
CP1695.md	cbb2dfae32820740b9e23c849f080c41f124756f8dd73e008ddb5e0245418e85	e868e73dcdd4e44cbdf8be20eaaaf68607a5fed6089af7eac685763bcae91a28
CP1696.md	563b149f6d6892e8023c376fc3fdc39636cfdbb29f99ae4efe4fe8893a982d71	37a8bbc5d7ff2731a057fe198b8102b60eb2fb4a80174c15c9882eee990f69c9
CP1697.md	6020a0516e3df65f3f52e524fca843c41423a4ae42fbb87519c74ab7159fdec6	f4414c121945bebd7c10f49dc773d52dfe6ddac5b21373eacddbdc6332830f35
CP1698.md	645fe9c2f88a51e8af1405f68b3594fbcdc4e5a465e01fe2e18eaf387f38fd72	b22a85a72067162dc1c6c5247984c1b1778da3e38d9daae3e5e0e37d308bea04
CP1699.md	1975f879f28886f044a5dc61847055d027b7a9e96500f06e397b6b72353ea156	3a69af04e5f9fa9cab051bf978d75d7a09c90a4ecd992350e63ef89e01139016
CP1700.md	593eaa1962eee6f3468328908053f8b33e2bda6b5ef5c0d4136b869361099c0c	593eaa1962eee6f3468328908053f8b33e2bda6b5ef5c0d4136b869361099c0c
CP1701.md	9652294466d6c0b65f167c5b4edef9869c7fa6c74b0c0e1e5c0d33ed9120c20b	fbbb456f199f706fef1fae4f6738d2c9e90b29e0b489f7d87225db82701c4da4
CP1702.md	86fe121b86db16c3729ee159bb3c918e0beabb2962e9c155570dd82f84552779	efe8eabdf6c6d4bbb094f958e658fe83398268e246bf6d260232dfec44137691
CP1703.md	218d2c01b23d078c7d83c9143f7bd8176e574aae2e8b3558e8b7a92505766b82	d18ab86c837bab50c3150b8d6c536ce5e7d384d8cbfa3ab67ab0682c92eec6ad
CP1704.md	486859f7860e7539037b600292805494fa57588b5910a82eb1b8f1886a6d6967	8fc576a49ddc0b45767bd16f51e7f730fdac83d698ddfb3ddfbf194d1e6d62e5
CP1705.md	9d3377ba7619762c08f0ba499d72ae0eb40f506c0253a96ae2156911b6bf7714	7e3ad863beb5beb60bd3b28b08016c5a0c09a82f3e24b2837fd90db7bf109943
CP1706.md	7c482f4f2e7ba8fd377d2b82170e0b0ff1b4c9a2c1a27b43a9a890bf5fb817df	559c968cbe3f2424d87d97151344b48771aceb0fefd8c6d9d59d9f9cbe41fc17
CP1707.md	d4edb56a8f5f51a0b2b361d723fc9367c3b31cf068615e94282d2ab1eab9ca33	b008c406573bba396859ad0cbf543476d0d2f266e263899b11fd8e999d5ea079
CP1708.md	5fd743566d8f87e5a700c34760b9e801fc77f823fc09483d05a941b560bb2def	35fb473c63ed97e26af627a2d0be6f6b05bbcf721ae86aeaa19a7bb0a6baab47
CP1709.md	bbee187fb59d0f5bd69dd3de2ecadc1f9b9a3304c47ba93c5b24f67f9f968717	63196e51c833c997cd68930927570f3037643cf5496bc1a15264ba8ae6c9047b
CP1710.md	ccf2ab7ad520129893c8220468b24f3c7904e3d331cd3157e10d60f97ac21d6f	62eaafff6d96c7d8b46bd5e6256199cfde16b1ebae89c1b09fc74270d6a9f1be
CP1711.md	d38f3c61eee635c013933ae197bae63d7008dc9f25724a91d7721b59065ce177	4645cc1ed97f6b275fafdf0bed509426f0f37130e823a1d72b517da163ff08ec
CP1712.md	6d4f94caec928da4a85214b35dfa5236fb905a7b0bb3add9c95126ed4054e95e	b79771ec493832f7c0ea6397afd02d2454845253e599381317d62a424e32e2cd
CP1713.md	8c921cf424636a6c57d8c30d9ed37799d5504e44716a83f68811ea37f00b6615	d13a8523a2e949142843c9c1d2fe9e4b7c1a7bcfb9f9c5219dca3b5d00bd5692
CP1714.md	55748efbc11b5d044bebf0affcd758b69cf2ee2061fa0be556645e17c7342255	a2560e46790b435606b670b4154de281c6c8191a59269316d78a10d97ed0d244
CP1715.md	1d48ebd35ed68fafabb713175fe74ac84e00277792c6d0e251a1ff342b8cdff7	1c63835eea3adafc3bdd79b73870a2760134b000a4dd9cde1ea3391f73ee6073
CP1716.md	411c73dc35e9bf17723d176e92805e52851abae4e33f42338fcf5ee699a69e49	eb9760fada4371788cd6b0ebab0036b932783e11d3c295016b695a86ec0f4c40
CP1717.md	57d014831282380648e5a7aada8ce1f6f22333e82825c48f9f9c9ead8c3c8982	ec71e79c3d029ebbd28429b1de84df1cd7fa1c83fc1c393dedda5d5429238096
CP1718.md	14b02d2d2c816e244a642cbf152adbca22017a4ef3bfbfcb31e2b2b5467fc37c	22922891d344b61f4d7f8a6ced772325e4f5ba158829c6eea74cc533b30f6ff4
CP1719.md	c0bf031b5434121a852866a5706bd968b634fdab1d791b5b348d377c66dfd006	2c3d4df3eea5ffef3dad0d0dc55deffc03b198edf1c765da28eb155eea50099c
CP1720.md	c9d14877306c116654b7e4c3e103625f532e243031cfbcf92e5b2fca9d381b34	44343811419a73005d2047d6945f7fa6a5bd65886f21a61e142606c7664100ec
CP1721.md	ab63335bb2f4a1d06f351bf2091dad350f9de92f5accc4932f269c28a9e3e361	c447efc9300d9e4cff41c4ccbe54622971538db7fda6cba4e42822bd3b5b9d3a
CP1722.md	b0e10c28388e22f8f7e12d0d6b299f079ff8982e60fc20bf77f5d2fa79388a6d	8298984a80739b7750a0a0daa28759c7d844abdd51567bc8d6f277e7cf8f8da1
CP1723.md	2aab3a5ad7f9e70b74bf54c028ca70e6802f02d6befac8f79bcd2a7c9747f623	d8768d1423be908ca585752f67fe8080e8dc650bbc514f1e60fd0948e8fe1727
CP1724.md	c32bc80e88253d61914e03d1494722c07d45b5a96309b90645e14862efdd6ffd	74db10b087394b29dac5e177ff7424af616f1606a9feb4abf93dca39643cfd9d
CP1725.md	09c53559173e4f08c0625eaadde820971c8f9850e9a9c64ebe1c459535230083	53850270fa0e6ef5aa4f230753a87c2e05e12c4671fbe943326a658f8f6e5986
CP1726.md	c99c4872108cedc450230bba040dec4931abbd43bcb5d5ebebbd3624ff8fbfab	9b96659f70e40c423b38154de2ed4f58e54bdd672a7f00f45e466c308c128df1
CP1727.md	0602f689a516e22720724e5985132ae11038e0f54703dc5d4ed874c848a8e4ce	829d486e2b59c64d5e416fabb32e2e7da878c3416d25f8925fde5fe2e02804f4
CP1728.md	9f5b63d7ec19793086cafb2fda268a1e37cd3f7e11ef85c4c390dcd7bf4e21e6	498317b4516725c3193f2ec2116170ac3ce35e95bb4dcc23f73400d5b556aa7d
CP1729.md	50338f6216f700c45b87bab75c9aae732c11ba8daba2a1d5d3b0317ad6d6be48	8da4a8a77cd7ade3a7958b45f1e9363eb29281dc795b8025d0a9cb9a1255b3ff
CP1730.md	e63cdb8916bfe17a43de2e4bc4779bdda3b234d9c3aca734fc7d2908e30a1cf1	c5f3a06b0ffffcbd39aaa944071226669996e96aac3f4cf37422f73428947204
CP1731.md	6bf8deca32fc3e67828b06d238813509afab2b5bdf4093c7efd0f7da8b0a4838	3eca441458d249b6d350dc11e58692113b5c1469f1cc7e26d609efbf0041f058
CP1732.md	a8ca6525339d25b50ab4c3262320c46ef33d21216193ee48c6097b3498596371	2195e4badaad22290eaddbf1801e838e03b41890c85a2db958bf84f9de381f32
CP1733.md	dab1079f053b19efa625845613ab23d2b5259b08b0a120aeb6c63e364e3dbcfe	09084a55a2629abd60f23c0351f94cd389f6dd919811e64d3d7b71e41aa5deef
CP1734.md	7ebf2d1739ee38de9b1e14cd1d07c2741b49c23cc3d74fc8d73993a74128470f	6448d780de65ed8e90b7c79eb8f81d06487bd02458a61f4bfc1e904d2707b488
CP1735.md	b4cad59ab7ad20aab8e81b64e9e864ab70d04ea04f8977a3dbfd980ff657b5f0	2e7d26adf9e511f143c133f6df41d2ad115e28262a2fa01f86fd71866a250bbb
CP1736.md	8253c7e0b5663f1960ccab39da1e344a042ac046c601c39d6458d75af54e169d	7ede9ca0b8c42ff721fe4b2f6a834e5851f33935b11d6d93dd1f947384ecd0c5
CP1737.md	f626ef5562835314a8ba09f6f047c4f8b6757ab6e5566360cec0c0d266c0fb7a	1f5eacc219977cf1709ac6b6aa8f06d6bca4d4ef784b7e5d154a6bfaf3101a8a
CP1738.md	8d10f1a3aa40289733d1b0f54948facc5e8d313e57aa6cf510c7fbe769e1e5ee	38334bf00f4398d25d8fcb3c9d8b9d73ca3bb9f1e46465c8e3963d9ffbba48b3
CP1739.md	f87e786fd46304703c9ed65b2443fecf9114414ce54f74a56ec8086724eeed5b	9203f25f6255e372662a242a333038d75f2c137815ab32de68e1f76bdf402235
CP1740.md	5da6d5d005fbb2fbaa01e744fdd155be0991a849f0a76c0140108c4079bcc575	323bf6c16a703f463a78789ba4fddcfdbf516cffc41adbcc19eda4ef750f79de
CP1741.md	ce54162b5dd046bd97cf40d815c4e97e098711fa4b6c63af49db42d525a6aea5	8258db7f498d85e08078feb661bd2c2d62758f462aa02a3fe828d5414c006156
CP1742.md	d31863a824251f987b2f28ac11a6361ad6425f666da66adb5be7ccf24286f396	4a6fb6d556901eed2066e19055e92d187bd85b911bd9ee80abdb2d4191c15c9a
CP1743.md	4f909170cbd9eca3ba42a3470dc5475c1324c93b7e1dde340d64733e8d1d00a1	d9736ca33c3f479f108d772fa0b3f0105bd729a1ab0353c2a4ab2b32f329ddc3
CP1744.md	40ba5d9ad8ffd98dee02b3825521ec93311f0ad66c0951454f5c23798543dcb0	befa281fd667b5bf988d2e878569d14df8b49503e2af687d08128af1dedf9dae
CP1745.md	bd6669e3dd91dadbf31bded77210e58ce1bfd29bb883e4d019a9de1d1b5f3a7a	4be5a5ef390fed2b7f73dd89c51601de03e1b553f6dc30b72dc024c3f0ffdf2d
CP1746.md	0ead8635ab75c0c56546f668dc91034620c656f2cce4fb2e7ef07ecdbe9491cb	0d10e5747d001fbcdd1a607d49c19055d4a7d5785d572d9ff5285b2ff087c1bf
CP1747.md	ca8de60061db3341bf788dfa1048c53f1b92a12d412909a648881716d2b2ac9f	b5bac88baa1b2c94822d9e7c0a993c2a7b0b08b7b685a16f5a67329ee8c834b7
CP1748.md	633e20327741e71718587438184c0d07e042be12e532343c92ff62bb5ba9841d	bc8550345b8740946defa6a11fbd273a369aab545a14c01dc039339e1c866d9d
CP1749.md	0bbcec0e9501c541216adbd2659ded90b43af4103d308ad713205c1ce1d45d88	f870f188639c771f7ef949f06f38ae1381be242b162e673e87d8f2cce5bc33fa
CP1750.md	d42d7fcc1243053d53329aaed904d291a9d7a80c0c4e322cf2cb1ed8ad2b5160	727f5416b5f31d6dd42ea37c8f7cc8617a261e3df55bb8d4b2ddb060ca46cbcb
CP1751.md	a93fbdc42da092bdbbcd7c5a7e5e9494d7c869fde6e5ff6ae6f8ce20c9961c8c	e7bb5b5b0219f61b5ed3bda8ec86a36e259edd9ef14a9e543a441e0ad88bf69e
CP1752.md	ffcf950afa6336255afc99e05b69b1cd8a024cd18250e9ff7012d98f14795227	dcffdfc65906a3a79d40ba43a32e6dc0ccc1d613e58eaa7035b127191226ea14
CP1753.md	844c4744d953db200c9457c3ad079181c77e4fa3b304af2acc75b9bb4b2a20fa	f07717e622ef1082ee1035cd7236a957f2792d5ea0a9d28e86952a5b6be2d9d5
CP1754.md	6fab9d1bbc7733d57d44eb73f2694aa78917c90c6d652717433f374b2d0b9582	41624ce4336b2d80958278a752b559c30454af55739d08ce552dcf3850921b53
CP1755.md	694a408eae8a4bafa03e1afd2a91a543cac14b4a6a723ab7ce85b77129a069c2	a8fb1e771d5a5e05ccb56978ec90d43d730b5787434e17624c109f978cf73705
CP1756.md	602a712f5a4a8d6cc8b434b762c462913b6b421cb92cab22a318940e82cceb6c	373a8a731a45f05894a54bc5159c807aef5035e87b44828dabb302af98724857
CP1757.md	c40ad20ab4799bae9947f3894ef778d66791b7398fe701490e5110fe5ca09d38	a8d11c0c200fc9458c83f7534c33c03b8b23819d4427ac9d17b3cb5efaa61775
CP1758.md	1c8e8787aa2b11a81477dd21facbf231d7f8a3fc8a73bea075ecac997b22749f	e35278d074037e714749b1c42510d7fa60941ec1783277f59042c22a2ce54486
CP1759.md	b8558817abaeb7cc03534a1595a32562ec197aab52f1622f184497eb1b3f457b	e0c69a812bc33a8d6f339180bbc8723a182c725d0720fe06edee1790a584a073
CP1760.md	2c29e6ba2288c39a503fbe19737e073471054394a1811e88a2bb1905de37acd6	6b31830f2e853307a8d73b0d93833a3d3b25863d061e62d890340a2b1b8a74e0
CP1761.md	9964829036a378b920dd7ff04f798cf76499e21098c1459e6bc118d1556eeffa	c35a6c0ed72c5ee86dd0bf1c509679143633bffa952d41daf51761d2f7537859
CP1762.md	90ec6a915e8da0e5e697f752bcbc8d8f08f7ff0b6d51046d3f9aa4d2dd264661	27694d2b73d0002b921dbbfb5fb59565dd9a13da663d452beefc34931cbd5542
CP1763.md	a842f82a9f9b8396848fe14f68eb3fd5ebd3643dc2605c6d36f2527688162ef8	81a19a9a2d945bd5d0f51afa076dd7aaa08fa87a5b1b4a76104e1563cc29fc0d
CP1764.md	4f42b9aa9e8b4e4e126edb3aa0e6209d800ac816a59a110acfa070fd509b4de6	87740e03977c5d499ba0c34bedd4cbdddefe8ecbadcff537b970f582b8113153
CP1765.md	3287fc0457ec3d79e0f129269a35b37e97a1c248e7bc1e124d539ae083aa9df3	aeeaa65c7f268d6464eed068801a65bb63472065c3395c06e2f1bf080f771fc9
CP1766.md	b2acfb909a6f38fa001248d64f7282538a2066fdc3164d1ba806251902943f1b	f630360e7b82906dd2449b39c7c602ba0717fc31f3b9f47cc71960c6f4eeec46
CP1767.md	2b614fa61a60d0ca6ec3c2cac5548a9227002bf482d92a9412876e3942d3ddfb	7b6a9257dcb5d5ecd9791ff56ae951311920bdc4454f320ff92e87e23d9f7b81
CP1768.md	730bb13925534ecf0e20752f2978bc7006b349ba72e4c17dd5d222f878ed15c7	2d633d78b26f98fd93cc3c6fe2dfddad1062ac4224cfc15b4823489c6a41b696
CP1769.md	43476e74ed5b8c16571d4029366e5a9509326bef8bacc5b3298707bea6393afa	619fe75dbfa1400a77325aada7b27c8f6593f2e5d076011ff7b28cf9eb15f0fa
CP1770.md	a48a3f6962402cb9ef4606c7f19746e172bf68591b88883aba0989c11cfc6477	7fba7ed10e43654cedb462faf91f35f8e6e68f8653aab55fb27baadcc498a943
CP1771.md	22ce15565e3bc60fa7b57c212df8f8a50c397858a92e97825d0b7c327fc965f5	5f11c526486d255158df66cc69c2d301f3dd4df7a0c9182bd474d663b4d927ed
CP1772.md	b91a10c2b0ff5ced2a2566ce4971648289b5bcb21c4a8e03b957874d26f9b900	2169b3aa9614ff7da6cd5a867f4c98f3a6c71accfe714a32228be8f8f2cc729d
CP1773.md	468818e952842a88eca3093f8e74c73a26acfcda0da54a759405322813de4c50	e87f869548a3eb3cab077e3cedbefc069c898db224e7f359afad0236bb770038
CP1774.md	6ca31fdef57044c65de1328d35bea9f71b91756770676dac7701f6e9ef885463	6b980ec229aed8bedafa4ba87858e7b382f8184e9317ccee1aa6736574b81206
CP1775.md	812d01f30c2d6667eb6052fe0025261c2e465b83aa5579a64a2ad150413ce5ee	e8f0fa36b2728ea767fbe6b1458b0b58215358b472bcc38c4f51e4476f56a267
CP1776.md	1c94410c7e29952a0f791ad589c7b97528f77e03ba7331b8b00790950ea6181c	53ef0864b4efbd80b1d35141f99c92524dbe7f851802a95d90941aa2ff891ee4
CP1777.md	ed3a5506c27c4922bcf65268f84edb1dda30d263b8a6177998deed6257212afe	932a6aaa7ad6d010142b4f8e5a257f81ccaa105ee16fc5d9194a210d77b8ab76
CP1778.md	bdcbaaa15caa2f70feb013656d2ac68cfebfec1a4d69f6f2972b7b4f5ddfdeed	ef393a0d5ce95f914a7d24d5cc07ca3d194ea9edb60df902ac7f98239a34a068
CP1779.md	e4a13683ab3c277b9d6d48a41358937733431015cdd3816c881296647a438f23	10823ade2bd24a202910109cfbbeded4309fb8f4e81906c33d3d6ac4fef886c3
CP1780.md	8a929dcae596e0a392bf676b37d08e28078944254c14c6044861a1cd077d80f5	6224aa16477095a46b1fcbfeb0b08f5346e22d6057f3f7e45397b2798aa0893a
CP1781.md	c06486f251f2416b8fe17bbc3f91e753bf2d3ae72eadee57be9b54dc37f63a9f	a7705c82796cd48684057bf237b9ec6fa98c017ada1bcd747117c05ceee9bcdf
CP1782.md	6575be55ce90ef8925fe70363541355f0e91ba4610e73154dcf21b0d838cf22a	09cfab49b585018e09d95dad72898d8198027584b6000fb82d08f8a8676baca9
CP1783.md	ebf7198a757a50afbfb8fb416641caa2fdfcaafc7a099a83904999cb49688640	5e3f543d536406226bc51a57a31f5630e621d4c7b2491970ec0574c3c9ff6793
CP1784.md	fdf086442a0a20fa926ef100936486d79d3d674b5afcf794cc5c90f52f2ce60a	fa6ea6e3224cbbf03faeb00ccda88284dd1a97d7e9306b7516735ae003d0062a
CP1785.md	371cd42cc99e47b73bead07e0cc958b5829a417eb0deb3f2566892e624aa9c26	9eccbbb30ac685058c13eab7b5a5ab21e85cd8d26d77d3f6ac2c2ce00f86ae26
CP1786.md	066938c92700383dabd91edd0d3384c6944434c8a8b46c9cae53616de77e6000	05d1c8736f898cc7378ab87095c3050aa8f24759a3165092383527495a07c4ea
CP1787.md	c6e1736ff8fd6b08d65f33b15fe6e604617d8188347768d6ab4d7e9b7e354335	a45f1151a1dcbe4b36827fc5b968bbcce36b010219e160ea66662e6ad9946646
CP1788.md	59086d7cf535b7d641a299725c0bf9c22cddf514b72822f62682e89f75d3c0bb	518b135d6607c771350c41229ea790a006a133881cf76aab478925a2f54feb11
CP1789.md	2925aff2655ce3a809931fcc4111289a5bc135f870a0898442d67e4c2418ab64	683d7535c0c5a74d16d97c927389e4aa78617e3ae7d214ebe9a2856c905f8eb9
CP1790.md	becdadb82a10dd836fd6e6cfa3e33f09daa454b227dd32d5a6e45cd212afb817	9bda03b2014e8c6670ad56ffae2ccb1549ea1ae500e0f19476ff1d9af076d267
CP1791.md	59c70d2f80c25949be36739a718aa90059fcd330e57273c17115480d332761ea	7b0aa64ae778ea60994a1efc06b994b957179fbcccea4e6cc9e5d0462156c7e7
CP1792.md	cb63ea6bf826f4ee8f444ca0e824f4cb6420ac2344bbd56771a7cd95368ab385	0d7ee12d9929a6ef205158361347008391f257b99edba336415e72f13604ad1e
CP1793.md	1a061e992ebe5d42d4022090783764908ffad36994551e09097bd582cf069b6c	2312fde0c33e977f5af0dedd49b15c78ff6161d220b272f556a14740e5713fad
CP1794.md	968e9f1fb41dc1f8fc2f6162d2a28cee0c336a9efbbea3a5e771472cc1b63609	7b60c9d7a0b8787ca7ae1a6a350b46e7bb56ab25b4fde5a8f9732bd9d6489154
CP1795.md	79d1796de05d057bd642eda2da4224877ce18f0bdd255d1db35cdb9d749dc53d	2f4651e2bd4c6fcafd1fcbd0a597b48a81926824d6dc0917a6082f3427bf3bb6
CP1796.md	c177d063570a7fb58a1f54e41c8f89172150dde57cdc19bd72869204a5554958	259205b54e4343f6d14c29e6457d5f393c4675d075a8d9c99256c041899fb37d
CP1797.md	a1447ebc73c83f6899daa82ec07221b870674b00d675acd9e0f6b8df4e10086d	da0fc14da074a2d4d977ceb680f378e5188bc5a93943e3201cd3335858a0cf4c
CP1798.md	b28a3980caa646ed5418149c4d267482a2ecd029efacf3fc0cf4e5e55b84c04a	0dfe8f5e8dceaa1a683ab9fde12f7fc50121c515aadc4487836750e774065967
CP1799.md	60aeed1b967008d63c4510f81d79ce0eb27641bc2a0e9b1910fb387ca2d3a9cc	f293a811e0928f06b45f12bcd90e8943dbae79fe238c1c5fb118529baba5e200
CP1800.md	4e9f5784236c307b56526c4a17ced1c126b9a49452e2a4a7ade2a0e72b130563	4b382d72fc004fefb9e3f975c608a50cb7a76f6371564ba11dcd009a1b6c7324
CP1801.md	7c68dd684a56afa911b7d48e0b76e482f2f92c04af8974d924ea8a712e1c3aef	80868195d690edb7239badf779e99c336ddcd17f55cf4d2772ceeea7010c3f01
CP1802.md	f2d72c84af34a9732a6abe00cfd17553c6a03a5aa73d0e4f1b0f2394abee3170	bcb622f5895804efb54513e72a134d5238b84d41c82c0d0d2c6a25114e7ed949
CP1803.md	2b1617de6816b6841e20aa8fb414b10ba66cb90b119cf21aaf48b28333a2390b	73cb2767b10cb9d73e7f30e33d7075bc5c3bad851fe0852a2f2e2b3c3149eebd
CP1804.md	1bc4a94ff7b4344a75675861303c3a4f3dfbfab00804d4cb5662dadff14f42d1	f2db6aec25ac2b7c6aba5ee09eee2e878723af57401ab0e6afc26c26985da8b2
CP1805.md	59217e849cd56caf1429c7f8e441598316d40b2019d277abe2a458fb19f99fc9	81afbe12a5634ce241a34c2e583b0651555301ea9d1e02a1dd5aff1c9e9177d3
CP1806.md	93659a1ec9ac91b574c515c03b241f56252ed2402887f785a2720407f5e5d012	7295bbe83cd255bba3ef65b3855da698988ae40099b738092578c3eca4ae3b2d
CP1807.md	9d3ca791a7e9cf63d620f2d768edcdfca47334b338119c6a99252dece4ed8294	f9b533ac503701b68bc00fb50e4643fec7ce589e8e245042722ef8e4467289f6
CP1808.md	af50799dbfe8f874de5c0038f60d72beba40390fdf21d7ac746f110b5d2edfb7	11204460798440c65e2f0e7be87a5d6caf2d36c9efcc0bcbcd6457d88f5b2eb2
CP1809.md	66096be7a8a50ed16ff0a63d663c3fe98321a75f74f021a01a97db7bc4eb71ab	84b98aec6ea268227c7fd7e1937ee4a0a0ad206125f485fe496bbff4f1540137
CP1810.md	12ab98fb4860470e144f034a685f049e5dd412191eed055611f61528370a1adc	74e41eadf9ab5ae38094dfe67323d6ce5fc42bce8f02c0b4f461f5ef41d255c5
CP1811.md	5cf8093d6b23ace26a67819e1036ace6e987e6c8e016dd347696ecba5bf5fd27	9b1fc96e42e95bc62bd813fa5fa3be06612667b474d8abeabc8c11ee0e9a5f2f
CP1812.md	8a4a9e2255e7e889abcb5ee0ff5b47863e7e605797ddae0baac1a8336ecf008a	92566d0ad9421d56280b349b7982a0e772ceec515d12c2dd8f3e1a4f363f8c58
CP1813.md	9787dac62ba962d4041276ff8f888d102676f287cf9a7ef211079971f1252ab5	5779f6837b6395679b1c2b9b37ae7706b1a606a8c226ea0494dfcf5a9d503a5b
CP1814.md	73d1b79d278ab52ada3ddc07e4c428482802ce88b6fda441de71e73f6dd18b0c	376a723bea4ae197e8525ab54980d67ead2093585687c01aef9480bb5b721f24
CP1815.md	6489b89bb1762f2453477ef52531b7e256b9f554c8d75080c9231315f2269125	e952caee7b69959ed09eb5a904f201cad54153551f36e11d56f3b802f94093d0
CP1816.md	670f8a6cfc59c8dd677515890be97447b519d9dc271a2b5d0463fc45ef2b7faf	e988a1635da4d1aa6940769ca0555a601efa89fc4ac68e41d11aea1547aee3b2
CP1817.md	e8b405775b60ba83334c8db506d79a87cce9dfd1834358801f048c7964cf1a13	07b5ad7fd52fdc900af37931199e0434eff83dd053c0eca9c9bd3d05521da3cf
CP1818.md	6d69cfd6d10538a6717e39a553a2fc7b223bbe1b4bb1ef75a87afebb8e2d2b78	fbbdfb31c723cf305ba5bb71568d09a650968a7bef87bbbc52ef1616a27c8c1f
CP1819.md	699f6599305457b97211ec04edfbddf55ef01ad111768286d63db873b1a3504c	eac690810bafef12d1f51090c4a50d6ce5135ba10149c8a824bb2b82cadbd859
CP1820.md	26c76177826c893262a1be4ef2b1629d2dc6a02cf68d166fe81fff62a4ce3a50	5dc6230e6402421009fc874df5f0dc6df462719f34abbf005333512f01f19bee
CP1821.md	e4489165466b70e7ff25f311672e3a39b9e7e8d60d0890a8a24f1159510bb06f	e8c74d85b84537138b8389e4f17f458316ded582cb7f06575079e58e80415829
CP1822.md	6bbed8067e77b59f4ffc05baa475219cf9172c4ae0f418442d6d2e7561a456c7	f859936ddbe4d46cadabe89f9ca84da07efc337be6cbc425bbc07fed29743ee0
CP1823.md	010d9f1e86e7bd9392a62fb50c08ef52877e2e29f6ab42bc2e9bb8c91f7de7d9	f92790a15e5df9bfaee69da559860e7af163a2872a1da608184d176fc0ac9aaf
CP1824.md	ff1490c8b822e0ad6b3b98c28352c72854672b36f292e63eae9c41f0c12f106b	94c12865507128be92ee7577703fb35380f1b2869b37eb4627dddf242fc68684
CP1825.md	b0631ad1a39fdfd00962f3685e79a4684a2e6eb0753957ce12d430c1893f7cde	137865d7d810090936e8fc130b78af846a8b662f7ad713d24777703d3ceaf017
CP1826.md	c43a7bcf554a71daadc86de4d3de0bb07c63a54665399f8690b4286369e4c746	e8414aa4c840385fc1cec9dc08e9da79628747feb9028dbfcecf2e568e8166ba
CP1827.md	c62ddf1892787253d32566f00c478cd5f9065131214ecaa1876e1467046f90f0	9dc9e80e70692f1ffdaacbb278c783896ff5a4578e66a928b0b14a00887dc71b
CP1828.md	2d013a6c89fccb12cf4fc33169368695733aaa5212c2b167bf98ed1fd71536a0	7e3aef93e9b48d0ab3b0db353c13566bea978171edd24f4ebdab448abb1d90ed
CP1829.md	d5d8adcf42034806cb8a52fe8d52a4ea91f00a280c165991f72f2fe633f20784	6c33a55c6f7beb8d6a4eeb4d6058538e7c27d227bbb5cc6e8f3fe295684e4914
CP1830.md	3b54b4b916688c865d46b3ce6ef8afaba024eb01476fdca63da4edb3443994da	082f1d3174005dcb4fbfc090e24bad637c987589afd6bcca679d48df02a59bb6
CP1831.md	9029dc31a76efa392a89db6080445a740a194d5836365428bc2b14cdf8014c0d	fd5203f387dafdfc8cf0914c9bb0cccdfc6ae93f05aeae5b98336fbcb960e486
CP1832.md	faee5bc2c5df52fd37c0e9a4a3713e692393ba9d430197bfcf03a22da8bbf840	9a6dce9d1de7f81ab21dde78d4a3784a3f4b89cf84b2ba3c7cd33960676cce2d
CP1833.md	d72b573d4379891962ac93e847667e7df0fccbbac467ca99ec44302a8704bdc9	63d9c9c88ca3dcecf3503ab49276cc465dd664ad317b9067edba4bc4ba4e3eef
CP1834.md	d73d64a3fdba82a1fcd3a4a0545f84643dd2c7a7613cfecc7db78bd07eba65b0	9b6db3d7677d7f60fa3c4301e0cbcb6168b8e3f9b2cc2980d09a22550740b9bf
CP1835.md	f1fc75e75555158222b4af75f43c68c6fbdf58889ffa4edac6931b49ad8c2626	1a71d77118312d02f16aa445e52502cb27e2ef5156530250f4836bdb816e5c04
CP1836.md	9c45e4b1d7dd11170a183097a5585dd0792860b9df13bd199f388d56843616bc	b2478bbfdc0c17ca101f290409abf9c1cc6e35caf9fbd57aa702a6e57e05e403
CP1837.md	a2fc8f6be6cdd0c6075874c1b623d2cc90b4b70f2d65b988fef5c93c6422d44c	98a6d266f086183715f37afb0413b339ccd3225ab0d8761695aa367f3d7457ab
CP1838.md	0527a13223fcd4b923683be32d1783bb3f69039211a324e76a85b148855fdacb	653b7625a16b4965d16dbfd6bd0763350054cd612bfb7e10dd9b7a1b1881bfa3
CP1839.md	f04e9728452516559c228418426aa8717cc1e0909912a5be9744ae4e980d270e	5936e456f8949e675ce4700e3cda6557dda966e51a228f2470275d4287363368
CP1840.md	7b0e878c16e769ff456b7fc7f3304b85910ee8a6b4b98c0973c0945957898f28	f7b95a71ede4adc83ac0593da1941fd94f7ef719afd8d8524b78756bcbfadd0c
CP1841.md	4d61d4d9eb4eddf53231306879c8ceb3439cae70d774ea8ed73f76f1686ce2e5	1d702d6f137ec806bd55ae753e85ef5f00148215dc624f013a48ea92a4ee3e0a
CP1842.md	e1e3f6db1a8e4aeb5edb65457dbd9b9887540cc6073dc87260394bd750a3232c	560870898264399b05fbfd14e02883b24fb3cc1885b2ffe1a18f185bcb4d84a0
CP1843.md	8590f572e6ccef81f55dc79935f1d81340433311649dc377ef920606eb080f7f	9a7eef6bd697b4712df29d2cb0e3634df09d08c93f8124aaac3de6d32962da98
CP1844.md	7d2dd6f9892b41e3d96c29558b0edae9d665b699f9d8b21470004ace4400e281	124e258b5c4e254438ff6ba1202a1cc8ec0b36cc9a278c8a37de0188ea19dac7
CP1845.md	a754bfafaa79b4f6cff5d4911521b9fc421d4cb718049a0f636ec23eb30f8f69	3d7045fab1cc3d8c9dd97bba7598611bd71153d979b103c93a04142637e0fb45
CP1846.md	24922bd023defe140d0ed293f38feeb815636eebfcf1496612cc1dc923bf346f	6d8235f2ded111d67dda40497213c3598d9f31390ff4b9e90dfd4be4fb347db4
CP1847.md	c2852a6dd964c305697319928f6d4ef185a28db31ddf7b5be81c9e63e02fe07b	f74275adcf66d96ecc061974d0291e641fa047f6e34c4679122201437e8b8a97
CP1848.md	6d641fb68e29b82cd1df103288381893734456ac0dad6d8331d28edd5440f7a5	24956846e325f38dd3ffa6a4b9dcbf6dcfc20a10e92753e05ced243b821d3b9f
CP1849.md	8879ba769ac3dc3c939637c177e840f3b73dba14dc110d0ecaafba3e8277d6e4	9243f0c41461fe062f9302e34cf8940c46e0f9e9b2c1864ffe2f0e769d4ae862
CP1850.md	04c7668d091df7852db037a7c3efa4b6539a3a73c2f91c62f9195b3d744a7912	db6eb2a097cd17190b66b12f08b0bf02e0c0f107cc75379c9bdc6a0569a8a944
CP1851.md	af5ecb6829029b648042b7d44dab9e736f5037fe798ba1aee6a83755df3ccfc4	97fb230f1575cda048f78c3f7b1bb5dc928f2cc9c69b64508b6cd550de8653af
CP1852.md	28e8ae0644602c3ff3feddc4fe483f2eba2a7df078ccf0362828c3b0fcc3339a	d6c81735711017878ec2cc122e5688a14cc713f18818d2eeaf21501c705e9298
CP1853.md	5c66e5a6648a956e45f2fb3666f9906e1ac83893051744f5b9c35b2f9135e0ce	c36a4cbe08019e30168b09b70074c1b5748e995217db8bfa566ba8b8a7e75ce7
CP1854.md	6d787c887bc4f15056c1083e8f4b658813779a97ea1a3234dbde83b425341ef4	50baf3b579b841b79872d307e443a942516eff332f25ee6b3e9edaf5ce3e65ff
CP1855.md	de918147f1f13a5ed5d9629efbf8487d626bd4082d0390ab300cef8e98e99501	d46eb68331ed7807148ef7044bf101cc94d39f6d6a7e4c8fa2e6882cce891a21
CP1856.md	95a8f58f827bb330d64ea2e212879664eaa63f63d85f835727fbbdb6f6df3b58	f640bf7294ea2687dcb430937a18cfcfff605f11d43e92a0607e9fd28b591cb5
CP1857.md	550aac92f7c36ec709e2d326827e56253e78e385e6ab3d95040c101794c7e379	079459c783fe1eb0ef7b315103515005bc85b866973a8ef905cc37ad7fa2e10d
CP1858.md	578ff0809115a104b76e156f0397e87ede02bdd414ff7fb9bb01267dd8f43953	50717987b33abf4930740842040b37413355f2e1054004c79103f5232cb9c010
CP1859.md	2ef557ddc33545f845e18d429ed3e8e3de802a8d0b3ffa314516488be3eada20	2e5b43ec43844aabe0ec5da807b9d0afd0bf52e4a29e085720c18617696a210c
CP1860.md	b19c8e0fb00633ff2e49a65032fb80894b5b0656e9d3773a55107b2dfb1fa690	eeca5feb3b3dbd497050db9675a3d014cc93591ddb221468d3946bb73a11471f
CP1861.md	94b84b07c84bb404352efd509504ad3a8561a2c9ab8ebc0e2e910fc22ae57b35	7128180a398d27538222c683ca25fe424c040bf2d477d9f16e3a5c54a6dc8c04
CP1862.md	01e9bf3cff2e263c7f2565e32885c7db1c8f76d7d97849edc480b42b00f1262d	9eb1e4d78962e96eeaebbec3cd0f6af0ca26cb3d8a9745da2d2ea501045366a0
CP1863.md	6070f7a6dc2164c7bc6d21ce1621e38a706378a18efc7b3c0364f85c72cc4e54	f92cbcdd3c8b7a46395e8d4ebdd48660fb09f3c86099915921dae896b05c086c
CP1864.md	ac771d772873920db98afa300413bff256e60c7fdb94ca30e5b285f12728b419	57cfd252739dde0e2bf32b2567f5f221cccdfcbe1d4253f68e16e1cc52085e63
CP1865.md	185c829f92ce21e7f02dea88a7a3b15a7a2c5093541fbec2c3065a592b249ee7	67a950fbc6c8a011128e1845104f87a754de0aa83f8ae755fb3b8ac8882743db
CP1866.md	0aefbabdecb1e4a8fb08e5edc04cffee1fd12c46c68621bd4244331bddffa1f4	8806bdff047cf35aa8a9f3f1b935d0ab095f87850eb741808b38ee12449faf55
CP1867.md	1d9fe87aca359aa83ce3cb6405b02bd1797237f224a1a7d149bc7e985e9d226c	9027b3f5a5677a97e98e71ff680b1d95db6bfd5be64d7fcd53d3c501f3d1c0bf
CP1868.md	dab94b7451a00397c6c067aed6c2a0b0682bbf75f10e15b4ab0db107960fd3f2	98900a03cda2a4e9a0dcaad4f3f0e1de79196085d9e4c614b1f5b79d6de58c16
CP1869.md	5bf5ff2cf2e07ac58ffaa7ce2e3a7f4a3e534e39ca76833035e51302c9a551de	3fedadf16200e024214ba8bc5bcf603f1a5f167f862dca5726795b47d0cafd64
CP1870.md	043fea1b2720f082ab2496dd263f8150efc0aae622c623a97d9d9442c3926451	d88ace13a2fe36fc5584171aad22f23c1a6e73ccbf8160d337b1387c1282e70a
CP1871.md	d58265d2261218a2b3b07a4d9b362c0743dfc30ea2072be1db84fc06279256a4	dac2b736464deada7218769bb4d495ca72de3d4790fe0d81ca3a9ea254898a74
CP1872.md	f818e765d304e63dfd6f7a2085e4ef0ae4c465914f6b56b32f8bafb48a3b700f	4ebd24a7a2dce31162d830be171d4677bdefe8ed5906be2bf85f478401ca1818
CP1873.md	bd2110029729c31d95f3205024380e47547171f542906208f2d2a2b1ccec0ab7	5257fce11e9bdad17604d7414109a664a23a785ec7f0037538d4e996b1f4f175
CP1874.md	1f9a5cc65126d196e84f7c049413479f310b7855a91b6a3040e225360db73116	f508e445ec7bef850b3b2bdb8ce37f6698c7e982f8587e32bf7f973a0ac8680f
CP1875.md	823ff28829e4819e9f3c26d2d561e4e7222d4cc0d9c044e99c3b638840bad3f6	89ce1da8e21381ef0b5b48ff81c194542aafdb5d87ada873c733a2f914905615
CP1876.md	898c7c190b671ba38d5a1f440c19561271e59f1ec15b9c3663fde1a0c7a4184e	9ae7781577f1ec969fa517d58726a256f3f5a4ac4c80a9aa82811d67a0b98bb8
CP1877.md	e8c1672f15bb50a3075fe7facec07e2ef6f4733633906aad4f2c8e098b9936c5	315543713a39fcc57e43d00346ab351dc74a7d9572c6b66a5f6b30faf39a33a9
CP1878.md	338e0b26f0e388a6e7f94e1e9cfdf88c58075cd60bb5438489d1ef5c6d0bd604	72e31ff6da107815ff55a33bebadc09fbb7f49d0d7c5885342df34f28be1b48a
CP1879.md	194768f9557789ea4cd2d6519bfe030733d728be66ece44cd7533e5685e5cd79	da4acf08bad4dbfe8c62f803fc930b94255928372aca6145e8f164a844153f2f
CP1880.md	ae7a712eeb40394b89bce6b59af609a379d6ec9df2c991e833dcb0bd96faf0f5	c914b7bef645b113e11e3f9a15d19a2f2f654e99b02774e1ebd575cade34a0f0
CP1881.md	c8dc5ca84e9ed7a787417b70bb465a0307f50d360e4f66d73677ca2751f22f2d	098ca775147644896382866563e04e56a057234e68e26303e29e08b5b91e262a
CP1882.md	fc151f6a8a0987c20dc7843fa15f3d077c4f79b6b3ddb6c971b58075c4c92674	6b8dcae396117ef4240829a6de2d976bff0b04aa78cdc4d79e992c5bc5ec877a
CP1883.md	56d3f5b343308b8df761528aa36e8c79d95dcc4268b3ef30ccde1c51e2a595bc	166150a5f97bc31ea8485095bc2a53f0a40194ee5a660e089ed4dbc80b5a3d24
CP1884.md	60b00a7c913cfa4e630048544985e9575c947040ea37eae85ab9f1f19de5514b	c35ddfca0af5186448ce863652360359c3eb368bb0374276c2a6b573ee93a618
CP1885.md	47e30b9a8c555567a43e169cea0614f78e385530ef1a41bd3b110560c457b9c1	30eacdfe27a256315018d54d90bb3cfbcb5402ba17b3297c43560a25077e2bdc
CP1886.md	c60919c7fc039372bf3fc0fb2bfbfbf705a12a2814b9daa85fe98b981da026ae	6438adbbc884ba073fdf1e158e0e09fb3617f7c17f6ebe42c6196bc5ebdf51c1
CP1887.md	269ca333c7df11c43616b5c178273fecbcf7de96c41317cf54cd62f111b94909	1ca376434ea3f9a76a4b1feb80b45ac0671176afed39cb2221352fa17534862b
CP1888.md	d42803411bfbdaea8a2a263a3a86520c0a1f28e32b48c8936d7e648d3894b15f	6faa718713cce5e3c319408a65d726335dba152818c2db68452a3eeecb11b0ea
CP1889.md	7558226e50e043c470078e44210166e5a03a049432aceeba3aa0c724db2543b2	7abfe54f9aaac3e096536420bd91356f8d21a3a2441779fbc7f575f53456c5f5
CP1890.md	f875b259f2adccf24ae87060d673691503180353091f65f93209f59f0a5bc96f	eaac9b0dba1d17544e5fe81942aeb9e66cad2f33bb7fd4e0d28d494fe41d0dd2
CP1891.md	a7cae0a66d8f832bec0deee9519b3162ee75b7607434fe7598d04625b963bee7	07c88135e25193c1c3761a1ca9dbb64deb76c603e282940921f44c5ea5a6c557
CP1892.md	0054914278a932a97a6d8b771a887d4b60c58d85c779dab616ee4db99a3f41c6	c04c5aa5be737e6c5c53f13881bc0dc58fac426722474498de25cdcd354add8c
CP1893.md	8c810dd4847bf9d46277cdb802171994cb7aef64bfc52b4505e66df66faae637	46005e57db46b9a768bae8864bdd59958f6237eeef7fc2561a8751dc36781c10
CP1894.md	08fcf2d01d8ef52d6d0bf8665191d37c0d6fe09110d578e55d7d60a921c28b99	11a412eecbae52316386700fbc94856e86fdb5f4af836502efc54628bf6269b6
CP1895.md	9027f6557acdf5de0e2dfdec09d37b15bfa2affdf27d62d5d9113e46d769e748	e823c25ba47aaa26020437f9f97397c05d215014b0e704bcb5b569f15b75a704
CP1896.md	6a869309ef3d74c3ae98344890f6d67589f6713a4b8d2488058f85ebe4f1997f	4bf66714114aef4df242d9067ec8250fe912b713fcb13b2bd074b637bbbc554f
CP1897.md	ce95045462e4b00c39be659042d6f5df642285e332088cd2a4741ea0bb57a52e	0e8995086d5388b7cd85f7c63faf9236fb14e6f6a4f9d29f871b726fa4e34447
CP1898.md	5fd018e21a56c463b6cd49c2a75b8454764a203290b410ab1bd37c444260eca9	903b7ccb2812714c3dc0fec4d5cf30ec73cf8f39cfdd58f2522d04b726cc09f3
CP1899.md	c42f5b05aa618807f35fcb12c6f9900ffb5bd407a33f07ebbd43d657123d64f1	7b92c8025d13e729d3c086aee4fcd98251fa10df9c1ac4cb8f5042314741a0c1
CP1900.md	ee4a94f1300a1ca61923bca85c89b77ae2bd7df3346eab9dcf0be44751e5028b	60d852ceafb0ddff557a203bd19be57d4fdc6909a1c57f0a222ea60825955d62
CP1901.md	813350794e95be44ca04c20b12080f5d361023a2bb30e8a76a187c6069c20c1e	663f75f180c488af12cf64c5c0b99ac02c492086c54ecba0baa6f21d5d678573
CP1902.md	bf932ec8ec16f2b40c84c6428344ebc1d7347630493b5e18c2e74d49133ad809	6f5f7d759fcf728e8f365c21cde0d9890b08d49296ccfbfcd7386a46f74dec90
CP1903.md	63978e82a846c13a752ea94a855b7cbbfe844492abef83298eede0387e45299b	99c2c7b1db493149327d32a23153d5b49a3cd3c1f87d187ad6cde4a933edba19
CP1904.md	54df15d0406067cad40fc0ff63e9f3a508cbe82f42625317e0be38680134f6a9	c154effc94889e5e73c2b1633273a57d2b4464f24702db6bcc7f8141a7da0eaa
CP1905.md	a1b152e44d02c0c0f3e00c2c343a848ada4c994b3902429b3f37173495fab864	d8941d322b53a0636ba6a2ce4a403ba9368275fde927ae2dad4bc2ec348d9324
CP1906.md	4b18aca30cda121eccf18a9cc9fd5ed5da8895fea030c2bf932cdebc510814f2	b1af4f9c54650d946c9d1465718820a465c37b3262eec9d455c6bd831223f302
CP1907.md	4b7bac484dd9b4bcf89f585e1663b78b225dc8675ab79568960a596bf4ef3835	341e1c16fba71da0b5306dc10f38fb5c39b41c819691d60c531a1832001241d4
CP1908.md	4f5fa6553925d31ad7dd021e82fab826d428081af0f50d805281536f4f299bd1	467ffbcfd2dc415e5440c76abaa1739761977388c3ebf01ee9434270b09c655b
CP1909.md	add87d0d5591d8ad1a5a4c0cb28468d48b5a84cb4e3bc410cbfb902c46ad2922	a299198e9cf19b6ce3e68b0baed233afd865dc3c94074774de81362f7431f290
CP1910.md	f7065ea13f703c5d352a691bb2ec4e4c67937add4c2c685a67f1fd7e78efb7b9	f55e652dab75fb88d2f97cea5ffe021389ea15329603309dd22fc845d0e99236
CP1911.md	a9c617220077e8c119b287dd5cffb1728155da2cf7deda0be3734572af48575d	3ffd3868b5e003adc47c58f8fead98f34ad2aa786538ff68fc38ab24c0b78634
CP1912.md	c8f5f04de2a93a31bc9d4f2ac54dd1e231d58bc81bd2547f83f3ef9224112604	d239f455778316fcfafaca0896711da62a278a32c50e6361e7b1518595a67ffd
CP1913.md	a64adb6150b39615407f18c192093513fbc6aa7738002649cec14d229e827b8f	e481398640922be600f5de988a36fc871726c76ecde80f109a0b46ac8ad594ad
CP1914.md	214a554ceac1f885325ccb88d2cebca984766867e3f911424c60e7faf3deea64	168c97437bfa5260127c9748ca0161b6e4c9304bb74c7ed42aec0ddcba44af3f
CP1915.md	0ffa8b95f3099e69bd36f3eca0505da7ba548000d7dd6d8c590b6bcf397a9733	7cbbfc9b1880b5bed152a69476a11bf4e606ff9a58bdc723b86190a2f27d483d
CP1916.md	bccc1f67098d2d3136fec769ec739ebf39dfedb1c3904b954f4d9911169eb31e	4d7717e5bb2a1761b1472af0ec4fe322ac8b8ece150c6123839a119b61ef3f40
CP1917.md	fdeca394437529a641a675037b575f63c1fa92bf893aeea01347837c5dba4136	b2d00f4308d6a8d0cfa416f50d85d73d8ea6ac7ec8567f2c668381086bdc816c
CP1918.md	269734ef1dee759fa661a6943d75cefa6a5eccf6666f524c8182f385c3addf11	691cbd787c536c50d7abb186bdb0b55d436024ee94b8b34169eaef0b19a1c00d
CP1919.md	4befc77c7718b828a4eb9b369d05808dedfadb6d49fe38ec84017253e16bba3e	d6dba9dfe8b1c4c554f3f49dace3e758ffe79ad9ee64a93f0e7309a4be593941
CP1920.md	9b13b98d14a7903e91887416b1e0148e0c8b1537061f022e382f33b6e284d90f	0d1f5a76e2d557713fac669033d764b3595fcc3a7989688653be2dd8face935f
CP1921.md	21481faad8223fe166b884101bf711fecea5f96a654ea0259367aa8866784173	83f1a52e9d141f58d3487196ec2144f6edbf2ffcaf3003ed9fa3e6db8f9e8bbb
CP1922.md	750dbefdd6a8ed1bfdb95c0e70ff0e12e01718b641639a2b0fbd2eb524434746	11f6dd940d9273aa9bef34c9b902db1410c295d9d24ae0ebb9761288ba65b994
CP1923.md	ea6d932b7b3d676831690e5653aa2e0ad96714fa77fd66ef34eb116bfa87ffeb	fbca1a300fe472ea35639946aef2aac6808d26d695bf652e2561bc805be07d92
CP1924.md	008c53bf5cf62e6d69d324be41dac21fedec3c21feb0f6fccaf173e53c387ce9	eef7514792fe0b65ff4a370af6bbdecc4a49f63c988ed94c0f68de95db0d30ae
CP1925.md	e901430a561ae701f2ff2f86a6855a30a0e92c9e9b6a97db69ddcb5597c6af38	a5b6be98c9bcbf2b8012aae7debf76da6999f481fc8f44f1f721ff17ccdb7ea2
CP1926.md	1368c08f0373f0a3a21087d80a2614c59d69753d1f0f793f62be4a71765d461e	ca42fd0b5128b02b470061bc4ce04ed9159f0c353e1d616535155c3aa4cbff90
CP1927.md	c63f79a18df71a788cd63353639ff61dfce2fea66c4387651569f3601cf34c08	4f897b164b355a3e2bc91b31a6a0cbd7083e94a74be96595d9a33bdf1a3017da
CP1928.md	9a08abe6c0d129ec9dcdc403272634e33ce45b545c4fec37992928e1770fce84	b4a642a63a75fe626ff9c819f480e9507fdcdeddbf5cc74146c884196a6a8345
CP1929.md	98391a9148e2a9a260f5686bfcccf5e1360a9a3b71157f3b615a05978b22faf3	629f28514a75b2178804b23ab87c572794a2a17a43730e9829d32d67305bbe12
CP1930.md	5a2233e9aa0f8941bada5603f8e10a095bf47074c37108150db6817064d37f94	464a883f56dd13041a4a6d02257db4705cf87e420183a8b983e77a16cbd5f587
CP1931.md	3dbc70d2c4eb38abe481af0c690d0f44037387a2c70b73f939d68c7d22cdac75	b26298e01f82334b66f3572f2e1a1c99b3df28fcf86dd6a6efa2eb3e65368281
CP1932.md	d060c174e5a1bb22cb695ce8fffc0dfca27c0d5bdee04411d2d9982bb66df819	542d0c5a78a806cbf20219a8fa9389d4128c96fdd3226111f75010d3d97e1134
CP1933.md	0975129e543af8f1af4b6b3d32b604a9defe680e91b4b885d037ec1690f96184	ff67708c1188c7290448262fa0fc6164057bb4c7345e6a6267b472ec265e6f6d
CP1934.md	ded12a4c97fe4d427cd23f274ae9d86d62c78449710b47e0430d8256197b37d4	3a60338a917f7bdd3818d1554da7fe94806b4787f5c087c20abd5dc712fa3c31
CP1935.md	ade188c8ed063a75160f0cbceeaee197ae22d3b19b4db58a920af7631f550b28	9313d4e85c0929596c5aa9ec04001c776f3a23e20ed90e8afff76f2759d488f2
CP1936.md	57e2302b4fe87d28fd8fe74c97150996d20d8e54de268e92fd76716cc084e513	705987fd8f41a36b0ed41a29795e26d2d2aab5858cd2426a7231decf7edd1c59
CP1937.md	4b7850a6eff3fa1b97abb3bba0bf74787ed99d019ec7de6f930febeded396b0d	701649cd644826035bada2fa37ae8b7f2e00d48e0e10bc1bdb45180d6c7c8ade
CP1938.md	9626a3ef4ad1cb51c406def3b3dcb77ca09c8e05b132ca57858e891038e4d498	5ed54fcdecbf6fe2eea0f70ed0daf76b66e55703594292fab55400fbcaffb6a1
CP1939.md	be2b55847e95f44b147b0137957f387429f8ab15e872267d2d725e38452227d3	5b5fd1bd0c6cae81c3ddddd597a00e1815a1271d836d05071b2524d861bce4ad
CP1940.md	4f99a1598c4ca95a9b7657384e2230852592bd3b525b9b78d966a5d0072cb21e	b5bd6ad695537fcd599f23b56514246a82e97ae14a04ae2071b4565b5c68c56c
CP1941.md	18781c792047cfa0ff942f63c343cf5a97b66a5e3d5bbfad946f6f3301096434	49172280ae4e49eb738e4c55ea6ea654f0f23870e4092d3022c50b0050d445f0
CP1942.md	df41626c625f2340cc61b1aa36ecf3a89262cfea5f7d25cbcfe1913a9c025556	1c00c587e9f29a21946c60dee6532b2f682b26de96e8416f151fad42136f8709
CP1943.md	fb862e27569923a32ca6d9d7c3db2a02823bf5c07a55711057d885849bf65e04	38f147e0b353661c1ae0dad32c26a16234368f1dbc9a9c4a715930a131f80a2c
CP1944.md	d90e8926b0419fc41bb62c3c8828c5ab1f4f12dfdd801d223d3c951cc93649f6	b54b15734801ec332a692fe8c89348ebff41b91ad4c30e50449055df1f531238
CP1945.md	5a706f820ab8463193861cddf7388a72634f21925f3a68d62612c5c721e92cf6	1dfda99e8118cf69025d08e7b8f0dcf560269ed640a9a605030ef1e22bc19c62
CP1946.md	3fb82bab6220b96093f7210f87bc216186721a43e25ec425ca627b8a5235162a	2135ba91df03f89d8db29a7bc17814de28be262a8425d0523f66743edec266a3
CP1947.md	fb90c496565eefad71d9028e60365786ac75d6a8b2aebe0e22570a375002b0d8	c8603ef4331beb6a97b94e80a832d978db3c3ad9543e42f37964dfb40851982f
CP1948.md	53c5a5b5ae8355de9e284d79bfe4c6577b054e583e6b12206c50a32f13a2f6ef	31e1851e85a9ffe1cdd50314518779860a3b181d3609aa5c8f275a057362cb6e
CP1949.md	477cf2e98686dfcfe75198f5c9d62e38b4b03640a0e2f0030c70dd8eea139a63	1261bad33d6735e7513a82dd6f8d671d0c21b5388b42c85c26e2c1a6ebf3bc1a
CP1950.md	9a1c811a6fa6d595d884d06cf7978efa4c0600e75e2c6af080bbd1ac95d2f48b	afff443e32137231bc365dfcf4a66101b0e736f431ca9ee3e7810f51af7ce386
CP1951.md	4e2460fd4f348f2fda2526ddb6a4489adf4abb6ffab017f8eb9e3688ac747684	4c0b616344ec3b6abf09ba09922478542b723a6e56a0d13df3ae6626fb1b342d
CP1952.md	da3068f2300dc2f10ba0bc1ec0adce75c053ca8e6d608ea6e01e720bb84db46d	b79c0c0079c9b6c6f5882b4b6332cfb3caaa072286090602cc55fadc0c30829a
CP1953.md	b31dfb3a2d5dd28d061955e028c3cce543230b4c188ab1e83e1d53402526a2b6	8bf7774408be3ffe3db3d0ebe49f4cf89d6084f7919a709c8886e9875b5be6aa
CP1954.md	4b793f7a7d818e5ef25efd440c25ac29261181ff64524dd7cc868185803da2cc	40a965a7e191c154319717a4d5d4c0b37a083bbc37aebcb9c749825aa1598903
CP1955.md	569c7e2c96c2cf6f4e5e69794e48aff993f636bab0c1846363de43c115aaf527	f4a198bc58213a734c7d76b96da065c5d78e78ae9768a989e2c6569b06e0c851
CP1956.md	efbab3ca31276a32d171e496bc8667a0f8a9359209f7cb28461cc78412e9de3a	6932318a7864feca05e29ec2ff012ef5d5ad46a89a7481b05e9da82454b802e0
CP1957.md	617fa69090876f1d3921be2c9b8ab575e971dcdaaa333ab33ef84793edaa79a3	1f6e49049e49ac66e721107e7483dc2b02e4eaacadd37b369d784f44e4c36177
CP1958.md	3f344c31f1a5bb0ad6877615dc33cbeee435262ca63e8e6e296ffaab5b03f7cd	f2660b445cd07041571d475b9f537e13b7e369be5480ddd72217f70f60bf95e0
CP1959.md	66916451370f29df69e8385e58549cf4aef2e838f5a817eb559de7ab4aabbdec	628946445041d02469fb27d124b89fca6240ae955d5a33f4513c0b5424f1f142
CP1960.md	421a504ff1e0702e89b67949c71271a733bb579ab9a9cff7b1ec29f261d46dcc	66ec0a30ead83d4f02ce08b55726b1fa719dd80976dedc30f394dceb34446209
CP1961.md	0ad9d1942d597c110d4228c40fc1b4b86a764e87b4ec7581d34b38eddafb025e	dd4f7659edaba87271d88f4ca704953babef881111656fa29b2a5163307deeaa
CP1962.md	ed67b3d35f2300f1c1e0ecff262e7fb36b2ce16b3ed3d203d07d29cb5ab4ec37	9659324e7dee7344360a6ae80b30c114f6c13d817354d8a5c4f420ee27a92902
CP1963.md	a9497e37cfe977051ddc3a6bdf1fa98f57b29fc852d4145a375a6506add737d2	6e36297fd1ef059a448150288f73b0d5473ac00712295221c0a584aac9f5daab
CP1964.md	34c83be19e4b8dabead4b1644efa9f6f80e1b95f4ec2a8c330c1e73b34980544	3f6a2b1d615f03d7393f7e229911e18c50b2e7de2f9192ffbce9a9c2f8e739ac
CP1965.md	ef58b8a113b47b0f4a3e9ff8687e7f234e7899e708f289a4cd90df628a743830	9a70a026db8303cd027123a18418374c5d0eb63bec3a7a299ec2f2b4ad2e7027
CP1966.md	a8e7466512d4aa3fb0e203326f30e939b3097f0f66f64cb1682008532cbd3ac8	0fc8c3dd90bfab55cfc8fba52c6ecc7764e1237a3401d920294ed489d580929d
CP1967.md	303215674eb15ca3e055e84d41de337055ef2fcea831d7bc180e48ba41cd1ed7	a032e8cf7ec0bc1b6e0096b032878d8125f52dbb3019f00e1603d51628baffa0
CP1968.md	87922aa0323f8dc756c20592ddf177bd08c49c407a53cb4f0a773e77de286677	e0578294a9658bf7d758949ab1bd486baf761169dd9fd35d97773e27fd16dc14
CP1969.md	5c5b6809f7c223c176f2a4f55375572c5ffaf27ec0c8454afa3c7d838a08417f	cce0772debb8a5aba644eb47b4d8c304af1046d3b43d751b8d7513090d5eb402
CP1970.md	9936d0d0dba028a0c63e0f65caed1db274dc888fd681c8e1aca22e4cf379fff1	b1beb361df37972310033dbd5318239bc27204c8847e2d1aa6d33dd6cdb8f64f
CP1971.md	b32425afaa2cbebad821363080d5d273ee48fdf06827c0c4c0bcaca4d8693dc4	748e99498b749fb5eaa75cb31a55ad807499568679a1209fecc525180829dcaa
CP1972.md	dd510c1c1b7390c279885b2ff7f05cb250ddbbdc005c57e4c665766ab973f6b3	5e82c035e6e48ac91abc3443bdcfb96fd5860ce7be3a1d7c1979eb08235a0c78
CP1973.md	f05e4ae2eaa2799364842b07eac1fd0600fa079335017d1fd830aee73c3ee43d	3ba015641c39b36760b80e4893e9d99897214b76beaa4f583d5e47624553ef12
CP1974.md	c6254b22f9890b5b662eacf455da3c2796acd3b2e40e996554b63174fa559a9a	2ea41eb3be02e73c1e578a843c750b468ad276d98719e61324d5f1616616b3ad
CP1975.md	8c1fe927c150279d39724952cdd9cb4241de1eea6b99627719850cbd29d35925	260709804d62b2bda80bb994cecb6fe9e42dedf934fc26ce6dde6cf2163421de
CP1976.md	3e7f005fab9a50d7447a198f8da3331d48c52fed3a5c9daaf75a4827d9dc87c0	fbd373a50bbe492e44ddbe9e93b6ad87bf4a12f734dd1218a9815c3e831ab773
CP1977.md	b838abc0e17b1012066762d0e177c99da0fac372836eb2065a62d8bb00e36407	50e1d407d1207e16ba3dcc1d8c3d1718d7e9f7a3299e01add7ca491b388b2ebd
CP1978.md	bae5b10836f59e219522873bca747f7256c8f8406b92b186dfed8e0aa854e65e	46f0f6390e034fd013424cba1681febb23d1dc1c5cc23ce21db409b8665879b4
CP1979.md	ebbc4a5e407700a718b472e623b1386ca6aa6e451af09732e4cc1ce2b0b93d5f	6f39653da83e4fffaafe99d04e7497edb724e51cb4fb0848f41d0e6bbd3c8fa4
CP1980.md	8d9d71bc7e364480d6abaca5d74f2ff3b3410eaff0da73090a2b6c4442f5ca47	c43f981833e6f37ef8799999b2fd3c7f1162056bea6a1e53430925b1b02e474a
CP1981.md	3e74779bfe72472f64b08022cd91c76d4da2b6c87d749d4f131337b448efe308	ea291ac819d1df35c5b41bb1cde0f8635e40f6d0de2499f8b047c8c154fd7847
CP1982.md	f9ee5542cbefba8382463a66b05cf0c4c399fb86b38b53c2b3efa50a644a3339	08e81573fdc3a14f98b7ffb2b175d014c99f3bc87140a8d7b7d435677101a0ed
CP1983.md	dcea4bc0c57fe15d3bd819d0cc74b3177a11886e5f10c8aa4e15221b1d3af0e8	2564e1bff166c6c3b4343d61ecaccd0e7547dbb2f259e8baf7f218497918b9e3
CP1984.md	35cfae4f1d4b8c340cbec6e57084e49d55f815b4551183ba374bca09f551f1e0	65ca28329cf342bca7cee4e8ce18ddf1d533cc1e4f1b0bc4c115b18677a95d04
CP1985.md	6e0593e8c47f68307f555657f2f2a1722fca2f3e759bb555f19f5ae599d16e20	343da2d6837547fca3140dbb197710af37f787027331de7bba0b9e6ec7cf8246
CP1986.md	6872e9cc89bb0239e85bcd8b44213410f8861f6090e720136427d0f6f5b880ef	b391f42c4ff0f0d8708cb63557f2bce7a9047362a74f53dd72139741e666fe4d
CP1987.md	a760fb5661ea614b589a8e2b2d177b0035365d31bef8964a3b1c1fb526b75082	a031690dd2fb2d8396b4ef968b7b156dfc8e8b0feb8edd3e356dd72f95f188d1
CP1988.md	882069b7e157029a4a477d60bed79abddcc804873d493758314a7e4e9403ac85	a49594dd90d81f36dda705563456a001b158c4123cfcfc14ef8bbcbad32f5f06
CP1989.md	8e288802aa7e57f6490b9f0f002b31fb1e8adbfb889315092cb35808570348e0	acf80003c38dad2b7cab75aa63bee75ba1570223bd165504dc51cfcc4700fece
CP1990.md	e6bf5d25f082e0221f9ceeadcb64291440771ba37a9b486e089753d8087b6a44	88bf3d3468cb7af6e7dcf243d7efcab7ec41374f9221854757ce64c9bcb75e7b
CP1991.md	1e43cd301ec38cb0b1ad83b1b00d327486e75f10eaa8bdcaf2459f2aa74b38c1	8ad3959ce643bb1c45da9b970b57aa74d5a0c8b62a739b894418f86cd7e14e12
CP1992.md	47a9ead250096b6df7934dfec5639f7de67428a2da44efd8de1a3c7ad462ccdd	be0ce5136c361f0fc1c293e32f8d1afbaae052d359f4eeabe7d2a37b8525ac9d
CP1993.md	2be09b7dc1db92c676aa0725ee14edbcea7df2dd21a93356559c1a25dbd07aa8	d59ebe87e372a3ec72b191842d2b6ad66e48d9e8a38b14d8a761676db649c478
CP1994.md	c7e47ce59b0643c5a56a7f927db54a8a1aac23ad0293066a9be70e703390b401	25fd81a18015abec3ec89dd63a9986075d77a01379d0598b8e5eb973228c2e93
CP1995.md	ae72ca6fb58425ce94e0dd45bd50dd30a7515fbb8ab79baba0c8daabc3a7d060	af3ca61cabcdf00b9b893b208fda4466b03be32e28d87c9a1108430cc510adaa
CP1996.md	0090fef192b51ff9c4cabce32180903e671f22f450a3d8bb2f05389b70e7d980	3fdf4aed256f7ada5d472db9a705a2783af116ebe1ea4c44a26f0b9cda77512a
CP1997.md	c651e555ba3dccb8fda44284d70e6ba84288e11858a49b4b2ec61972bf55a854	f9207ae0bb3b9fdacc9ba999f379c47b7c42265b224c3f855fcd6d32b71965ac
CP1998.md	91cd79df076bd360dbf6d9b287be37dd70a3537c457bab88e524d326e42e576e	4e0eb79a9fb6b0f96f084c6c35e9f348a47035e3045a58ab5301236e9d937bc7
CP1999.md	d1a02eb3ee7bec9a77b7257bab111fdc191da82777424cb8795db9f8b1a2b9e5	89ffbae99a3a342d3088450a89fd6fdcde843e7ca500f1cbc1aaaf18d0c74a7c
CP2000.md	a70e08e4d7bb4ce7c070854a7eeb80f036b1250bfa19d108d7f1fb4a2fbb0b18	26397b388178897d962bea257ae9855976c6bd2a3fa4a507047d85207250ea95
CP2001.md	432b7d8aca59e4e67a083214c3314bc0555e1a4450068da3188f4aaad11022dc	695844e11cde5820cd049204545c2fcb852dc39db8e1eb84584ec632fe802f19
CP2002.md	62ac3dcd5aaecb6c7827cf96e05706461090ffcf57bcdc39d5e2a59fd89fd507	158f4483034ff8a9f13119284bbba0cad16da495a6b9c71a9b0762d12f41c80c
CP2003.md	3c4f2664f9cb2b535d0abc2a1c9efd5a3c5f2b1c56ce4ac1047282cf908ea3fc	20ceb5035ee52782b42c3bafd620bee6d52b8b3b4bf346d33c3ef5051364399a
CP2004.md	97dd5948c2a3b33ad5b663bdf0f1983fef28c8e96da6d7e0b87e145fae79bcd7	47d29158a0d693ffb2ce295f7973cc26e3219478add30c4170e1dfe14cb4bb68
CP2005.md	f84b00a7d976270acd5b6f6b9e5718c67dd4c3fdc058f92f2b9a64c3e0bd9b94	dc60867e13c656a1ad1ce3c0bbb5fafd8ba329575af9908536488975c7adaabc
CP2006.md	a0d2e738d95139cf3084823d8ab9986a44c00c6d60a55f7f8524f68f3de3189f	4c99de31678e516fac32efc818520978caa073e93f3741f4a67768a2c245236c
CP2007.md	486eb3ab04943145004e83ada27af3dbc3eeac60129f6f2c4584ffe3bd7e64a7	5a19018950bcd19b9cac1c647d2ba8b717e7e3c781cc13acb5c9bf430ddcdf8f
CP2008.md	e0e27441ba6f1eb7903b7b4c2704537cc6cb8e0e9d4ca30a539b5e437af404d8	e7bb554ed88024cc1930caca200adfbd55011638058cb1aa5f76cbbbe56e0282
CP2009.md	55ec5015b08ba7682ea126ba713b0153c859e05355d6828a69800f3549b73d39	ade68232b97b270b1c34585d27fa52370eefcf45ee1b277075b16bd1ff188ec8
CP2010.md	9b0785062d1c391c8aff46ebd9201b4b5ea8f3b7fbca71bd4bb8e18531f934bb	25b7a19a5772c24348c8fdce450fb7943447254ed9dae313fb2829f5dec1080a
CP2011.md	6163decbb558490df757d3699f928dc3a4325274b54f3f7ea4d6efe2de81ca11	6256af134c022540a0ba31b829228fccdce3ab6e91535bfb9ea449a50d6f59ef
CP2012.md	431c96eeb38daa9f670f9e58e8cb0ded2f2d0c748d3a4e898d1627d9dc35b9e8	719f46901f215107f6ec07adadd570f9f0f4b04d8ce2a1be58246523e3a3d152
CP2013.md	7a81175f7a8c29f2ad0751383940c7661a1250a302c4a1407624ae0567e4ca58	506cd183a76144617b84a3c572f1dba5d2b53b78579a308641eb76a77fdebf71
CP2014.md	72bfb5d3f785af1ba36e26c8ed9552cde00637ff28af005f56c606fd0463e8e0	e2fd8c2cc79d1e0a81074910f9cd2f80cbc7c40ff6ca6ce8cfa5710b48de4c2a
CP2015.md	ba7e8338adec5b955dbca6c78243161fc17c24e8dd30547a7cfd6a88c10e6d2c	c38d22c720991373f745c069c08642f33bbd526be5909129372f90a8fd3cc751
CP2016.md	a935a80009063d1ffbe467ac1f88f9cf6aaf303d6a20a07f0b4c7cde358c9862	84036073b09d2e81b9fe9fce635040b5e3342a1fce7a72deae795c27c33fc146
CP2017.md	814f268614b09f45ed2a0414a4b3410a844c7667ee2daa477e1e09a41957c60b	d99b25e28d1daa65d8f621a7e1e077b5b51c53235b044ad3f4a706acd469a8d8
CP2018.md	7e9bea1d85a6c02d02a1ddba0bd987c10819bfaa4e5d1a6d6eb14990afa48b77	07eaf6bebcd30cbcf744969e78302ffdefa61072dae37c32e132a5807dd8ea33
CP2019.md	a3620a4ee43afa03e2d83bbca953a29f20aee4e9dc36e592581c3d65c136196f	1c86c9d4a93970906c998ed5f46973f0a3abb6b7f9c9a849b3586596d528937c
CP2020.md	be297fe243a7e4dd55bba7b5f288c03ccdeb4fac7ab2b72920963ebfe822d8e5	54fcc590df0b5390eda3f11e26d36313b53869235d1fbf980f6432de5089730a
CP2021.md	996989512bf85770122d8838dd035c13e771429dd94871e19835f89876f1e512	2533962eca1cf4c2489fa8d3030497d77d0fe1fbb0582b2ab7d4441f91dea24b
CP2022.md	1fdb71c6a13966ae95178a9ec039734ad7fb8d1cbc0c220d5ac81e78f95b9751	572e11a50cf1ee2f062539967847203de3855829cf6dc02118a2d8a62076f89b
CP2023.md	5a599a4f894ef7881ede25426e46f708540b5397d8cfa214b9ed0b18eaa08cae	1e5b67242002df8febd67f0f4d428970ae5ca722e1d15e08b4c6464e4234eb99
CP2024.md	56ff7e9b906d100e10aeb81b9e20580c6837286aae672feda94f84851a530cc0	929458edd32c9192ac32321ea272225738d6f44114c97fa793e9837262056778
CP2025.md	3ecea917c08b48e2673c480f3a0ccf7932e9ba63b16061e7c6c584ddfc45a086	ce90389e53659667c55293f79dcfbc21ef37952601695a65473dcc5b088b55b9
CP2026.md	34501dcd6b62e1c9a4d3b19568a2b0dfa1ba1353ca71bca5c26cf4b4b3e102e9	b035e3d0dc0a661c0134212025ea198527e44485a86f6283e6580d7182501c95
CP2027.md	ec931471f1a7305912f03af1ef7a6505f6602ecf8bd3949f8a36a6cfca104f0b	d4997ec3a85a02e3cfa0e67b26dd553452d5a5aa936bdf715f5d243ee501a51d
CP2028.md	97aec94d8bd03e2436e1e1d16725eca7afb92b0a726e84bf5158ca04a97027e5	2cb8dd8e2e17c13eeaa681580edc1d4bfe4889f433307a59abc4ea17cc384d28
CP2029.md	4f158a700ae2046b60b02b535366fdbc9bcdc0511c119617e96359a732cd1541	965c5279615a59eaa2ec7fdfeb25bdee3ee48ff44ad3911959e78dd4dd0ec210
CP2030.md	fa18188038cf4923329f64153152ede1ff010bd0ce0cde1587b0bad453b5aebe	9e8f93dbe0013dab1be93cc16070ace5e38db928ed05280468b22f7458b64c8a
CP2031.md	e94713021c6a1ad9aa5b73ad1dc6edf067f9df571da7c4079d82d68c90335b53	5bbe34093606555df1713a7d9835568500cd53153c7b0bdd4429b3d10450c1c5
CP2032.md	270fff19f49240e6be75be5b8c60427dbb3b35c1910e7155d5f166e5545c88c5	f28a238ddfabd6bfb50678dc3c36719395206860eaa760751d671b7631f2684d
CP2033.md	aeddc2cb42e6aa27f5b87562929a859c3084ae6d6ffbeed233862e2dc60820bb	302b28209bd38e4b6d15332f0348cbd41e449a98c6684208d3ffa3ba0ca73cfc
CP2034.md	7773281c0650a7d14636e1bbf8cf17aae8c5bd446887820a93fe4ff04002ad35	a5fd40a47c2ddc07d5f28ab8166e2943c13f46065bae78280c1c4130c87640b4
CP2035.md	567abdaf5fa3dbd79d622731c29bc160846682889b23d6dcd588334607686d17	4492ed288a83d8463a5299aff7646e316b6a9c7704ee45c261b4d026b4e5a3f5
CP2036.md	14cd71b738b1e27e11bcab686b1ad68c3460dc13cd2dc0103fd79e9ae19c948e	896ed8c192a9f74093605d725630f97af299d4e4ba2d6359529cbe1da1b222f3
CP2037.md	4783e883211632ba5771c99a7332ef33e4a09c23d4f9ac6bbaa198fefdf6ea5b	bd9564d9e4a93dd1fc4b36d0167ea63fc1a621ebf7adf18b6fdb4b5c83370d8d
CP2038.md	deeed5362d3f7c34af4f3ed97f5aa435c4e536e54f72625939649cd919946e69	3d4243665bd3aae7047b1e61a50409bed6bb12d1c6a5cdef63c84a66166f5860
CP2039.md	b68b5893d02a8c71b2c20b61c1049d91db044086f58ee4233ca0f2b9bf3dee81	f316b4f83d8c8cb4d8a9b52f78b25b71559ee119b6b3934f4c8ea76ce3aacbaa
CP2040.md	5c5f0f9d5e12fceb61023d3c9e81c2f9169757ce47c0c86f48699633690382c2	1351135997c5572e06c27e1e5ac1e7fdd0fe6e42fa82175ae8fccaab9170059e
CP2041.md	c0eb8abc1a48793fa64405f87c00e1a3458772e729bcb0602636ee49a91f7006	37a60e9b6c0617d62ce6732ba6bc4aab00480d0f6a17829e7cf62e9d67ec3cbd
CP2042.md	0ec41eb1194679789dc70ab18b9703c9b430fd7b9d612374358c9c8e8a17a33f	2687c97d8c5abbc406a5da2a5c8a5c18b3ecfa54d5b17c2c3318585735443ec6
CP2043.md	8f8ada07fbb1769b68be2734ba56dbfc39ca8a2a6cba8b514184e21ab19f9050	9bc41b28f0d9ded8f90c02dbfd5f7454f7b1bdf06fa0db0c2f33bb5fc2709ca3
CP2044.md	b6fa0c89f7f70a069f6874ff6c0ed7870a4a2f46461660f0757aad84862602ff	b4610b7bee955791750ea5a5a0dc024459a9db3b174fbdc9dab098b2c22477a6
CP2045.md	65bc479faeaf3e262ace13db7306fff6c00b6897d8b489f2ac36653efbb8add6	6e9ba36cad676cf8887061a697e41bb992687f5a1e07083b0352c8f413b53eed
CP2046.md	115d65ad89cd6ac51927155737257a67cca1815e7c523a397eb10afba3b7e4ac	25d292b045d5734a9ea258165bedf86b67679461b47e82dc1a9c93e782ecda79
CP2047.md	3d462e09c6cc80fb5ebbfd198ceba4bd3a817008ee27f3552107c5f28bd60086	10a96f3fa18de2c75d7c5960befc252c52bcf53cdbcc8a9e8d56f4e5f44e321c
CP2048.md	e174f37b16274700b80c6903cad8ee1e02c087be22ca5fea22cca63d9b321a53	6de2a108b67d5dee6dc5f2c29921b03aeb4a69c411c028fedfaf07cf0b279e7a
CP2049.md	b081465086727fc44df8288dde1e6a9161bd703979adca38ee03f8b38f94f648	f1e92ea6ced59ae66b8f3ddb921d93997c83391f3329b4e387e2d637297a9ffa
CP2050.md	e3a8cb910db7c51bf4d3b2502ca62cb1a9d5ed758bc962816811fd9d21c68ca5	d1cd174245982673b9fcd1b2b6fe06e47b8b61e0a965366ee0bf68465dfe0649
CP2051.md	e0501e9d36ea80a4d8695e160ffb654b2010a4340d9ce142d78da28f005d4346	0830d8a7394b5895538ff886dbf3c5a4f45ba79249ba3fe25c668aa1a67084b8
CP2052.md	f7faefc8b21771d6d2a0419315c86ed310eaddddf1ff65d9f20cdc8434c46a94	4e30b23258086ac30afa4115c51babab5fcbd92e416e9644568ab6d3d21ad189
CP2053.md	5e538596edf66fe043dd1145fad7543b594a066ebdb15a4c6cc45d112ffc328a	73afee7a8b6a254d8a297f9098dfbdff68895049f08946d23702f388f2b9e1c7
CP2054.md	9626c1a80fad9fe1acc089623f61af37312ddcba5e8e83c87c1a30a31f05171e	55c7dffe0603aa1f74c6c77545f51d3912d80b43e0ba2fa8372a8ed77104c78a
CP2055.md	d25080d01155c668013d5cad1c6d0eb5f91551239c0e57550eaa2167cd916d6d	193e6f6f76d397b108a35b9aa0f32435207d573875c211ab4f406fd8a2c59afd
CP2056.md	08d42e4b54f264db3c627220458b267a14813694c1fc078644fb2c1cd6d6b792	757c8925eef430ee8fa9bbd3a34450aca56b10a42a304bc642eddc32bf01704f
CP2057.md	a39fbe21dccf2dbd5d94f7622bddc6be578aed51c40b92217f375f4e7c8a5b16	13afd28e72da661606b382affd3efecd85e2d0c4a1ca3111f1168df027bf1011
CP2058.md	d221ed899a281d45a834142495bfc53d9152994592925318f78f13577cb09336	a3adcdb093758c6f124c26d8425e83d289b0b6166a4d8f413cde8fb0a31cf36f
CP2059.md	b4582be19ccff81cb53bc088ed2c13f1a3f6ec14d775b24e73f2f759deea05d7	fd86e35c08b2de5f6c34a58f274fc6712f57a0588bc12146bf25c66ede37bde2
CP2060.md	b5165979e4e2840df29b493eef1498a84e93d14a0517530b0e3efee04bc51c8f	d529d0e1d72be2109cda9730f42f72f8365b0bcc3cccaffaffe845fca8c758f1
CP2061.md	4fe754aebfffa4e01d1d2768751be9a9a9dc8e893d35e69839e38242056d9f10	41afb1220bddfe14df7717ce7771ebba1a0b28678a774181d765be1ccfdd44f7
CP2062.md	837e079314f4cd7d5831baeb1efec3eec2acdc5147ba1d1c5a45eeb951d6934e	358072e7990929ac0fede98a00ecfc642fa2a1b9fb5ba92b634eb34d0a68b156
CP2063.md	37074b937679f94a17f81b023d19fbf2020e1aa2c5060f20f761d392a6fad790	6ff0933bf6dd5db8591812ec1c521fa5f4711e141880629126186ddf005b7ed8
CP2064.md	8030d2a530eedcd6e0fb6d72c6d2ab0fe19cf785c7680af84d49a8cb6c9f8276	1fd85057bdccbe810705ad5b4be514e9495acca3d0b68c8976beb1faacfc86de
CP2065.md	85ca94fa4da1d93790d011237375cd080c360909f30ee497ffa6eb0ad3c8fc9c	a07e4a0b97712abeb7c458c740b1d5547187e10263245d3077166f10dabecede
CP2066.md	631444ee4b26ccecf6ab99389b2694f626771f6a9880614850decfb36fa419bb	cb6c6bf031f466c450398dd1a934582bc842b343b7b4e552b1dcc120327528cf
CP2067.md	ba62b4e5bfbad6e0a108ab9f029961d69f671bbe276c81d90c417a3e08806647	4b4a04b61b451894b6ff1688fc8fa3f38c458f9e13ba5b3eaef18576d5239bf7
CP2068.md	87e1fba3b5052922a60f67b8d8b047e386973168a8ec7e053ec919e2450a57b3	4a657495fa09136a43187d0beb2d0ba9e530212c2dfe7f2aba600b0db0bcb5e7
CP2069.md	36c535490587e76cb0898884654bf2451ef3ba20e01aa2265122fbbff811ca64	5115b2948a70a0ae2bfaadf3c2fbf8b1dfbceedebfcb8fef67a5b570d089060c
CP2070.md	3b3f95b3597d4ceb5abd8e39bd287da94358b6b7e816490c3a2dbfdb8a53ebec	de72d20ce697dad87020e8ae1e94518d170cab8c3e8066139da1e8f328317b00
CP2071.md	8ff84afbca652333f44d13938ce966ffc9a119055189616f900e729cb2e67bfc	61a0744c3c87a8083d7a47b47f651e09e6bf4eb5112102c074ef6baf1219b804
CP2072.md	7177ed49e63be4bcd39f82c9c527c739b0eb85707e4f54f391c0a6c5263b21ee	99c5a655d18f0dcc2ae274c9dd1475fa9298163e34a2d2586f173bb97c4150f5
CP2073.md	c420d328754ae2b1f44e943b4aa911174684e54ddc59af16bed35bbac932924a	629a5a369cbe6620a2c7df3ed5932e681a6988e3f14512d72832a462bb0d155b
CP2074.md	f144d72002b1afb03527ea921b4c7d8074dd121ff25eb7b4caca743f1420aaae	0066bad890d748bf19b86cf3ccf969aac137ea94b405b85a7d195a63f1160d34
CP2075.md	c2b54dda4f8a1a08f9f84fc724d7467678fa16b1b612757bd64f0bec3d4e6b91	12e11252a16d6f67724851ea926839e79d9328b04c9dd01463d3e74bf2cc0b27
CP2076.md	0b82a48525304bd6019fb0eda0c6b53eb8d764ca20794d6c10934c1d00d70ca3	d926f744fc8c39d0df310375ef6cff7c0113f4562bf1d722e4ef00ef3dcc958e
CP2077.md	37eb78127adb3f9bc14103c6ce324ec620e3a70ec94cdf86aa46ccfa1d8fe5d7	cfbbee2812e3b5fb032fd92e5c00603489f61d32501e94685d130617a75ee49a
CP2078.md	25909a77e2e8a1d9ceaf2ee272589fcdaf24b6981f6655403aa212953921eb66	89df281fdeac84025c713c87b3faa6e1f01e0422e74e0887d5d365f6b6fa1daf
CP2079.md	21256323bda12077f13d8485f5ceb81cbcad1e1579cac97e2d42095e5651c3e9	19f4783cd1e14c92b0e461a8bee841aeba78eced167acbe806fbe7d47b58f2f8
CP2080.md	acc9f5ce63676bcdfccaa1ec0e76a0ece27924ff9f8d33c3fdd80690fbf7710d	64ec58ccae44bd704e5a14b11af4890b6e3cd229b3fd7bccf24f54f3acbf51c6
CP2081.md	a543c92ee07ba3d6f2c4158cd5f765e10da96b2b47e2475501cf6a6f70a77ef0	f8b896797ca51d702cea216fed05a37a4bc6b5908d843d67aaf242ccf18c5c56
CP2082.md	baa63f349420a3582e262fcc8ffc1bc8474d6f70f8b5100597499fb656795183	02f853f661e07e3f3f0f07da1b35e0e6b954de847888ebaa6847dff1b00b4d70
CP2083.md	93597d8c6b8afc88a86b52a326df42522512e215146a6f224a0a0eb1f1850da5	554642454894f9cdc42f50cbe441ca779455b25f84252c4abd286688c0860230
CP2084.md	dfaac64234e3039713d5f55260c0c301aeab89d02f6c6be9d56d8d0092e6cb9a	b991b9a94c0b297e618428d503453555cf6ba8a65d40c5019d51d4162f114f10
CP2085.md	41ec7d112b9c39cd6c1c2ff1e2f67d8972fd61af046fae78b862488ecd908c84	3aea86484f8c92d237e5deb01ae742de6ef6d18978f526bcbe00820e7365ff4a
CP2086.md	2676b47889a38b6e8ee9e0e9d8ee56f5c216b1be51e270ac80755be919abb94f	391869fc06ec5e5db50ba71e5bc8a83443149f1ac46e8a93319bfabe8312d5f1
CP2087.md	0cc88614b57df224bbec94db5133aef8892c581bd07aa3c2d7c45d0d057788aa	f259b4537342d13b7c03cb4609928452d1e3b64f2d11303eb03c94d9eb70231f
CP2088.md	de97ba2fd10330efb316e85f7be58009d140b3d04c82e9fe0ab2516ab9d85659	6fe6d440c756750eaafab98c046e26d98df58ca398c743d4076418fad5216c85
CP2089.md	5f323c45fa3f5b468827e220cbe8cf9fbe97984ebeb959422b7f8190abf67f62	29f7e266654147eb851954b740eecb7c565585db468de9c2e8b97c55cfb011c6
CP2090.md	f80c7c683b5084d79f96922e3bb990b48c6b343270c00a1c90df4d6d9bb9c578	b06526213c85ccfd18b3b4fffd9e929cca2090f37b549b5fb3cb583e706b51f6
CP2091.md	e6097c8232a6c9b5fece4b5bfb8907aea81198515baf40f3296c8f9e8be5ebb2	8fdc4c5649b638c91c5f3fd85cb6702cfd923d96dbfa68c77dfc55e0d17a850a
CP2092.md	b11a4a0dcc8478f93d85804722ea1cc852df43c6bfa28ef1c0b8be74e69809dd	a5ae8d22d7d175ad487ff57c4b4849a13105916820c2f0e00d46f24ed0fb18e2
CP2093.md	aee56faf8b2dcaedb4de1cd8b1d06ef352976e2fcd1eb4ae50edfbafdd8e6e8b	6531326ee135e00466f00905b374010eb20e5717f8c926a012922e3a492256b4
CP2094.md	3e4709f020fb8f589f014648386a827ef226884cb3e15e2bd1a8af105667aa74	7fd5641f222dc561dfa567bec6cd214e693ed296e0aa822dd3fd46d7c07561ac
CP2095.md	98def18aa42950f7acf40a5ebd2814c7da53780e53786cbd88a2faa22aa1fb04	6a5a0aee708f5c854a74fe730370632b997be1092b8fac8382315ecfbe91f740
CP2096.md	b8790e15237e6e4c61681acf77e8ea047333d2873770750418100268402f82a2	3b4f29415d79bf8ef42b576948a53641cb60102b593e82dcdc5392f2d1f79067
CP2097.md	6f9c6a761ce4450c6f63d9a3b185f1d2ca1b49a9ac07720c3701a55f63d84de6	923b102a2777095014413ebdae2703a440752d8ae33cccefded961a5abfb0bda
CP2098.md	4bc232c4c359fac3381e7b46b0e081d7fb1b181858ef96ce98b7816d4a5c8a5c	4c4bd015a5cdc50da52bbf5ac041e36cc9a7591e95a9ca17f86b9507cbcd3c99
CP2099.md	ae4f48b8d3549c5c8787e396d52910f15852e8d8a0b492aafbc01770714473c4	d8590d503d2b4ee9e25298e80e6509c8c2703f0210be5abcded90d019ec6a6c8
CP2101.md	fa96c45f477ba17b15953cb0e96ac6480da2a28d18d6aea9128074d736ae69bc	9f7d157d62cd24187d202cfca28a50b02d3a5bb1b2a50d87bd15a172c3500b13
CP2102.md	0c499c1c57039c0b2d97da3f8af6e6719f21071c9e9413b559318b37230e5c29	8a2c0456a516a70a579b70e691ee1cffb203076efb362354611a948a09800c73
CP2103.md	a21543c7ca4d19ba29eed07bb241ce394b5301746214e26f0dcb20650d963ee0	98e37aebcdac71d5f1e2661f12a476133c7ac82b4402f7d177f8969cb591abbe
CP2104.md	9d2a3cc55894fa35724f23dcb6ee01bd0404b62c3ed783765c2e24e9efda7fee	f4ec6287f6bc28189dd11da421d88e8f2bd5537252282bba615313fe4a252a45
CP2105.md	b7dc675c5c667ff3f32c4122eadc7cc03d2060585937f6d29035d2d9b6f7623a	658f96764646b0178c4d029d37cc0744cf5c01b74fbc8a1d72478abfbdca1b51
CP2106.md	1537a48181c5e511c325d2ac4f40b8f291a0036c1a275fc3238c29a43249e5f8	9cd784c9e118630d9cd8ff5c4cf7bfe5bf496e67f8f683a21d98993151d4b594
CP2107.md	abcb3fe92696d8142cf055cf23a07d03739a845085b5768278d7bc0e9c87936f	95c33ae8a20432d78b91ab944b8cd6f7e5ba21a862bc0c1f6a18a60eb26634c9
CP2108.md	257354c9b3eeb8707ed437ed78bbc162fb7fde7d5eae7b07d6058e65744f82d9	ff019e7474d534f3a41179056df5fc65a2eaf4e1a524f85b03aeba1062a0fe27
CP2109.md	b723946d0e9fb95e0aab34ed9708fcc683aeea13bebcb8f231325872f09bcd0a	59f1005d52c8be4caec024be9b8d7b58eaaa218a5d770ebba47b230169c14cbf
CP2110.md	f54171db1580f171c1e8fb705dc9c6fdce0bf8a4ac88e0d53a69514ff3ac4c5e	08a2e4fd61daa2efdd411d9499d57d0fcb318ae832a7c8b48b5ccdd449ec8a3c
CP2111.md	443d3089df86ab72d5616b42f3ad157ffdae1cdf675e33e7c9143738744f3f49	33416585a49f9a5cc0435a6e7b85df06e503aa69b6e01fdb7a563fa0d839710b
CP2112.md	b5ad9d7299ecea307b06827a885ec66c66c04ba2d210891ba5cbd52c6118b91e	8a2ea07f1fc911eb0ea67f91fde37dae71ca63eed01ab9bbfb3db833d94bb1ea
CP2113.md	3eb5a7f33efdb2454e19969dc2d89607980e3838bf52eae91b9fbc2bc3a4eb23	9d242977f54d167540b1432f23256282052fc324236b1a0be8ab96405e7fc0c3
CP2114.md	3fa5bf26e00546d62d98b194a8265434581244747051b60ec80c78824767de29	b2e01188d4a581d161e305b8740db746c891f06146ff673707385a24b5e3b701
CP2115.md	bf6b0ad1e10a58994be095fe696aa95231505e45a7a3711d408e9da95fc4759e	774985b7c9f648ea02973ea2c0d5880f99c8f546589fd1e72b99948b5d2322e2
CP2116.md	3941300b9a7bb9efdf8d1a7146717cd01343540a7e239f46f2ec32199853f5ac	ed609db7ec11d8463c6b03b117b5f991760b08e6ffce977d09144f454e6ea985
CP2117.md	5cb781e9a3f50cbdee5bef931f37171521a94ab478827eea0d242c66ce8e11d4	019121641d9531b330b960182a71c4bc8ff32f748f0ee85a26b51d6998e45eab
CP2118.md	cbe866af2746504abedde8e48c10be24061c0ca96b6468e688bae08310db9112	748ed551c40832419b1bb96ba41b8ca30681e469c2e5b682855b58d1ee4efecd
CP2119.md	bebf346c703f81f11d51df74c0f81e8516e228bc3393c4327e0a592bcb21b898	8a2cf32bab5fa79c6abcb05ce4db326f603a2dce30ecc511a7c147424a94f791
CP2120.md	db6ecdbfcafede861061cecc936fa196ba7164f6cfbf6d8c35106f3bd4798f1c	f1b3cd3f8ca58b59e93617db2b30870a971311fbab55d0c50c3444465f0741fe
CP2121.md	054e51f275c3013136b075a4a59361b8ac075b1460cca1b6114b762bc90f5d2b	187d18971b02e985358a2fcac2cf9ec0f1389a08b0cf824dbf3c2e1ccdefadd1
CP2122.md	ceb818c10a1d0b934ffd83fd334befaa529062bafb1bcea88c0f9e3bb8cd3971	1e61ce752df63adf4c3f16716394284dd098c9a5d65e137ccf324be7be8ed428
CP2123.md	be9e9029c6783ec984482dae138a9f28e64a11b79fdc520b08ddc552d2c424fc	bb6066553c8185b0e046ac7aac8817b55a7a3ffeb2d41d09bb5f46c0e6a5f0e3
CP2124.md	c7dde9a8b92a0ced2a260b90d16c737c861d9e26885bb73eb3709459758a332e	d4384ae5cc2e45a09b3b4ed559be32d8bc375838e382e67727d4be593ba093d5
CP2125.md	c475e2a267336220b196e72bbdf6640793bdf4079830ab4c16b8338aaf7e89b9	2ca46dca193fe8cee3341c99bbf7683f153e51afc94442ca1896bc5f91afdf45
CP2126.md	bb5372295b978ce835c996cf07f2bf7848ffabadcf1ee5b0c6e7b609271f84d7	7d99ef1735be7a9a6d3526174c8258738034b566b7e33edbb48c041c46844206
CP2127.md	d4f7f2c6997c1d1ee79bf2b2d4cb2de1e001d9a638a3b270c51fd032e7bcdb95	c55f8e95f66e7cda7a9b3e75a4ae98decdda3b56c41dcc4cb9dd53e0e4883496
CP2128.md	ed9932d41d62201f7681f5461fae8464a351b1b6d302589cf891dab9b2ac0d92	89a8bca887bcedb8f3060196b2bf0e90979cb9cc8a7c5a3276ef1062265c4be2
CP2129.md	4f7347eab0e7103983db78ea7c93287890a713ebefd9e2a24016fd79a8efc7a2	24473fd8f88ed4fa56f77836215ce7a8c4aadc7fc389bad118818c8f125f479a
CP2130.md	817c36093f5556c55aca21da74488f8dc81b4ce2ef1a675171c88971eedc30ba	a4546fd6b59908cb8500ae1098e376215746824dc8eb9b90ff0d2ad6071bfa2f
CP2131.md	63cc8075018c38f60ea8218d1b7be4e9d9aa3e5d3d76dd8b0412f5042033c6dd	872d9d1e36934fa71efd70f93b60fe0fe66645c8249a4d97cfaf108fa2c9f4c4
CP2132.md	fee277b5e8440f8bf6d321a0b961ad112edf4c5dfae780a8b06e24f13411c1a5	e355460cfba9ec19014c9fa47fbcb4e042dba63e155c02c874d284ab8c71645a
CP2133.md	cc05cb5426146218eef4e911530505adc88946ade564a91c6770a9a263e8560e	96c5f39b345b1a6c7922a382ed46699e80b8e3bd8b401541eff77b0df54c4554
CP2134.md	f01a5ac44f2c5e7a89cb86d6b1e37ea34791c0c61d3e286c765f6fdf2a9ebc77	bae89a1e011d8169ae00a28bd176c7fc348e2c4d7fab549bcce72371ef579e58
CP2135.md	348f3b1abf64e72c9bcfaa3b3c0f8649452b04f631b78377ff3d956b6f84391c	161462e0827e888a7b5fb6d27d7f95b67edbe652af334669b096e85a28e5fac7
CP2136.md	a88c2dcb9f3cbe2efbedb93b1f85f1f298af38ec5b45c7e27051acbd01cf9b1b	81b08821f532b35fb288c7cbbcd57209705bcd7b65a2b96dd1e6469483011d10
CP2137.md	3e4f4c1b7484f58adbcdc84ba05a20d3a0f98405957440d98bd011dbadc1230e	36c281bb77391d675ff2216801bfde4944d7742b87c288cc54772e615f5104aa
CP2139.md	88abf8640adb54aaffecaccce7d87cc155277b783fe2563d564455c2c812030c	26c4dd8c74c89c8f8a01b24615fd6c0dfcc96b1cc526a44a1f8167ef10aa3984
CP2140.md	e1a23a3b9cf64ed27c59b8dfaa3321ee7cceb4a07dd43fff5f2a198ab11c6d94	75bb6c0206ef79d5c59963b6e462f2b3d6d72a5f32846215efa7b361741fb84b
CP2142.md	84652348578475b92edea993b19b8183e435c13a37e7c9b7ef8655d879a94c68	5ef00efaf26d3675d17e7ccbce8b66a700b6850ef7fd617fe518548c956e702d
CP2143.md	ecf24b9572efb791e67da8735589718d00ec77c80add55b2ad977943eaca1fad	d12dda3298bd211cc958bf7f0b511abd30d47965e94b98e333bc9da76176adb2
CP2144.md	de7c0b91e084b8f9034e8c5327450412831416a2e8842eed9b4e3f97fbca15c7	727cb24c40db05a140bda6c5f565c827e4fdacf5d6eb36fff3aad162164f0cbe
CP2145.md	4adb4d0a095e02ebf24c33773e3c3ab93b45b58f9e622940a50699b50b793c9b	e8dfb44d998da11be0acc3ce35d679cb5584a985eac36bcbaa7bd1005a314499
CP2146.md	bc14ad713423c2c625a8b56b01a606767aa60dde3db0b2ebf064fd996b8589bc	cd737f5e9e11410f5ade63e28dac4f82d158cb2acf5e84a567655277a4064365
CP2147.md	fa881a20db184858052eb131f0423fe85f8952d9fa5a1a675643a02a6bb16e23	3045ac2d1770c6b44978cb50e78c61261886831fb28bd38e125a6eb1a99be462
CP2148.md	b8f63090a509177f85dfa7852d0c5bc1448fdfad6db345ecb60626b3168fceb4	08a8a1712822d14b0e2b75a40f7649ea94ae0e02241ec65a444b0bece3f34d05
CP2149.md	dadf35c3a9a442df82764ccc3564af682b9389cec4e2fc5c82ed59152c360a88	cad96ae8b5857a2def6193408753020019f6ad0c0c06ff4e5b64634df8c92933
CP2150.md	37b9643adfa32695c7bc3109191b47fc65df073561d39555e3b41e255be45b33	1912dbf606fd7e3447c7b3c4f4c7b0383f1f6ead646670b01f572fe432450327
CP2151.md	fe519601498341519fb8c9e4b6592411e1e7cba9d9716140546d605f86103184	ee4f1aedeb319a79f4c70720c7e55a9a2f98618f62d427e60f68523e323fd6ed
CP2152.md	0b8eb7e7a30b671cd448e7e295178045a858de79637c4f2b67564ddb58d30693	2357ce2827786553ebb37a0703768581d8a88cd7102844be44415383b0104d24
CP2153.md	1c19454feffa9ef4154b89ece06d9c45aae11c2354f9563b914a5b119e612fe1	719715d89222f2f6afa6ebfb5601e2653f26f5ecb4e7577f41dafbc9d711c985
CP2154.md	b6a7884eb84ee3c94e0a5c3f8f233f381a8c520f63f971283ed801d38f37fa96	3bb7fb4db54fb8be87f370411671f6926337d253c08fbe5abe3fc57b9ced7f36
CP2155.md	0351e0faa98652908498c9102bc0e1a815c19a0c46094ad4c89f64ab1bafb994	951cb8da95fc72c3eef6f81c82f4256f8e1ef5217bbb033ec0619aecfb2edd66
CP2156.md	20e2a73e2b7b6f830eb090b1209cf2b7ab246b78d334b3c7ed287f51cd7991b1	d9e2c0cdefd4b2ac849c207274785f0022c1a9e06d9e9f7b7f3ad72b689c6a8e
CP2157.md	a97dca1a33b3965d94afa74b01303eddc05204eaa60434205fd9c2b19ea9f50f	be50643851b06bd9f50a183a6cec86d31f351e2f81cc507b0e807c6ee80668e2
CP2158.md	0b294a338ac621d0bc60b0dee0db109bde48211aa56dc44703dff1a8cf5c3aa9	786c6e9f7e5ce1b6bc0f3a01f3ff223e13201a13547437704159322910363177
CP2159.md	5101376d9a1a2a2245e1d087d5fd413034cc12ed95696532c788b179a3aa05ce	fe5b7f349504f5b190ab0a46de4fbff7e58bdfbf6d93f3c853f5ca0dd266343c
CP2160.md	d77f8050e3fd4dfefe4d2751489e771c1bc23f69bb5d3e9f0d5d03ae92cd3fc0	f339b9e5f1c4ae9e627c0dc783cd22da10653642c69791b2fd59762879599c0e
CP2161.md	2532f165f88f6367480a0d8eef212d83763f0cf7c8136fb1197cecc728911e35	caacee1df034883b9439986cf6135b67e6634d8ead6df9462da1a0d829a2bd4c
CP2162.md	5003d677cf825e9dbd9990d18851402e0eb7d7d9e84579c9c6d4924dafa90768	33590f91c9b83936b84914e675d7f2cd17eadd89084825dc6bda5522b6f6ec7f
CP2163.md	80c101399669320c9694aefd44b6775a907c3db73af6e123c1b1ad7f8382bece	c1bf2ee987ee1c903605969ab9224bf2cf68b6b0828b11b39dfbbcdcf270d6af
CP2164.md	bc2b1109b8538649316d0a2a0c48269052c0b34b213c877f0dc1a9c97f9d1f5a	02261b87d20c3ddab999b93e9a3b2841c8412f7950e3ab5649b118304f52ea27
CP2165.md	adffaaeb828d854ac4f91eb4f3369d643331fea4b8d577ae8e6849af64821083	eb506610dd711cdb9e2bd3a4afa9fb98f4f17e0e747321ab4a9badb20ba23aba
CP2166.md	29e67c3b258dff4970ca053f0cb506ff859085a186c136ee123eff0ca169c2db	b7d150f4510eff70e9ef36b7a3b13c487ed1f560f3149ce8b3cfbf6c3e3478d4
CP2167.md	f57fc4aadf095388e03f804d28e5b257240b2c369b853c19b620f968a9f2e372	13284a43045378f82ac6a1ea5f3b9bde67487b23931f7662b943adabc4c4a13a
CP2168.md	52174a581d4fafc9dd56f626f98e292d94b9656f69935c388bb877569a27d40e	418ca8a745dcd040cd7fffabd4fcac3a06951eb83d358bbb4c229fbfb0a40d0e
CP2169.md	fd282e4697590b0ffabd58afaeb57d63abb7cfcad0ec9692c6851c588b5a9230	79c877173884d10b9dc21f256a27a20374cd29c2213415c3c3b9f1ceed68b8b0
CP2170.md	6de9d3372735d006086e247c3c34638f78e7ebc3409a7c44b0b9a6dfdeee55ba	3d54eb55f36a7c7255872547ff286e6e701933016684c2d57d35731b744994a6
CP2171.md	402d7c676abf3103216a6a41d24ae048ecdf1dc69552235aabd5d58c87ca2580	d74e61ab2314da7c72cfddd39ea28fc4546b5c65596b41d96739ae7f7d09f313
CP2172.md	be3e23700fedd7d51625fc7148cb20ea0e5d7760ef1c20d4bc3b43983feade8e	a784c76535cfd0353de1d185b29bdfa9f7a8c4f45a853efecf58104bf895b36a
CP2173.md	0cf81cc09b2cc36133c094b33eaabaef76514a0614e97fdf0b6810ac3039719a	57cdda8235f3db192bb33cd960bfaeae62a74e09c3a3f274f7865edfc170235b
CP2174.md	63a79f707895894a2229adc97849882a85dc2047fd5c79a153952766cfa2848d	bcc6f00f6d38294b94948530436d956c6174d002c7b9f210217528da179ae21f
CP2175.md	5b8ce344f08d5328a77e8724e2e22446aa520dc6617542ba778fbd5adb5e90fd	1d9f2f80f412798fed6fced220854e9a605eb8560cf28d2cf8361cf62e91ad16
CP2176.md	3fe06b0e26d34d758404ed3278e5c80582e4ec840118b637fa1a926a88288e3c	926597c11082e426300906b75882bedda465b06df9320dec5614d479a6180a95
CP2177.md	898543c1e052f85c00d5892933ec9c7b6eb780de4988ff18c8a9acd039c6bc93	52a0ffc31b042a446396ce5070f19ea4fc9ffc16ab29e9d83999c009ecc8efb7
CP2178.md	3a1aa2995f878ec5bd51c0d587368a1060aacd847ffc5c02926f0c3d6b8c40c3	c5b9852bf5ddad28bf086aa4a33a3b7fab02c4545fbb89450fc8646d33b7bdc6
CP2179.md	cdc48cede5a26c68a8f8838b75e65b9cd80b0ff5bb6ce728cb734a0a1ce2a5ac	74ac0f301b8b2908583686f3c111d2413fce4cd5fc31b1986a6b3ce22ecf7f3e
CP2180.md	bf520dfca4a9b98b46709c31a52a143e2cc637ec9e29c0def058e278a9f482c9	eba621fcb632ac4bbab6056c86f63866180086c1cac04284c5e08530bb0d6ba0
CP2181.md	e2dd9925f71b5e6db2ea72ec3a2904b0cd759726b4db9f4b4649565fd08202ca	73d6fcf9443b665d0431d913b34f5b7d157f4700f626c1a9cc054797ebcce8bb
CP2182.md	3c425b981e4ba4171efe0eee3b158aed186ea13354427c0e7b731e290fc5d989	d676c19bc4e0af48137a38d8ef814cb8d1b415902d3d7e16fbbcdb23940d85ca
CP2183.md	eedf87a5b785d2744badb54e022a1c1602659ae8319e1ca970858dbb2c902702	df41312c95cdb725795be1db70c6bb4ee873c0c2f3a6220b50c1bbe92a37ce7f
CP2184.md	4d41368e826bb62a1e87d6452c54808d09bb526a6be1fc3ac6fe981739d4e571	a375f15f67ab60788a1b65c219fd8592812e1deacaa71cc0eba8afc84aaa75fb
CP2186.md	8da73a8c5afbbe69ad3e64200b36edfc79f4a349fcaa70f73fdfadac5f5e22c5	9ac3a7c0b38c83430bd8a24b65d677216a9ab41c6714a1530cdd7ed89c60362d
CP2187.md	bf8f735e220a28e8324fe816afa52f8838de504b55c650ea989b897002116235	45c50617e6b3615be7408e77efcee867207783aff7e5821d9c6e27bf1efd47e1
CP2188.md	4f0a857dd4d288588bbbd6a3cc0d8fa388b44120c09e8c3d7fab143a1c1ad3fb	ee9f97260c47dc96b8a0bb27a678342d0934499dc7ae68be0043d19efa85869f
CP2189.md	0eec683cf93e0619c66cc385bce1e9309962fe57c924340f85a465a00e4d0381	c95279b7be9ac911ff61981c564d64c2e7daf2bf2dc8f469126c56d59e334c96
CP2190.md	0bff0215778f0eb0a1f6111a74b1a5ad4426675f60aaa804e2a46b16ddf44c1e	4bbe90028eac4e60bf03524790b1cf7fe2e3c88d2c5cbea4c9916389d068079b
CP2191.md	be75056f4f2a6a2de09a2ea0552e1ea71de030de04048939acb96922df9c2c6c	10c2567fbb10c1cb8e4fadd4da5dbcc1b12ca45995a7d9c7d3aa7352c7a5d56a
CP2192.md	088af91ae9051cf8332c2c16f66d84c75a08340aebf835338fbf5497cf81c26c	976fd10d6fa57b803a8602110a0eb489dc7cb619c7ac4e2cca87e9371d4b05b3
CP2193.md	5ae0fc33b612cc4901c0241a6e2bb28b58cfe4325d73088b292722ecdf7fe7cb	468dc406db0ab5eb03bd6dc495c44660ba2063c7f21ac7a6bdbaf720224fe798
CP2194.md	45028fc46e216e85320dee22c686ac44eac70b11e92daf014b4da0bcbf809a8e	3a21c9db500ad0d18ae837268028a2aa5d90b5b9a04b851043c5c382d17d5f56
CP2195.md	2c6b2f15284eeb2adf8557e9160e41efb310df1168cf1cd3398677a4df33716b	33a11c56149421964bc673596eac0810e085c733a1c4628a9f82b5ef991ad13e
CP2196.md	e550fd6ebfe020ee3a972e7c513005845363cbe05079bbc38755ef324f5263e0	78b4df3977712c8a1e8bd489640dd8d74ecb0432dd81e99dc950b5ef3b18f8df
CP2197.md	1f91792bdc723a12b047b648b8244821b86f6608c6f4fa83dea7630c9f329ebd	667955f5567b37aff7d9b9bc22bf83898694aa402099a20a5f3789e3c4766c09
CP2198.md	3e2cd7c2d61ecd92ff4bff997109759b92f83a57bc5d470336a3e58624725c5c	445229dfa349cefecf8d92145fb769e353b0c0d17ad4b297afe1ff28af7ab5e9
CP2199.md	18a41acff6e7888d38f424eb365f2ff26fa2fa55a71841e183391ce6100e8b09	50dd07452ec3616fd171fd78c159651fa889c7ee7b2605be55c46706b8538cdd
CP2200.md	758ec0b4232d068df2d914cd0f7ea1f2b732c8f5ba14ce5181fe52c736183b66	d848ad5c5db09cfbfa49477acef8796ecbb89e8a1001c80d5ba23cf09e3b9bee
CP2201.md	c456de0a598118689b2b250976d7349714bdfd6605df8c79a3b7c925de440794	097e03674c8f77f388d9d02cb35649f255060bc002cf10a4e3946461e8b1952a
CP2202.md	34a7040078e0016f3c2cfe51ebf42a20e8c6717eab25d0704f066cbb49047a98	8148cce26e20b39d81aa462a57251df0427bff41f27b2af810d20b11e04b2a77
CP2203.md	e2f66f146dd8cfe7cb9461a7f75b0c4cc67382f5e9b4c03f9f1cfa752dc47842	9c00a4f7abbaa624bac908759677ec928879c7f72130ffd22276e51f25eb673c
CP2204.md	3a1f0ec8aa19d16cbc6c43be46e1baad38000e7785196db621475bb14e08349e	ee41cb5313944d72e762e6bd1630216e78751bfacc71ff1754e26509dd836ab9
CP2205.md	1fce9c10bea80273d8e2b6f6cae325bf5304c886f8a2bf09e8f49809f668091a	18826bb3b0ead1374643b8c515655697377ff06a788bade604187ded8a467468
CP2206.md	858cb47e2d2f5afc171e92d753f1322ab6f123eefd5ea7e37ce29fccfb31b973	69717fe9ecc8d6caf293c05c0029f092dc37aa29d0f1300e3ca2b701c530b88c
CP2207.md	cb063534657ff59de5dadce073948142bc348e2851c7416b61d682ea88160bf4	122d75f0e3c0895b0010992b0cedae235aa65365a1d67809e0900cbfd2b2dd54
CP2208.md	a540c0ee0cda5e398ba51a0f5222fca2e5218c7cfc197921cc22567caa15de1f	132ffc0c8eb263c96c1ba3c859262f3de34934f1fdee535c0c59c372136e2ad3
CP2209.md	b2351a3c317f10556a7341beba66dfa7ecb905c2ef546059ecc7c711545b7014	09fe82eb7f2e3aa4454354e1e4d2127cdd39965767c002dfa64b94b92afc7a1a
CP2210.md	bcbac46083f13299dbedd9fb9be3ffac8ccd9cbaa66bd00d3b92eca9faaad47a	da73c8924dc113524651ca30028b7a731827b11abf095ad38307386250fbd2fc
CP2211.md	a9fe9b0f3c42b385c3e5245388513d36810f10508db73d8249fcd291d4d1e0b7	a5ae50b3216970832ada4548bc752e076a5c6e9dfc4b55b1a1320857f13529b2
CP2212.md	4504fe34fe8ce0fddfe567ffb5408cd3b79b850510d16d87ce8d0758ea3dc22a	505cd177a73ccfcec9c5e560785a7c17fc75fa24197a114384936a89354f6cc0
CP2213.md	8c38df029b2b6ea12814348d31ab43adf9a93d7b0419aa1915f10463dc1805ff	cec0b8273d02d3e0e305224e9428d72237789df595e5d992052c730b2a25fe15
CP2214.md	2be1e95352a307b5ceb10f649ca8f4d9e6c813d121f415af75678f7659dd20f6	840986d44e9d3c5f23a4a3069580ceaa04e9703e84b48eddf64f8a508aa1bf64
CP2215.md	6078de53b110ac3223358f76eedea444986141dee55e7109f9f6170dc627d799	7db05a8dc42968aad089930ab472037f86d58f748dc2438c0e7ec72d6b34a3c0
CP2216.md	92bf0a1b51397a0ef45ba0dff4004265ee82bf4074debf5c98b6bc099bde7a68	7f9d775230e39e2ea3c1b9c967f8670a065e750f1a89a6e09424eb2a9652672a
CP2217.md	4b268989f3a4831383e95bf7b7a684276a5e99cbddbc748092f6ffebe4287e03	441563ea35ac441bb1c2c1e39f8291f613266e3e376e4b472a953026d1b63371
CP2218.md	4fc52fbb9d8a8f18a5751551bace496d854c3b880ebed1384d83712779510f83	851d16c4871bafe332fe1ed4e234de4b66e82f6bd772d4618d86f53d8998ef37
CP2219.md	7cebb2febd3e9983cf5750ef1da557c78c6a6b1c6760f7226ea27c30c1673b67	4925138cd1344570e706a6806a8aa3c88201cc49afd2a15362c7018365bd2563
CP2220.md	46000cd75e2303bc1cdd401f010dbca96aa81b340ca90a5b9f72895131994d56	bb47adeefcea5f8f2f8074bd05a0cbdcd41db7a16ce22a4e1241d4affcbf48c8
CP2221.md	7ea6ff888ec4083407b930f3d936921df44b5c6635f8a4218a6b921c113c8019	2ff5532cee3f67670cb824c85a4767b6f93f0651c26403c78a54f12eacddff96
CP2222.md	25607c5905c210289d7a0a4522cb46117dd869e80372af155f733a4ac7b391ed	b08f2d6956008615b0f0259378e606d6f573c91e50696f13d469787ea2920513
CP2223.md	c5a8c62a4b42735fe3220245e441a0ef80ba246b941ae69ee5640f1cf2c2920e	7806f1e050e2c963b0b9b21c27e8fada7b33d53ffea11503d25306e5da9fb344
CP2224.md	c46fd384bd4bab632a16f320afc4c297e95ddddc96457e04fc2e69737255a53d	8c7476ccc99660b7bde15ed6e14dae3cc576cc538ccc38d23af9828017cc7c2d
CP2225.md	7777e22f5f8238f1caef8926d30a8e13979f97e1229bff83435f9e4d7b8e0e13	4f743c7246719790b6add909291c5b8151e7aaf7d12a3da51a556a45a72d2fcb
CP2226.md	2b38f6d225770a087630435d6f71bcc037e90caf3d334b93b1b54c3c932ef77b	e1920a9deaa15df062211a25ebadcaf6af7fc993cbbf2744477db8d0e6a08f3b
CP2227.md	4f593f068c1223c24c26d4ee9ec86b06515d730b3eba3e579ce48b6e6041303b	ef951adc8f0ac458352b0ccfa6c3a204fd3fb016d4505c09adf11cb078dd8919
CP2228.md	e4370f262ebc6d3eb1389ad2ee1dd6aa6ffdbe0fd874cae234631a99c7475f8e	b75e6f755628361111a28e1eaaac78227195baab77be301453b096e3bef17e71
CP2230.md	5455c54fa2522588638224d5b397bb2db8e4aa5a3fd0472a2b5ec9fccba8f791	d8e6562df88d2ed4d0c0cf58dd1574188c87b6b4556163d1f568e9abf0ae8ef6
CP2231.md	6cad06c4b4670ccbee11a05809da7927660686c6982045e4cdf6bc1b8642aa5a	83e6b26aee3a8da85232031ba67d0bef0ba000b130a58cfbf2022904b058fb26
CP2232.md	fe06f0b0a120c00428db59766d2ac03557934dacbf60fc03bfc86f8636b9a6db	03b43a75a7407c2e84d6a7d742f71ae8e8550888acf6886a0a3fee53729bbfb6
CP2233.md	b03982cf7709448d159130bf0bd70a68c059cb4e6586cca9eb6729d1855d8b07	fa6e56c32fe7325801364fd555197dee4307502fbed15525e3b288b240755d42
CP2234.md	4b364c6a29270f4b6ed82e53261b4a880294ad926fa0bdf81ece12213f39c94c	85efd082204cf9a65069caa6cff574ad27fd42f9b1c803e39b41e93c858fe2a6
CP2235.md	f0907db160d4ff890404226b56d1ee8b2d546fa8faa91239d222fe9dbcc4298c	512d16852509a0f69149019ce41243b15bb8dec641c8491b2c27a9477ba2df65
CP2236.md	a5d3cbe56fd413bd104980e6270f9a853a5bd5e79ea2b9bd74fb2ef6fde48ee0	ecc15436d521b7b15f2828fdb4e32c6d9e4a9c4b69f19cb223d7abfc7659295a
CP2237.md	92f9a0a9c10112ed073f4c3d075a2ab93bc1fa664c56534b3523a47a3e83c9ee	4377e207f53266defb649b56f32c12cbcbd9fb9240a93f91a641f1903c60d9d4
CP2238.md	ddfe97d796499635f94be3bb352a296fdaaa7d65248f8594d580feafb0199f48	9b4503fb256c65c03aad97f414d23f052deb5737f8c1fa451d38def2a309b871
CP2239.md	d03b8bcf80f2b97cad2fc4053606d9303aee449295a28b4101dd376dac85d774	535fcea7e72e68c1269f8b31eccb628bf4cbee0bec16a555cbaba9369796045f
CP2240.md	8c05a555e319814e98e01752f58eb215fc13af1b831ab532e3bd52e23fe19d7b	54091aeff777678bf848ed185d3fdf4191dee43ea78a9591391e6837c8cc5ba3
CP2241.md	72d784913366b9ee33747aaa0937314b9e8c99af0a5cad41fe46d3e01a3c7961	615cad4271631bb449075fa8b1380e9d98f467482834f79a92a69273d9c23434
CP2242.md	652de99702c4d18163514fd65f28c9bb458aedb2525a6a71600f6591615b6944	8ee41160cbc7a2ff9374081da9a2ed5de696807004b258acf4b0bc3e5fe0d89c
CP2243.md	1d65866d1a8d38f64b886af90f2dcf5dfe33a22f156129fa8237d3c2fe812ba6	15db705a5acaee1506e171d69d6ef58329186e08a9ba282bd22fa83c071c3d50
CP2244.md	cf66e0fbfb137e46e88c10f02fa961f8c0b183905a64b02eda025cbca46b3579	048146760061465bc43d340fba71020fc64fb16b728cc249d9e3dc5f2827b124
CP2245.md	492d23b48009014360e0005178560af202c07b74f0d2a2e40545ff9a83004ab8	f738017c2e8b18da5d01fd500b4813b18cbbfddd1bdfc9f992fabe771cf6113d
CP2246.md	30e31869977b170ca9b7ead97bdcf564a753e381ab2d9d9a6cfbceb4c26fc5f0	6607c7a85ac303082b700aa3336e808ae73f8f2f99c499cdae49cfa17146430d
CP2247.md	e0f42cd917d4915704d068aa9c133d8a415ef1854dcac30dc756154b2c212274	37ea220bbe8d1ceb90596d1d6b5949ac62522005113d6b0eed777e404a5792ee
CP2248.md	8a5191bee0ff1d84859f294ad2fbf10296766c9c5150d6c45f7898f5fcbac851	4478802971c971b8821aa97cdbcbc3206ac32567d618f9cc819ffb5e41138bf7
CP2249.md	760eaff581ccfd8aa3bd60dd1e81974c91a0cee38414ad8a13fdac4456a71b64	e1e14e70d60a1226fbf29fab175a55126a9dc318e3824f3e4c6c5a1e0b1173b8
CP2250.md	a2424c299bcd1835a6cc2effcbaccac6af65f3020793e73e93256f88b7d00fd3	1e055653ba92bb5195814ca6fc313506ca4acdc63fbb95f2a482ee85c2b8053d
CP2251.md	227f227f303acd25624cb6df5e8984490661447ebbda33c385208f60546275db	53cf34287a1c0118b3152ec9daa949b55b821c62d60a100c169234094aa601ce
CP2252.md	42b655ccf3fbd66bc798bbdbdf07c56b8b670425ef51404c7dcb1637f8fa1e8f	7bc5c07edcfed7689ac3d21d9d8cf2c02848f8ea52835734951c35f1e2c4f8ab
CP2253.md	c61d412e5fd34246d8c9ab56a21e342c5758f5531189afa83b4aa003b148491f	c937c2cd0837f457081a776d2456be9485c8efa0ca0e7dd8a9b1f6da58ec39b0
CP2254.md	10c13b6dd6a70d7506e02bc0a6a267d0f25999852d909be4b89420424f19e53e	3512daaa66fa27a9ebf5c64be68ba4766860dcc2a3b1c893a2d084fd1d00a724
CP2255.md	ee437cbfb9029bab7ea85fdb62c852792c6904df4a8062a4fefb4b6d781f5d21	06600fa82d063cd7bf539824fa076cd02ecf20013d28d159f340e1aa8ba24bff
CP2257.md	4b98ba46438666d9d389bb5986670485454688bd0d2fcf0e10c8cb41bcc84174	96f32a55237f2e0b8a36f350a993f9b66038069a3ea1d854136f9fedb0be437f
CP2258.md	b1b3e066851404993d3358dcf98399a0100c43b2d89dbc03d5703d35c0eb7d9d	59d57211aab9add82e4c38220e36ca11b1204e98264abbd58c345cb102edf861
CP2259.md	3ab32d9a94af4c8ea4c4f0f3f6cc141918c6810a5841abc7b41278e04f31eb0f	cd85cc6d3e37c4ca6ef2a0e618da9da7a9b9a4536a6af21fe75d075b57d1b824
CP2260.md	38de007e7ae1109ef0b111b88d69114a5ef14855a9835ad1fc16596dc4c5c8ee	b4f9fb1a9f8db59d5ed92854624789f301a510151a947e860208de58b0694610
CP2261.md	db75d3cd494935d31fe466a4169657c69da840aa0a9ada6399b1b59aa8ac801f	d7999a2ea48d0d1fb2bfffafc6963145758c629cf09262b7518cd95bcb111535
CP2262.md	bfaa7fc424fed21779340494fef5c4c864e4f64df7d79505d63e040f77fde80e	08e411d756f41169fb1c40e776dfda71264d4fc8be2ed45339994b8f02f20507
CP2263.md	54022e7f6e267959ae3e8da5ed19b35106e2df35f57534f8e9b1c7d648dfd1bf	813f284e67335744e58f3a1f885f58ceadcb9a97dbcb447ec5be9f6491e1b54d
CP2264.md	af54d48856ef8308407984516c8c621476489d37ed6b764b822eae8e86774a08	df145fdb177b6e1cd1efaf39e126cd45165f81f1e73076766deb119f71fe023a
CP2265.md	4b0d04212d089a7f984617e8e3e24b74caf0a5ab2af12f241e94ecb82a0b83cf	43ecb641a50e8c3174445d8f85d3992d20822e135eae6cbc56e6ae00a38720ce
CP2266.md	753bfeb20ff8cecc25a3971871676190982cf3fbd83e75383a1bd713188caf69	75cbc5520b89f7bab7d4fc6c3bab87804cfc9937645aec4a5b018bb5ca07c3c0
CP2267.md	d73f58edd7343e295c5122fbbbf0df8946d62f18f5dad8f900d77be61b016640	39b80c4adf887b8ca79b256da167442cec0a7fd592987bd99c6dde83fd4e4935
CP2268.md	64e96b0e8fc963afbaf7d534a600ea1083d5cbbc3b9ec4defc8eaa1807548645	86a6bc657446ff2608cd80f9496cc858f1b6b39626e016a0a878da057e8235cd
CP2269.md	d1b1102280e75ae2fbd23810a6a602b1083fe9ab1dc231f77de1668c66e21754	1ab910f0d8f8955f5e2be8c9691060583b52dc23a76835603ac40305569dc62b
CP2270.md	1cd37816f81c74e33b0965d704f0eaec9126bc8cf18bd2801129c8f18b71494d	51978c728c2e4dad59896c70ab9edfd264e6cf94d1cc1d814d66478a85b77506
CP2271.md	596054903270ed47dfc6dcc39375236bc9c26d5d00ffa1c679a573d96c1cd2fd	35551678577222b4c6a47ed33ebd72217bd1c9be8a3ff702ffba760d07042859
CP2272.md	01b702db51dec62488dd09dba08e95568731940f3198118c6b4dc77f08328d4f	577936383fed5233e44bd1af4d0da97b81a238e0ad7257229cdbd67dc0837870
CP2273.md	518ce7a603b487f79f471bff9db58ce5c2323cbb610bbd496314c41feb6fc8c8	d1e2d1d67270f292098762c60cd35c12b7751e3e4129fba74c621d72fa32e58c
CP2274.md	cd4fda5ff9b09d4b35a089e237b83bd5fe516ae53e32e233aa660142ed190943	6c1b99e40d7612bbf484c847a8968b1a5ba0b90223a49eb4fcddcc125ccc5a46
CP2275.md	28586d57225f48b621ca2733d22877c4db30a6578dba0beb6a10eeaf37e1d77a	5a49e8dff3ecfddfb21605e9472c910d0e055955ff69591b444bd41628e7828e
CP2276.md	04864a5da7547e90d83eb8b46e72a16185016401139cb018d7e0da703eca492e	6c232598244eaf0c6b42664b16e05e32ac577ac60dff18bc6da740f6b7f7e16b
CP2277.md	3a81f43ad4349d5a569323233c59e1a2b7aa0e25b94afe258bcd180840b502fb	a0f0dca13e6bf559a0d25ab0257cebcddb577f911b311c98196da2a83fbf221a
CP2278.md	cbe6f7314fc82913cb7839407fbf9c693344680ffe61637d58d2f6e4eace6536	16ed8cb0c62aba29ca0c0d1ad7f34286e1f76c8c182c1782f2437f80b4d2f9b8
CP2279.md	d818161a19b232ddbd628ae5a4a4b5c6e138ebcadc1558f36c8d30a00fd19eba	776693c549d92d23fbc9292ff87128ed656a8a4ef26737c773dff7e2bf5b68ce
CP2280.md	6f1c9927b700e084783f3f7c94458dd12a09a4ee4e0bc2e5ac7e736890e38f22	e2bff4b0b18dbe27a0d3b6f5ab9a9eba9f45ff95cbf9e547c16474580e8ccc70
CP2281.md	7dc38586517d78e33f47e4765fced63db51f22ee9ce052039b9fa4636b043dc7	23bf0be30ae6b5c63d08a660ad390632a6fbae9022f71908dc3b64c4c62d1d59
CP2282.md	fb579dd72239131cf0925b2a71ba997199ad190ccaf88ad35c675b2dac30ed34	e0c274b6436802a0f8be2e573238fc8cd6725fd97ea6b06ee231ce1d2417cb54
CP2283.md	c8eeb4e647f2d435908fb20ea83b22534bff0e9598b832cf9538a2b175d83f76	cceb5a50110a23ca81c964cc891d266d8da3aaaef1253f3ac1ec49e2d8dcdc79
CP2284.md	24fcd84884ef400f4633385f433b4a999956916a772d01424f3019cbf92d058e	0dfdd72f7697bbe8055b2b29008ac2e854d1cc17ff393cba8638ab5dfed50bcf
CP2285.md	0ba044baa4d3a7bf3af3144017e7e810d88b43d9dd5fdc685428d2f97a2930a2	61836156289211fb9ce4eb3ecb89b8c693aad2a963b11165e77834823157de7c
CP2286.md	30cd40c4c7e006c8a45739bfd687400802e0ec479655c97ef8d343103fe71a18	5898d8e2b23e37b901817b14b1f0803e0c72859bc26063c1565c51599652160b
CP2287.md	04f6b0b85c733a02088d467bfda30412157c1c5be121a8fb353cf0e2925a6220	d91a4b4652efe56ad420feb0ef0a18d0aa432d07fe827834a0f3800354f7717c
CP2288.md	1c60cec555b880a9c48365107f492c5847a8254a4cff164ac17dabd630ffc9ce	e13fb903b55eef9425daf1dab0a9ce0cb8f0239c5c9e4a3f82f141d05ac12fc0
CP2289.md	02e0622af8b57d94c8bd3ea771d5d15d332bc99e19e14c828fb4497d7c43b28a	7878641d3ca8587cd2574914092ee746c307b0c447d09252ae260a933ddf3148
CP2290.md	57682ce921aa98022c53fbc7fb8e2233abcea38dbdd39951a95f05c83880521b	9939f0f72ab04822c6a92d0b6cce7a1b37d85a64696f92c662bb2d3996092ffa
CP2291.md	12b7fc5b2b9028171d2e5e8cf26a6901bd8f4292600d4bccdca8b82b9a3a4d3d	798a32f105be3725579ffdd7b47dd8179bd436ec00869e9990bf4fe9ac98e6ae
CP2292.md	7ebb53e723053c832bb06dac73017d751bfa4ad3d564ad2e1b56e3409c771197	3dca07e58ec323eb6cf22c4c75876df666f782c21350979f2ef193d9daf2146b
CP2293.md	932a2132a38b60927ff5dd9d739f96870e631fb074c61f186cdec9809779ce32	31fa21bfdd51f209c193bdee8ab15e78015a3d7fc1152c82832a098020505fbc
CP2294.md	7ca74004e0c6ec10c89cab33fb6416830804cd33a80fcac8f1f991752517cea4	d10cf7ddd83964d0a6da8a67c39ffabb61a085b23424d36c724e447c991241d8
CP2295.md	5fcff3f72ff770e9683f2a793c786fd70929e44c7a326471e3b3f61dbd92fbac	98ee797d522f65c24746ec95a3f64079814fc242a3b50c54cc8f7eeee754f12e
CP2296.md	64149c6d6a0f1ba737c9c846305899ad546cc349eed4a29536d92e7beaf3d933	c19171616a3d0d458628b9facc99452d80c365ef6077e6b22065a029d5c43074
CP2297.md	455f8221c02c13a751852b5b6a0d78f149ff82b7fb63c12963d1fe68f230c277	58e3b0ee3e01e3bac3f580b542d6e811231194df391be69e8c49b6b1a9af302f
CP2298.md	a5d59f32a1febf1ec1653307efeea7eaabcd92884c4fc79a88ef280d9f035f8f	f1e3887bd885225fa81d83f032bc4f094746a68490af5f1e8caf71b24c53e9c3
CP2299.md	7c173c83389e6cfb994777890d01aa897a64452062a6b0797e1e2cbee697f082	63bc6279d28d7340c18dc4a710d65c76dd634b5ffce9e8cbb8ecf67884fa18f1
CP2300.md	1fbdf7ef74634b9471360f039a3977634f58d5e98e595ded409e839102f38e2c	2eb063e8387a29bd55122915fb87d5ecdfbae305592d1eb2d92e4e5df17c2ea3
CP2301.md	52fdef3fc2f46f794c6e327c0b238b998031797bcdd98d5368b411f7fba355ca	f5a0d03c71348262ed84fdba5ff7f869af84d17860b6a1d91abe777ada96f537
CP2302.md	41a881acaf2bc3541cbfc13e092087adf4ab1895f38f719acd6b93c0f6573eca	6fd66de35a8a600b340930580c70ba285b3035f0ab98847e2aaef83307935def
CP2303.md	663f3466556d774cbbfed5faef3330cbdbdc8ec9ff33919b2e872fdd491a4fa4	1f23a8d5967f14db04182c53cbac39627e6590bd45368f644d2348e413d2ae25
CP2304.md	3077ced6cf30b01b82f251d6b2a5ca43e4446930cbdcb8130e618623180c6589	81a0db605f75e925ae75d6e9865913e0ee642e109aba57cc15c1bf09791b6013
CP2305.md	bd40f56bc98876e9ce45b8a7bd10ee51ffce89dd30eb3e61fee53ea20b80e6df	f9c4ed436b2845d32bc9068419de959726ed2a98396b80c2d4ea3174f91aa702
CP2306.md	6ce4fe9ad21663dd1e328d341019639b99068a3720e8ceb1fef7ddfbe183373d	cfaabba07bbb8b820db7b1435c895c6dcfb50bf3e8bf6e16bdb80ba59c7e1054
CP2307.md	af9cdb3b9a3fe194886fbaefb76149ad638450d99fc39cf3c14f67b8382b0787	a5a05820e03d96bd782a8fb29e1266aefaf9020c3e4fc9f4fc85bc2a91500cb7
CP2308.md	67e6361fdf473501ca9d38952372316df3c3da8c22da0ec85d04841d03ba9e4b	77e21d88e0ceb3c0099d5eda5b8ba284d9f1f424f2bd214a6719cf34b0585747
CP2309.md	6a08de90108739ab7c31df72d90a60717c6b7a62550e93630bd58729c5ed4622	2164258626c58bdc883d6fde1df73110fe8ee2428d07c500b9537ae60c41fea9
CP2310.md	f0da3ad7fc0dcb8da7a6538901594e1dddace77d42395289286af4edf0f0bd53	b50882b8932f9cdf0894af192d4826294008467a32446ed8f2f160a8294e97fc
CP2311.md	ab6bbc8d1ea95a9ab66f926ff6a5e49dcbd155dc9559c7e1b9d33829bea529c6	8e6c38ced519c80349e3242b225a646c76dc00b48acb21535965c4f8c1492615
CP2312.md	5dd52ce6fc9c57dc56a4d32f0c41369b11f9d449174ab145345ecef85046a078	1e2710bf0fde5443f848af8e0ee182dfe6d518834f1279fea15472f64a1fd0f4
CP2313.md	5e977cfae11fd3c0eb395330175f3db167fd2b27e75f40fc3d1f9a1b3ebd4944	8d18749201c37f7f712caede1f8d3ebdd2c2f9127466c81dc9d05366c9c3359a
CP2314.md	842c8ae15e16186b03b0ad50f16146a1c289e2c16984cddfd086db28c0a69df5	70ba1405969e0bc34fd66b2ae97b6750a59c6ee7a29e8ec54078f0f478009e30
CP2315.md	c44d771d91247a473f0c1effb944074543bb653c359db685dbd3ed152254df1d	9b284702761f6d9bc8bfab0ff57f154806d37c3ae08fcfd9d2979ef7bcf9b6df
CP2316.md	8fa796b8f68278124bcaf3e03968f05a8e37085d7d42380b3e03a75f6818bff9	9a38a4fdaf490a53a1977af8d2dc92962436f631e55725c7aad6063ce750d395
CP2317.md	d56f631f49b108fb585134c9d28a24848f3eea0b838c0243d689e0355790cc84	2c7561798efe7b1d2f5ea58da7eed524e8b3e0f29388b2f86d0a24c9f6cbe282
CP2318.md	feae00d2d35e9b414b7546ce48973d70113cd246d152d71c170a0cfa740214b9	c5fb4e076ea0ae582a70b77371951ca379278bdda3c79a9c11fbf2598047a473
CP2319.md	10f196e08d1a98545a709b3320730e8873f8d49a916975b069f633e1b7a23b08	8bad8f599321db4876ce2307935e00e2fac4c95f99fa80e1884bd4572b64d857
CP2320.md	77cb951967ef729ca53a94573d630ffe9eec5ababac1c1091d316f42bee1cc65	018cc584ba202d37121e98d42c4749bfcbd0951de1eef7bce3e62241fe12d1b9
CP2321.md	af9faacb20b3c17ea9ec373e7d3d1f999cfee956f1e7540bf58d2ba0fc5120f4	3aee8ce0968ecc494111bb9de9291e5256861af921bf5247a82d7b866c2505be
CP2322.md	00fc5292c53c78ad34ac44f757b9f7c3919be86ddf7377b21b193dbc7c87f316	c3f7903309306680b114e3510787a8a30a9433862cd6d6b99d61495377c20735
CP2323.md	b24586868d1bb6b1a97610ccad98f6946d270c922ed4de14b777a242648a61e1	671dd3d06551f84ddbb9618d216590a208bb0c05819e55db7ee6733d3012eed6
CP2324.md	6dc5ae7aadea7c0d4c58901093139473fd91c7492b883ae1c812adbf153cccaf	cef5442fabaee2a1b0ae1dae7266ce0d4e6d982423a3933c24bd865ff1dd6660
CP2325.md	6738ae69f8654c5d3d46f9f47463baf193269202835fb29355b501b697e86c64	0a90a735db35496c82d6e053cc9b9ec2c4a0e7a38f0fc94beb918559790301d2
CP2326.md	8303a006cb6eabed60c71460d8427c3217ac195986141ecfcaa7abc251d938fd	257c72b5b3fa93259239070076eed5ae4bab9bd5021bb3ae38822e8d9d68a049
CP2327.md	a045b916b8834cc878e9281f23748ff34dfadcd5c9bf924f138651619aee39e5	4d00d80328c495de0546653aa97698891b6c13dcbb46ff0dfa34729e6223df43
CP2328.md	df3203dfb8b0820047de3a9d22284b2fa251b439b635f365c7b42cb9808a8eed	4f6114a1ed13b4092ec6b59256e564d45eacc1b6db5a30f9b130915cd2e11b7c
CP2329.md	e9313c5c10c9e9d474a2562e17da1199a5a18084e1338c4f8473d139790661d8	88a9aa8c2b920dbf8c0ef47855a5d40bd16e96c8d5c88aae730392224ee8e58d
CP2330.md	265f2c72840c72939c595d7efc4f5f6c855ef27a8cf4a7dd500bb01674184006	efd3f68b5750fc2178dbc3f2cbe1fec4adbd379b06fd4b6abc8d268a58fcab14
CP2331.md	fe049c314be81dd604632c54682e4ea9b2bd12e464f4b982ad0c2d8981f29169	246e220319f9b186a5dc2199231b61f4fd2feed4391e3070b843d50141e22352
CP2332.md	8230a65a5037a32acbddd32e1e66a29e38562e4b397f6ce87c0685bfdb568b20	3eb7e3345452470e0e7acd3d5bfee4bfd83cc11089b622a91babd6b4d5f53f65
CP2333.md	3c05b2f903a8c7eb512de4532a75eb4cd749ff4799421f00603a060b6ab79063	85b1467a51dbb885a30d6cd52898e22e572e97d15f55930f2faf689a3044f7a2
CP2334.md	ae86d8997b2beb7feb65b7b668790b65fd53fe042a5737764c870111f765a27a	151c8f0d3ae23ef905f00f19a19f3f7158274b685bc72b63e6295fde43d236ee
CP2335.md	343239ed2dfedf46f872dcacb1bcd1fb921e4b42615ede805e5e1a9752d83896	4b3ef80381bbcbefaacc57e4ff3806f9a07d0ad46eb70da267850d830b3fedd8
CP2336.md	4445aa98ed8c55602fba7e62ccfb2f1203f2e37de79fde6a95afe50d20b5db72	3d08c59f129c4b4db32d72cdc4eba4026eceaa9e7b7e9b7a57aa44721ca6b49c
CP2337.md	004cd0d5d236cdbd08a192bcc7d218b3735c728db1c834bbdca7a5c4a7f6a011	8426547eb3580ac39f87b2b375c224e12f100be2d652ad797956d1af706690f1
CP2338.md	f1a916c6211ff261d2aa6a7d44e64928f4efa84721d957b5ead710816fb8c8b2	125d88955b25c096f7c68d5e3e75cc3140f0f90e243fbf2d9ea5288f346662bc
CP2339.md	8e22edb61ceba157b687943c59ab13e43c9eab49d0749e00a09f73c0f8089c08	eea4b6ca0fe8894052cef948aec950da835a04eb51d2aef51086a36aad3aa32d
CP2340.md	e6b4aff7eff0ad0798f74e98552347520489f11f2d895d33bb8e1e671075f5ff	5f4842d5c81d542a67d6a5f95b0c718354468e894725ab89459f9875b90bd750
CP2341.md	82ab648137561396ed3ad9592e338862211d10fa814eb5d6b60929a3b5b6b980	26ec7a7b5dde370780533dd15f19a4bfd76cd342e97e97b655547db9a0829128
CP2342.md	e203839638bae0cf66c514390f7ea556fcb1183c7b6d8e4223ca80fcf49764dd	4ea8917c4b422d67bbba0f24f57357c4d4f088e5d73e03a6882dd9a8c522319f
CP2343.md	53bcec04f84c4c02094527b01368c0e0dfb9c205b5c32cbe724224d854a9a1a8	02e6c510df09391df547fda69e803205e9810da1ff7e5b909e5e885c26ad9643
CP2344.md	e29ce141066dd931e923d4eeba906ea848656e9b36b00a3e12f0eb06962c8cc0	d2ad6acae68c18aada5feb21cae37dd24a5d69fd7076a21c070a11d7281c7ba5
CP2345.md	7f404da9d376a3de9c985774505aab903dace57905471e1fb27b39b592a1d8e5	cdb3d75b8ba3a262ff9e5a12d99dda8d719c82b081568f7422c8eee86865b2e4
CP2346.md	9913c5805bbf03922f42f1932a3bed98fa04ac20c509c3e83d0659d4ac5e5de6	6d64d27ea90adb154a5d572d9201271093a882b7113a3862143334883c492ffc
CP2347.md	d651120e56c34668648fb44f22c38d0ee65fb323301abf8165afa3305b007fb8	efe6e44b7e70b307e44c549ec8ac5467da3630ddfd7e5e908e6bbd9a236f3c89
CP2348.md	e861ef6d6685339b1cac1af0d50accb1b76bb7c5f4f9ab377714f59dc22add7d	23af7dbc51cc1dbfd2f28891ab7d53d525e5f64087518500000fdebad1d5d303
CP2349.md	715ea9f9a2467d4a09dc181ea70b208edd4a42dc3205d022fd642a77678f36f8	393821942b32029ebbe930434b02e8f4e1bc4268156d88081a5105d761df8127
CP2350.md	f91afc88a984c576341b83b9dcc3c8f8cd5f12cf5c5319ebac420ae0d740cfc7	2a6a1aa4ab67bf06608298e521957c0fcec9bc332fdc20db49dbeceba686f90c
CP2351.md	e1a96cd388a5a880f87fe5630f6441f65230489f9ff5e92f330d240b874b04b2	386a119c5ca459116ed9a6c84cc7129f0fa69a677881c8e8605ee6505137ba12
CP2352.md	6b1c8c89b02aab71ef83c6025c589ba04e168cf04c43a57d3ec500882c9db64b	45583e4ea5c93d4117753e3cfd5d409cd094659873ccbad2579156c01fb15e4f
CP2353.md	4eaeae8272c3d7aa8a51dd125c7b526233a0f9837e4c03e576c47024b5251f67	74e5c2a3bf144940f325890ef83ad5879d5e8d950cb494810ae54303bd582c1b
CP2354.md	b4b973dd48f61459ccdeb7374d9a1643198dee9656be380c08ea02bd99f5b0f8	dcac6d7ac251cf7c0b76a272362119e07d8efeb5cd7e5a67a3eccd972604aa66
CP2355.md	47c5bd044b0a0795139821bd7a575531bee4ee7f15a02aaf397d179ad2042c6f	dbd678b946efb0e9747078f7a696d184794d4b76ce03046b07722ed083b44088
CP2356.md	eb9b1f6f669fed73ed56a353c7ace9079ca4cc3736e1fd6d6cb6b93c91edc047	e8ae772106f826666f85de6a314f4fde5b9e0ec1c65f436bc03de3db46e7976d
CP2357.md	9900400f36c60a8a62f096b4213994094aff189520d93ea5fd4b40e102959689	1443df0ed723df5c07a9888827910984a372b73cf77ae550e2025131d2ceeec2
CP2358.md	b9137ce0f09560dc9dcc50ba332707f1663a0d0502895b272662342c644cd952	e1474b74a7bc8faf4a1f9934c862d7196f1674af5314f931dd718ff670b5929d
CP2359.md	c6b3d1b23cb2ad591ae31c779430edadc10edca0cc9f3bb958a6b999176a0079	1f0a595569d9096f0aba7839985069845b1161c60871c21f7403997f122f20c6
CP2360.md	c1c6116bb05a901494c9659b40019a628c01a4bf86c99373390cd62d8398f643	abc940a3e626dc02b69ecb09f264fc103da81d328e89cc9e159a32486d4ad1f6
CP2361.md	06e8dcceb0f21f8ae69e0bd8ed6cc61d7ae65c230d37e798db4fde8f4cf697b7	783dbf9082eb150baacc92f053baeb78ab0d3c0de50ef07aa8e2cb0ae86b9e3e
CP2362.md	362b86ed3faa211d68276d7efff3441e2f5740e983062bf61ab14804c0a4d954	51199c20ac7bce1c0fc07399ba475e37ea933feaf56e39a04e4c242651bda6fa
CP2363.md	799e8002ee97fdd46371f73b417d49397d5064790b8da5a5e6e9f5752b2d743f	0dbfd51b6fe5b2bbda8f5b3c6dd9873e2b7a72a8bc16ecc879ecdd33ce70ac76
CP2364.md	3fbe1eb0dd98064498d207e12c74c5d1a10b1881c16e53519ea4e758f440336e	a39cc6fa19b275724f0041117bd77fd82117742f87b24954890b09da54dddb97
CP2365.md	3371b5d0d9c6581fb10bf2e1fc4b9d09ec0188786fd2862a09eb96a3f11442e8	44c92ddfd4f1447a98f90c4ece47c033d2811cbf7ddecfc1d2f4b753cc801e66
CP2366.md	cfd744cd03cbcf6fc12037b5e2bdfc3cf63bccb5797888e8567d1311989bac11	c97c041ea76422eaa1e80d16025de66fae767c37872def3c85fdaef40e707d85
CP2367.md	1bf9634616df9df29aa9828f57bb3142c09ae7e167eac87f20da5133eb052038	aa3dd9c049776ce1a573e67fd1aa3d82c72ca7db943af05f170242f1486105b1
CP2368.md	436d34d34798c1a3cc1cd1a6afcc24530ca419e67b0edb2dd450be000183cef1	5dfb03d6bb23cdd4f41d6f485407467e6546b9d62aae1393ba9365e960d70a42
CP2369.md	770fe0836f5505111c2bac6633a19c99eed8a75fb24349212c6034b477024f09	436c77a58f072f06283173d2b71aa0d9b8d812360cd44c79ec74081426c3a10d
CP2370.md	1a811f755d947da1b4e7010525e9c7c7bc53910ece149c1704762fbf16f33cea	1806b289d70efda1c7a5a1da0c8090554a00fa87b487a6457b69f0cb372bb12e
CP2371.md	e91bd37b4cf06441807cfae9c2bda4530c4820cb59dbb60da098d190b86c11cb	facc2ce3b29b45476a50345e7145fc8f5fc82f02f45bd8842df1af4eb804f074
CP2372.md	a4464414417d4a8a026c1efb0d4cf414ef1d21ef0dfc72f0c15c39a8d907ec6d	eea071478eecc8553ea32525f364bc999afbfa92b2421ea3c7ae96b1023d1052
CP2373.md	b8c22b48d3dcbd7c3e305f18f2635baffee24ae35fbf84deb5d220a606990f06	ebb07bcf8440c0c229c2316b2cb1c30fc3996d10ef43ca9c5288d6504c8bc512
CP2374.md	147fdb08728a92f294018f2bd51c6f95e597e9d84b951acbb44a003f8565dbc0	1e0b06a609f78328cd5f610177c8657434e0679dde00b7582da84b98a8cf75f1
CP2375.md	ca8d8b3e84329a82eb9a5d398d75638cdaf46ac7c88bce93530d2725b5a2d9c5	93d0f54a214c9b80db2e3836babc0552fa935531daf781fa91ef5938499ab819
CP2376.md	2de88896eb147891532ab59368c96fa91ac2c70d31d8d66578482856e73f0778	284dfc3ccb2dbe0c8a56859431589dcfd1e7526198be1009c2fa655a100837b6
CP2377.md	9ec68743e6b62937ba8196624aff2787815480e5dd1cf6c7bd53734021d8dbe2	c34d81dd5eacc4e147ac6fea2d6c6857f60c1630c14f163345e99f2d02a8f0da
CP2378.md	f4ac2f6b6875513b8bb759dab84a7bb75a2fe306a189a80209c6a5fa82edc8be	5d1f29126ca85c744b4e015a994f8c200fe963750837f0506c4a4712e49d11f2
CP2379.md	4ad4055058b2f6221a41c8886084f7cb5a6006171ae121b0255a6a9220afa103	128b73d0ed456ea6345bcdfcb966952eca5861af7f7075a1b5537f042d2bd228
CP2380.md	ac6e77f0829be7460351c0a959a745b2501a0fcaf9af2d60d5147f43e8afb480	eaf3ca678407c58ce8082b462046801aa06d96613276e07baa8d586b9af5688f
CP2381.md	def84d9d07f92d74f45fc5bb650e4812502f977aa84f402c1b4b7cb5590ca62c	f203ac3d09c64fdd0df780de8b2a045a37c156f2301913238c3ae2a01b32cbdd
CP2382.md	903cce86257f35cf22987c89a0cfe5f82a344ebf1133fea160a5c4080b88048b	c5b505f1a798698bd657c969224e8f494307911a4c3e5da05593bab69ad185ac
CP2383.md	a56756bd59c3a6a3536beb0487942f32924118f4c8e41d824bb64361b07176bf	bbc64303f411306006d7604dcbc0e0b0bccc68fd0ec50748f8249e387b611680
CP2384.md	2c6033f8d2e4de82fc499ffda42e64cccb43de6fa1b946e9bb1b24ee63f6894a	397e2bd2b7bd01649da7c611f8d6b34f37eadbe4c956bce229ce696255ff2e12
CP2385.md	b16d2c2b945e49045000de1c70b78016b64121ee38a1e7e484ffd1bc1930ac0e	74a1b801894a6bba7600319cae24d53617846e36cdb700d27fc9bfb4118127c7
CP2386.md	2d4dce678cde0d2e5bd4dd511791077a71333b86de590b69fea5ca9a3ad7f054	b1f1fd6be2f830c8faac324698dc3b0e9511c815feded3443da541af1b989551
CP2387.md	b65c2c7cf6112ec60f4bf9b652834ba2855a258d4c6fc475d12c87a1484a64d1	57a4458835e5cbe58961a962887493093ecb514edf3d295fc4264eee5dc6b216
CP2388.md	06b192394983f8b73deaa839143df743fad891a84dc008af9e4cd6f04b6c4666	3404cfec8099e46dfd6913dac6db7e8a9f9fe7500e468160f0e7a8034e2d4e62
CP2389.md	21920f31ff07f0ab21c1d90cc842cc13d22f8dee991c23882bc061cef6705798	d26ba3dc339841c900c7454c7e9b86f5c87f8ff4feba8b4e082f44c32965ecfa
CP2390.md	a2c268e0c81eccb46c0988d2b6c22c03c85b1a75072d9b89cf3d0a68f119750a	a796833f01214460b8882c713ea3968a8cb19c8681fe26b38669f2d82d1cab16
CP2391.md	6daa27d90903d0aa432e9da9af3b2ac826f983097a8a19ba3e86fda2c887931c	26c574615ecfe99085d66f1ac4df44a1282620314ae5a2d9465c9b55ed497349
CP2392.md	374444f843f596e1dc19c15f80d37bb8abc8fabde9dedafe3b594e5f1c3cdb11	954f32780bedd4359ccf9acd88ed838739a68f77bdfafd467ee9da3e3d9a5333
CP2393.md	ae6554072c786aeae11800da0382fd44627bc7a6627a575c34b2dab626cb4ce4	3d589ec83275d287abe0cfdcdbe9a4d38f50f2a1cce29e978e6c9ed53ec3cdaf
CP2394.md	0f44dafcfa66d7e6d1a0d01fe2ee59afe6916de1ef329f55855ca9a2cd568d50	c2241852dfdc6729bc9432df7b3f026813340bbbd948ce5351daaf857123182b
CP2395.md	75dcd958f2c4aff14e40d42ed2ff61215468bfad934124a758296220afcc4e26	a43f5d9d9e10fea87fc3b8798d3d3f9557cdb9b096c84759ebd7f1f45505b363
CP2396.md	0eb5f1bf669ad4420e9f82562d08f28aa6f1b170e9e79f8e164b15f6c9e600a0	c96dfaec4a09d7cb62b95d2f01460ac6e634b58f4b2e972b005391b6ba37c6fe
CP2397.md	4879b28e77714ff91a67727f4d766c26bd2893f6b6e1a945190dc16fba3ec98c	580df643f1f3aa4df2156a6e4adbb4f8dbf01afee7f381e61f53961e3bc32430
CP2398.md	4f20aa5874d9d0395d1c6004df0c7914dc23e0bfb1a137a86c186fecc840312e	215bde95b933c949865757eaaf1cf159604c1b538c871d4f63ed80c6a6a70702
CP2399.md	593de676ef47b43f71725f3fd9c66a1aebc2986dc980b204b32052ef064f3321	0b1c5ac361fc3687e3732919deb420cf6ed2fe255b56684a52ea61b17b9ec3dc
CP2400.md	ae28feb4374c7384ded221558ae7aab6ec3e3641dc6c609fd18b21f564ff9bff	39f8482379bcf55bf09e31a3a0d135cd6a04355c89dd68289daf7aeac1412bfb
CP2401.md	1e67538c494b48b4ce952f5f5e34b98e9a58c8584e880454305fcc3f0e4f7e7d	9b5658ab0d440cd033adf15f7ecf5439d4ed0edd0db9b2d246c730f5ac850552
CP2402.md	6ce60b3fd728f49c63aebade797e592ab9147c6648b8d95b9c63b08679e1c4f4	39476615641c1fda8a4f7d2deea0a6b51174dc0892f82a3a0cfc1088411d1e39
CP2403.md	51159c80603b1e01f5c7b1b32d259c0837300f955cbe3f71a0a39b16a431005d	37c6ec0f994a52f78f2d91ee1c644bdd79f18a76b2ff08faeeaab55eddfd887b
CP2404.md	1b628e4f8b83fe4be0c7979319a2512760100e84cdce5cfcfe9250567d1fab9f	604b20f5aa421c1de897100207593e289541ceb14f806c757499d308d6eec6f5
CP2405.md	63bb392897470f67668339b6f2fd2489603e4936c7f28dc0160d6c4a42998f19	7d543bd2e8da33bb64800efb77c8900d0d74db5ad64d32a6c6be8f75c93f7cba
CP2406.md	ef640da0e346cb7c108b8d7ec60d2840c561a41a0a4b5e49efa0315d95428dea	57aa251cbf6ea0078aaa905cb588f98578562fb024be1f3b15e7d119ff88aaed
CP2407.md	707de03b576cb6068905578a302cf96b4d283578092542de82bd4568b6ff3705	34e4f5d7646167296daaeebee4d70458999fb5f9899c0522e202999c803f96c4
CP2408.md	8fadd4682a3525f647274029594dfebd2c809c93f4cb7a0de28188a4638931bb	cd23002c4e2993522c6b9533cc1496311b82e1769552a6592bf9412f7708e2e4
CP2409.md	ae4fd117c5eef4d6f30fa177ee833bf2ccf8cbedc67606ed011534b4e614fe2e	af89c5c925f06471d037fc2ad4dc6b3196efa0617b3b03a3b2fe0d06a1bcc743
CP2410.md	2fea18f98f8d87e8a22d202d8427e4e9f754930cdc5e5d2ba0f550de04ed304f	ae807a4a9ca7f6639946420060eb1aceb077c7ff1c617a14bff899dda28f071c
CP2411.md	938f202591ac1e75a63283a5f4660b80411e3c64531914ee93b061f9cb417650	d458e9ee98cea35182b6b28569c8ab73828c782cbbeba521542f9870694ce21e
CP2412.md	98eb68632bbd92aa9fe854a0616002a914c34f551181b00f2765211698a21509	b7968ffa8b842541162dfaff7c7614c8428b3aa2fa792d1a22b4d9314bfb3d9d
CP2413.md	2f78227bae9d316bca9fa849a96781e99c8fdd8ec9530efb5b4598110be60a74	063846827466031e9f22a9bebfa51620ef28bf7656a636a6653d807b45721425
CP2414.md	45990ce6f1a6f9db9d0d90022738a7d0b8a1df9b6d42f10a6d7122e1390c0b1d	0376733741fcbbfbfe8ccbfbb744d7c32f8b60ccc20a80aca53e762bd6febcea
CP2415.md	5063a1ae260b08d86931ffe030ac0059440ab711c9a6c49511d57ea618bb0194	c97d17fc2d5aa5411db33b2dcfe7ca58d06a3e104185cf73fc997930d328c363
CP2416.md	e5e50578435371d32946c0d0f5024202a1fb6f1476d2edb8cd1c2cc8795c0c10	13072243df7678c1766ed41de4a15cef2c20b4bebe3986e5b70cc5956b4105d0
CP2417.md	813d105ba59e11e044841db8f34d26b1592f4acb492437871145654e12b2fa5c	538b323d8692ea9cadbdbfea2c6f11ab75ebbf2068d0175a1e1f82cc17d3b778
CP2418.md	b3be626f396351e6e551fb3252313db5866a9a4b42b6d73d7ab6ac911a9435f7	a0ea7f2882869369b4375c417bf2a5f5a6e781ea9a8f3d42b66d4b8ad8ad5af9
CP2419.md	486ec1c97efca54dc647951f5d3b4e9d52786bd3ec4b777734da919159451ad0	34389e8eea9470bad2e4e6ea4a1fa69e205f513fe3b3ddd0b8e0cbc1b83a2c40
CP2420.md	af379233aaeb2f9ae875fd0b5e894cf03f43298f6efab42a18d4195d29669bed	96762ea85a016fdcf56b1f4db79a7975f62238360000f0432b947a63209506cd
CP2421.md	35b73f380f64c9447412ad3e5bb05fe7dd7152342909316182db7e3b91ae7e6d	343a15db4755ea39e19c268f7c791b021045e87aab9d314abaa1b118a0687209
CP2422.md	aa17f677eabfa2af5257d09cf2de581db0596b866e410dbf601d79e221305ccc	84d5cf324177298a8cb72a5a1585ddfb59c3fe20e84bc918bbe32776de3508b0
CP2423.md	cbd6971d5afa8a0c922ce6cbf772a77845976751bb2cd4933197f43e12e71b25	8c0960de3a805fd1882ba79ebbdfef1e8197ae19ad1b18b49cfd4f22850350b1
CP2424.md	f7caba5b7273c3e47d754fcdd92bf240be1da4cd08ddcce7575a98eac64d72cb	729da46d4caba2bd8bfcc908047fc16406cf9e8c727e81b8e8982e9b2862a7be
CP2425.md	feb0a5653e3adbbde6f39b10e01ed4e3ac1af7c26243d375627c02df43358f0c	0e87ec61c0991879cff00097fedc2203241f41bd8bf357b7931731d70843ee0b
CP2426.md	32f04446555c5443dae265f31b59fbe7b8394fadc37cbecc88b898632bd9cebb	3566789a12880c5fe3744acc0700d9860f995acaab3969e9e24b22ebe5869592
CP2427.md	aa2998934f823ee9e6b98069864be8b82dbac2d6c754d766e3233a14280f357d	0f29516c783ed4d5fd988fcca0ebf24c0c8cbc107cfe70f5ef6abf5e76086d0d
CP2428.md	39d7166c4e99422c757b4195f2ba3f619fb6646b0edbd1c1f6e0cc3f0b33da4f	3a1be53590e90f5938f55b20309cfc28deec88e0ac3b2b92645d07ae66f21189
CP2429.md	ae87b47f75fcdd521efa37f90bf96bd4c7f1b833b7d2541fca871d19d2c5c350	ee1ddd0c4b600bbd9c582894ff45ea75179ea00cb342b12279708bcddc44afa3
CP2430.md	5b8db60b8251cbdab5e14819fd45e0dea87c8a2ab024890dd36e12cbe994971d	a2637ebb61c261127037fca541ac530e0910517582df5e03bbce6106418cde1d
CP2431.md	14bd50c43dae68ef45d6e7d77d27606a3e998516f72db3dc7f1b526800225ffc	2f0bf6d12f978638c077a3927e356b4f3b01076d21f1671b27be20c73d07ce30
CP2432.md	193aac391a4087659237e59dc76ded88ca7cbced3316b15ddf61c1fe555a3101	e9ecc1154205ee84b55b7ee2c45da3796dde8b67b058eda74765a1a6e6d1e445
CP2433.md	405095aaa4bac93adb1239996b6502452dd3276867c3661f518203213a0f3c77	a1a1d15b10041d7905be25d401004600bce554c949bc50aad7203c1503b14098
CP2434.md	c7ec82cec6532515c738fc87d5ae9858c90460bc086c8c3c01b3daebd5ffa418	b9dc526fbf3d091e75718bbe38484be2e8338a57598d059cbe41819080466835
CP2435.md	9f15cc21268d4be486af23812a7b966acd5e9f99284ebd627c1d15386804742d	a1ff2c95a98e5fa01388b048055a5e56243b1e1393f274d85cb0de662cea47a8
CP2436.md	87e0443c5ca26c2a00b882715b148c3deb6eab3ab1d7a2e213a415e39f8d10e2	e2e0bb3f8ce6634bd5b5b254a18c2e4c6728b2f2bc0a8955bf61666a44804b04
CP2437.md	3d5aef0c78dfd8f60b954f84912bb41fe1514ee01b947e613392c0e5325e3180	19d59bea9877e8ad866f6b4c8458a1c11822dd98aa7342297ed4a491e1ed4dbf
CP2438.md	cc5c227c5e159fd1fa89696e4c9c900affa085f7d924b82e721d9853a809e6e3	47e94f22382ed4b70baa11c0d61df78762edeaaff24ae8606b890e2561b039ca
CP2439.md	53fd79ce4521df1b99e67e64f86190003f609d42cf4ca3e9d61e0ab9bebf0621	5f53fae6c4b2418b799f595a20420b2d98cccfc378bb58b91abbbdb1c16050de
CP2440.md	1d765e45deec75fa3c3f3fce1da74ea7019ff1ee1ddf265d7938bf28ba3ae1df	ac113899ae9ed0135ae3960a51f5abdeb3b5b27216f327800bfff07a8aeb3771
CP2441.md	1e358b19dae7f39807581f9fa61159b405f3e2a10e4b5da13712a92dcae9b267	b90a35b7ba155ac51daa8e8dd9f331d1e8cc8ee47a217777819b3555cadd7fab
CP2442.md	75a6d756aafb544da66e1b52cf0c28aeb3522f8fc70daf8efcc7258cfe1ab392	635b1ab8caf0311ed4a88485a1505a00bce851d0a3aa7ce0ffd7cf777315a272
CP2443.md	76a6d84f34cda73a248d653ed31fcd8c3c07dbd46cffc1caea5fafc5cbfb070b	3df2a023a51263e41ecbf23e82bf037f917779c371f42dfa94e1a05c3ba23977
CP2444.md	99d883dcdf78dc442844ef167384e9104502ceb6b2c6f1c38bcd38fe3e2794e3	2198f85e389777c0512553e17b28325adbf81839e33c8333bc3dcf742814e3f0
CP2445.md	73c286cff46ec14fd747de97374f6ea1827816c890709f33b280bec3f2f37f7b	1193f2c16112ab5d67446a743e248ff492e2e17ce7b210a24f43f9d5e8bbe921
CP2446.md	cb3151229407bb5f160da8da9bbed94959c7bba0981753e00e3e1b4d37c47350	50705321db40a2660c1b83896746b3678f90bb2d0214a68cc3867a920fc3d2f4
CP2447.md	54fa57231cb849bee1bd92a69efe737e9b66c74258963b04b551e11353881c51	1f514ae04ef590ce7cca3e44f4e555563a639e7a99e1037ec535340233d11d13
CP2448.md	d0e2fc9316d60797a0d6bebc52ce278e4e12641e8453ba22cb2527f9331153b9	531415a2e0b036fc700a16d06e1de026514b1defe7e9f420b46b2b7f5e8c061a
CP2449.md	cc002fc5df9548c6c6ff81379cef1f288f650482c5a1c10aa70d73bd57569d3e	568d8317dcccc02d7e12dfcd3c98905517e03b5a505a38c552fbcde5db349cfc
CP2450.md	c7782ebe646b2f7bb0e96df1cd977789d2e94b5e2f536a9f528c079b6069f648	c5c1ef86d73f67acfce20e21c466824a40c0f783b25791f74f7796267279c54c
CP2451.md	bd8c13262a1357181c90c436d1d74f0f1ce010a2dbb80539858e61cbfcfac968	aca58516216849f8ee430bc86b829c831ff2aeb6f7f4699d19690eed5cc53b3a
CP2452.md	ea6f956bccb8522955321454596d60377e146ba77c14fddaef17d4a2e20888dd	2416667fc87ec08c04829a803348e7206633814b95ee8b5374431dd7735d255d
CP2453.md	f00c4496f98ccf714f2ba26f1e6e4c7408b164aea329bea3aa47c89a81c8c763	07ae654bd716f80addf73b5e1c3aaca8cf814db3c722a04f107124f6d04c6ffa
CP2454.md	368beb71df7e6746235b6d56fbbf3adef0af111bb71218b6b7313128b93e2164	ad642699846a3eb22718e8550cf5a9b95034d5a0947371b89635ec48fe866e8b
CP2455.md	ece2c85aa8901bf16ef8254cb6b9630425344d78855cfc117aeb87e4b5b648b6	42090991aaeef3d1ddbf291b831d66bd53b46ad19978a4ef23ba6bd14f5ddc33
CP2456.md	3d0eda2f7bb7c84e958e7c311a62960649372994bf3643abef4ca351e09d44b4	287460cbe81d86d682c2abe39b38e801deb336dbde5c4e7cf468e82e6953a162
CP2457.md	0b847f4d3c53924688966f5c2785041271c1ac33db648f419e8ed3f61323df85	7ef7ce2a784f932c36c7802a870efcf401ed0ec0646704f324d32337ffb9e799
CP2458.md	ee08f0d885317c3bc05bf47cb04ef1d571ff2020893547ea412d4aac25ef927f	8ba391170aa96ce9b764215e2d89a1bb1b425510fb57f7012c76a1efd307aa04
CP2459.md	7cc379a5aa03bf42a8ae111b5a1a083d277549e52c6cdf48debae89caca2094f	1fa38911024a5e0e124fbc88299831df374d54c633aac77905dd791a97f23533
CP2460.md	9ff0c8776beb5eaafc4e05552f328bb56179fd416fc2f40268c25df494ce7d30	648b1b578426189ebfc692e4e49a237fed5f8a5ee4d322ec3ca15799b9ac9b25
CP2461.md	328ad3400ecc3fb46ec4f43548a729e0ecea8dee4f08916d8d72b69b7a08643d	fec2cc04c0c9481353245688a0460f26e33bc76c19b972803e999466239cd0d3
CP2462.md	d2d1158093f501116c5228c063465db88b10044394cdc16fb376eccd4938cc32	5505ab9a9239638e40a34089f1c5107eb69c63c028ba4989265efb15853616b5
CP2463.md	24042da64f173cc5150c6838ddc484dd1cf56061c7ec0373efc5d58271b0726f	8fa520fd30fa66eda00e91e97a0376a127257235d911609cfc2d76bc87ee4d37
CP2464.md	ac21c3f1aca4ed5d30bd78f0e37cc185dad4f894072b374190f1cb6bb7f5a14d	2a27b623b4f71fb7896ff793e6d2d7d587c042d89fb908ef3742bd8b91ad047b
CP2465.md	c01b42fcdc2b22438406147ff7bbea046b314f86283a64751cb933088a1ede40	b1200f2bbd7a946d2cdc4ecd9970653bd54912cb6f1f10a6f5da257af3197bd2
CP2466.md	b1313850283725f09d94d289b40f88a3aa359330f09afc92f9f6592755668b66	097de8e8b257a808415ea6285aa8801a6afbe67743b86b5275f6698e871d49cd
CP2467.md	898da06c73c42938fa810b93082c11ac21905edc5d124451dcf15a843bdc4a6c	6c42182e113c94ad4b894afedf68eff5ed7b0a3f3bbedc202dad87fb9b7bf87c
CP2468.md	76e3188a6ff566a9340479879ec7fc401031c9cd41be12c90b4e1453209345c8	21508584228f9a79d9baf7b03752e9373d0764e862776dcf7d2ee55b545e0e8d
CP2469.md	817c0c34f9fbbf0f1058972b226455cea17cef6377ab41898fefc2bb9dc74961	b87af4a550c72f416e189d63d743ca63b742b640b7922cfbebd13c0a801f0104
CP2470.md	d0efdf1fdc9b8b14381ba15b7fc076cc62e3df4587aec8408420a4558cc0e872	1a3a50904b2b519a3d5a383e5683b003e8387e751e0b0a8bcd866b2135d97bca
CP2471.md	0a499445ca926188b2abd7926f160989371c19354084af4f99e29229158fef78	1012d62640f421ec9e6a3a1f0ed1a95c486d520f24759a36c3f43f36a925d390
CP2472.md	3921adbf3badf995d722e718b337a9efd542acb5b5d13882e4c6859b2ed6805a	21ffa7d8cb4a814e3bcfa45da21703130e653545e057165724197d8841b26322
CP2473.md	92ae770ef65eaaa582ad50278e38aded2fd7fdeff8d1d533aaac750cd107861e	e4ccdc9fefc07d7721800f9d692a5c87fd96f1fabfb84a95b655507eb8bd75f5
CP2474.md	3e05c3a54426819a5f555a3ec79f56c5c64437d113d3a3a21ede7e8fc701cbdc	09c5eb1d9a12276f1ad00cd870a0321015e4949a83a7d488f1f9f7b12ecb6d80
CP2475.md	6a4ff579a45a2c27b3ea009840e2711d9725ce903e38214b26549b27c6d2b224	5fd1b84abd99bcd4b8687865182a33457734fc1544c17ae1c01ee279be94b23d
CP2476.md	6dd9a2b912e7046e14058a621d073194e04b4f372e1f95631a9bf1215cc3d86f	fdcc0eef95d776111598a2d4a7d302c6a11cf973713803c153d76656a9649c8f
CP2477.md	11f83a1d96edeb9219e6a4064fe509c5b2e9a10d2ec27767140d46cf4695c556	ebbf003d8c1331480705a5a9a87da364eee621a7d33f29915c85b714997fac34
CP2478.md	af5dd727ca9aabe48837ab9173d053e46bdc28cf6d0ace697d914e83a053746f	61edb223cbee756ebc18a0613b8c2059f1833a17985f7dcbff1a5aae169fea51
CP2479.md	d1d9ac6a164d5cddb3a13ab47127ea54a57ad15858e729fe5b7f6af4ff66ba02	0244ffac5fff91a7265a873fa6e704176fe2a090601c7606be27b10e79d5971c
CP2480.md	2ea2d4a54bcde7e58b1384ce858736a5e126222624fdb79c237181226de670aa	e3d07de16aa69d8d0ebb0eeb15329f9907ae6a30664bf9a28cd74344cee437b9
CP2481.md	16b1eb08968dc20c5dbc708c4f2b64e3396154f06d515b0c8b0a129606295ee9	16b1eb08968dc20c5dbc708c4f2b64e3396154f06d515b0c8b0a129606295ee9
CP2482.md	4c6ae720241ff5801a0b3c1a26139c148b353c3e2aa5773a3cf2629ab8e75c0e	4c6ae720241ff5801a0b3c1a26139c148b353c3e2aa5773a3cf2629ab8e75c0e
CP2483.md	98677b330a1658de1fc2cf7cbd402870878c3a55bd948183a8aff677fc2cad06	98677b330a1658de1fc2cf7cbd402870878c3a55bd948183a8aff677fc2cad06
CP2484.md	7ab8aff19ca433d0210c692e29ec40b82ecc2995e295ba0520f2907aec5d5f64	8a1e295e8990d4b4c606c7f20ae56f5c57382a3f2e315f1931a2f12bff599127
CP2485.md	bb79561cda1793282aa5e7903b212f5e7f26ae14abf4baaa63e88632a8105a33	bb79561cda1793282aa5e7903b212f5e7f26ae14abf4baaa63e88632a8105a33
CP2486.md	d3f7df84538828e6e47347ffcc8d7b4f993039a7dd52f779c01e7dd45f7d5f7d	f01d65959cc84083a48fab20e5b56d0ce949ee39ca3b266956db59a2593e9299
CP2487.md	b8ef71ed77d2bc5783823146a7c21a6dc7e055ba011540bddb20d28e6b17bf59	adc069097509ee679087688f02e31f925920a7dce44cbb6614087e2c37fa29c7
CP2488.md	cb8bd1791fed14b70458b99a6517bf72b340c7cd9a968e4c6aaed76af2f456a2	de7fa85cac5d5c3cdbd1872cb381ccfff5f4788a9bbad6e9046991ca06482745
CP2489.md	027bcb9576c1f0cc3d24b3b0ac94484758cf5fe477d3f12a7869276f707aba06	988794f8224263cce288f74822249d9b61eb3755e7eb695e5fe6c75fc181f4ac
CP2490.md	9950fa3b0b4aa932d2bad3af03e654a958895976eb3f222889e1d04a193c1c98	4762dfefd12fc961e450fd7a483c4b174d3fa16b0c0921a7f571dbcbd35ce80e
CP2491.md	4250ded5e7597a32e3ded22d148c4db24dc25c345b68e1b01986f88a8c9c2906	354e9ce95bdebaff922d52b38a7b935131f63e801d3d0f88a5305cd0eee7479a
CP2492.md	1e309a1f13e257edc9ab3f433d3776240a5cbf70d480009ed0fd385d54dc56df	1e309a1f13e257edc9ab3f433d3776240a5cbf70d480009ed0fd385d54dc56df
CP2493.md	b89ce298d5a40e5f241b0f6bd54bcb92c2bc25065fc8738e110d146ebb33c23e	b89ce298d5a40e5f241b0f6bd54bcb92c2bc25065fc8738e110d146ebb33c23e
CP2494.md	0a374522edec6cd48b2d4ab5b4b8c516693c5d97988684af99081b6bc9a748e2	90c521d7867bf60e16e352c0b06803c3d926b6918e14c505189035d9ffbe7037
CP2495.md	8f25a380cf086b6eb6d07b0bd1327e1da45493c708a2d3c8b243e1ce4c412e29	8f25a380cf086b6eb6d07b0bd1327e1da45493c708a2d3c8b243e1ce4c412e29
CP2496.md	9803af6c5fb39a2101196cefb9df894b88e67973b8a72adc47a1008a9bdba3be	b0fa2a1ee7891cde81599297e6e86120fa9230fa8428064dc8bb396be033e704
CP2497.md	0890bd1935031600b51025a53bdbc7c5707469d9ac027c4fe9ccfd564de73842	2fd75974a10a274a4748f8bb26d16825d3fd7fcc3581e703f266b5bfc639d9cd
CP2498.md	c3504a9fdf356ef329056b94173e96e0eae0f7e86a2a1b905509674e87e0ee89	53d42a3c17b3c41768ab8cf2a1c0a3f5f784c1c455fc09d373d5b25a0cb1b8de
CP2499.md	1de1d32167aa9e5c10f2329a4c29a36b215b654df3b9dbf35ab57bced2b386bb	bdd854647bedb241ecc88ff3927eed6f5fb8e404cfa1f47414724d84c8bda89f
CP2500.md	366099e3e72f78047507e1af29310556f7c62c9ce7c4eebed42c21973a1e4dbd	366099e3e72f78047507e1af29310556f7c62c9ce7c4eebed42c21973a1e4dbd
CP2501.md	6e215d3be0f05946b4b5d421da5a7c2176cd0943375a257c4dc0d85e31c00746	63f8eebefc48b736d1624bf7d59a3052c82a1d2f9606cb8e8f7329361dafa162
CP2502.md	dec461532c8f03c0016576b548126bc60ce2780033f6b8611a28f8f3954143fc	da3da7c3068ab07d46a5ebded6c657404f3fca19690a340bdafbf95126ce8210
CP2503.md	a97938fb00c3d26bf316ff50afabb1e100676289e50ae8f5a56deb1cdb6731ff	a0e91f5eb5d7a6d8220a720c24f208f980a7439903c510d4213b4beef8c433f0
CP2504.md	c626479818db9a49ef090da3834169d6217c6db6665c0e641c115b418dfb54b7	b3bde6d232724f7dceb116b7c1fe75258b9f6d27cae3c42cf917bdc0d53525f4
CP2505.md	9ff1acbafbb37ac410b4d948f6728061dae1e93b834778fbfbe8d9847e609786	9ff1acbafbb37ac410b4d948f6728061dae1e93b834778fbfbe8d9847e609786
CP2506.md	51f3b56d275daa71e953252c79a3bad0bb9c9d0fdf8e6a0b686ad06a05dd96e7	e6268b49c5f577cd9d7cce8a98418e9d4617a73e6f42278ddc1cae3ea49cdcb9
CP2507.md	7ac7648bc843f013020a0059ebdf151068e7528b4cbbcb4d1196230c1af68e9e	23eef99f52b53b8ad2366e2c10873c4d8b94d9a3829a58f17e942c8c3aab626c
CP2508.md	537f047556b2caa04066e2e7b4a090dfe9fd8faa4e9b2da718e5837b99bdbd65	995f4bf62625f10cc80e33c10dd8f970a4619e10fd65bd3645b8004b1a653422
CP2509.md	74d3f0637cd8ebf41654e9044f0474bab4fee906ed2c2742240508163df27fdd	74d3f0637cd8ebf41654e9044f0474bab4fee906ed2c2742240508163df27fdd
CP2510.md	def9221755f5824703825532317a7261df94c83302e7150447e93edc65eb9e0c	def9221755f5824703825532317a7261df94c83302e7150447e93edc65eb9e0c
CP2511.md	e3a89d7c35f63f5b762c11a09a33d72e2c8af1077e2968908a1deef91669c983	e3a89d7c35f63f5b762c11a09a33d72e2c8af1077e2968908a1deef91669c983
CP2512.md	530284ce6347d203effb22b9a918823b198b7f3d7603b154716cdaef8b6e57b8	b98a061912a57f36dd8fea750e9899c7d09243ee7ee0e4184a683187c70f45f9
CP2513.md	3c44896b5f8693c9a5bed50693f9a6ea1a803e79a49b2c6c71fd15ca4b81f7ba	793bc95f25961b1c4728e0b1774094e48d1fbcadf069c2a7039151497193ad04
CP2514.md	0b9620d1f437e62d7a445426e254bd531b851f24cc3b45865a61d6d32674b9e8	f0224d4f90ed83f09670d3d236cf1c365b73ee8958dfa7b416c7d1541dac396e
CP2515.md	e77b77e2d3bb6f25b7b8edb3f275635e155dd0174acb4d6e9632d8296e02c8d0	e77b77e2d3bb6f25b7b8edb3f275635e155dd0174acb4d6e9632d8296e02c8d0
CP2516.md	d95a704155916d069479c52b88307602f6e80df55eb4ddd94763339ca899f47f	d95a704155916d069479c52b88307602f6e80df55eb4ddd94763339ca899f47f
CP2517.md	d8db56000b1edad9b039f48b57054e3b887363e12270e44b92e31bd1b53f6378	d8db56000b1edad9b039f48b57054e3b887363e12270e44b92e31bd1b53f6378
CP2518.md	6daa0efe98bb2f64edd20238316367051f436f101bf91fd650b101e9e6437c88	9d8e054cbfb86b080ccb6c23962f4278e4196502c602f676c5df625d18154985
CP2519.md	b0f93c4a71b09f16a5786fc67b90145476397e6e9c836beae22f47632ccccf25	b0f93c4a71b09f16a5786fc67b90145476397e6e9c836beae22f47632ccccf25
CP2520.md	aa7c1f10d13aad7b0d44946488d743927797a7d4838017ab6c324a2e0c30aa80	b2af3ab75aceb65066837ec3b4ecfad302a052288be899c8ae3abca4265f8760
CP2521.md	c5d7802aeb1f48fac0150552b27d2d8a005fb1307ab00358410cf666836a1157	c5d7802aeb1f48fac0150552b27d2d8a005fb1307ab00358410cf666836a1157
CP2522.md	a880b7796c6115cc9dd93f0e07e0a9f40c88a1f3e066523e2d82097709724b80	be721dd9feae7631fd4a070a7707d4c09f29fcf7adee7b93f79c29969d7a17ac
CP2523.md	279d0d1bf22ef261bf7e4f800b30a110ca3564e4a39fc4c57bb2f4da9009b24c	279d0d1bf22ef261bf7e4f800b30a110ca3564e4a39fc4c57bb2f4da9009b24c
CP2524.md	3a0eef31b9cc194c5e0502633021cd4a13a995843f495ccf82abcd1138a2d65f	3a0eef31b9cc194c5e0502633021cd4a13a995843f495ccf82abcd1138a2d65f
CP2525.md	ea181445e7a785be54fb9005b2d528dcc6ef3ee3bc62aa602a0135cac72e50f6	ea181445e7a785be54fb9005b2d528dcc6ef3ee3bc62aa602a0135cac72e50f6
CP2526.md	4ffadc183ad52056012083b86e67b85c47f9313840626f75b84519f6b9490437	4ffadc183ad52056012083b86e67b85c47f9313840626f75b84519f6b9490437
CP2527.md	2eb5853ec1132b4a45c9f14bb55fbc6e486760bcc070ffb6425d276bb489ea8f	2eb5853ec1132b4a45c9f14bb55fbc6e486760bcc070ffb6425d276bb489ea8f
CP2528.md	dfe5af605000a2dab537736e9cf1cb6de1ea3165fb2ae988b192090515f4dcc7	dfe5af605000a2dab537736e9cf1cb6de1ea3165fb2ae988b192090515f4dcc7
CP2529.md	cd94b592e9683b3f0946d2f2e210dfa70e01bcd4ba7feddb2a9d31ef17b928a7	cd94b592e9683b3f0946d2f2e210dfa70e01bcd4ba7feddb2a9d31ef17b928a7
CP2530.md	c9e329bfbf654a9f4f4f857849afe54f2764440a01c711a65f06b71ea6c10bb6	c9e329bfbf654a9f4f4f857849afe54f2764440a01c711a65f06b71ea6c10bb6
CP2531.md	19f71b3439fca61ccf610e50e8b6afa4d51d76771db8c1a53b083baa40508447	19f71b3439fca61ccf610e50e8b6afa4d51d76771db8c1a53b083baa40508447
CP2532.md	9b79fb8a2208cbe95697d1fb45c1a01fbf5a34a5b36acbb705fe639867447e2b	2fce48cc4b9215121b7d5e2a9171a4fd0ee426393d54d505350aa315b3d77799
CP2533.md	c8c66efcd320fe6ef0515e07bfd43da429e8b91d61440bf757a0be5fa0ff6f4f	1abd8bba85852de6f4e7e9f544742592d3991a2546908817062fa2df72096a85
CP2534.md	4646d47729a935924c7cf29329ccc31a4283d9dc1ceb85cc529dcf6481901b20	e9b48632762285c5afbd38299734b29fd02a4b63473063390110f4227deed061
CP2535.md	0804eefa5702dc197f4be00835a94dfad02e44358001b83fda47fe9ca3a24159	0804eefa5702dc197f4be00835a94dfad02e44358001b83fda47fe9ca3a24159
CP2536.md	4dd83ae93ace1bc12e56141ba033980c747554502fee02cf3d3f7ebc3096e950	ffab2a32e1ab39e8d9f1e809b298f1a9388ededc4d831f4179ccf3b600bfdd6c
CP2537.md	d4b29430651a66a769b9d3264d5d7bd14fb6a46650002ee293857a45f977b3f1	d4b29430651a66a769b9d3264d5d7bd14fb6a46650002ee293857a45f977b3f1
CP2538.md	47eb0078fcf100962ce4066efb9cbe84d83ba8a5ea2759506f9a0bdda77fc955	140e47b7ac998ab7c75cd04975f424ac3aff0ddd98c2282d8cc1cedefc938d04
CP2539.md	58fe0548a5a3068633c092cb6098963a364f75ba0294e9ad6530964df1033122	58fe0548a5a3068633c092cb6098963a364f75ba0294e9ad6530964df1033122
CP2540.md	0a7d72f4aac13ef46a7324257aee26e7af1fa81ab06a0727cfb3010d273a299d	82250f86a08c4ff14d46df6359497b99f71bbc8d5d5d0b513142cdc9a6c54928
CP2541.md	135176b753c159c9550efe122020bd4d2a1b5bc4d0207dfd17bc6b5e57611991	135176b753c159c9550efe122020bd4d2a1b5bc4d0207dfd17bc6b5e57611991
CP2542.md	9e717295699e8ea52b2f65e940770aa3b3f8bb3ea769365d4970bd1eee5446bb	acab768ed3a4d5f70c1f26d3b99adca2f9e034c5ae9bf840b97e5ac09f854017
CP2543.md	a964609df38393d4156b8cc00d1c2153acf9b86ef390fc481c64ac283210b923	c892370df33270755372893757187a20853973060decb41b8545534ab7d8f478
CP2544.md	fda551851cb7f4888dd046e7994ce47efd89377b051d857cce7d232b82e7773f	b2a91b63887b5448828ac4e96601bf70072f571af50ddab15bd88b7426431166
CP2545.md	8268da78dc591520306862d4275818fc5c198342dfc94aa9587fbb2ae37a8cfb	8bf56786190751236c0269444fc0da24caa890a44ef6e6f7f9d1e90ba09d7f58
CP2546.md	89efcae7073361ada8b9db6f9f01ad3eda601e834a3bcd9c09ebd297c2f07a29	ea4cf290d2532a80ab0bdd301532b3b7296316ed8971df3a42cfa31608653fcd
CP2547.md	7f43880960932c3bd633716d1fc0768676d95c5a1fcb013872f9282e85ee739f	495218d026f957ec2073e8885e88574a4ad4e7a36dad6db0fe378def16f2ef32
CP2548.md	1ef25d1bb63847200a08d5d53924c9444e28d8d374506d7b88ab80089e570d15	1ef25d1bb63847200a08d5d53924c9444e28d8d374506d7b88ab80089e570d15
CP2549.md	27db6e55a69acdd9c8cafb1d65d976cfe96d7f75fbf4edf01d34d61cff33cd1d	702f3b9f524db464f81887c8da37df59678e48bbe4af9a04ea0797b957a48711
CP2550.md	1d86beef01b05a89ffd47d8fb8f6ef60e25ed263e40155238710323e904d2be7	ea861178e48fdaca299a72ef183b900d6d542c8d992c9eda29e0f670f4b2d47b
CP2551.md	5e652f16e1027eeca7a210554070e28b959f4a32cb5ec2175abcff78f6add5f4	26f3d741567b5290621a1326bf9accd7eaa16e0b67a729271a840fd29b220a46
CP2552.md	a72cb27c17f7ec462348e2122d1db0ae93137bc70f414561e5191ce1329f788d	a72cb27c17f7ec462348e2122d1db0ae93137bc70f414561e5191ce1329f788d
CP2553.md	6e11f85a80c090ac7c68860592e3f5b54f773469752240c465218ad08964eedb	6e11f85a80c090ac7c68860592e3f5b54f773469752240c465218ad08964eedb
CP2554.md	e6db01c522be93e008a6547f48ceb047772e1eff7ef730137d0178c86305a990	2044700732c2902cc2a87bd84260d60ee55d75d47d4a443b6bb711783f9857b5
CP2555.md	2f60f2291e2bb64c8f17011fb3db286ac95cdf754496f67523558fd43f82d597	7d645094de2cd4a5d7f1aed5e246b0964acb851391e3ba5d2a287e7ff05f1f0b
CP2556.md	295d975bcfbc9324ce7ed8e0bb05116107b715f773bdf047ef711fc711e5585b	ad75c9b748013752804c08b9d47681868873e10f4719413834a87999ca4616dc
CP2557.md	66d2c78b9a623b24627da6b33561a56989a90dfc94387ce390f04e9b9fa0a2be	7b9145dff08eb0d0154f8b4b07c4d45bea15e767a8a8c9b2b00461bbdcbfc0ac
CP2558.md	71dc697fe0b595c5ecaa6a6a605b706343c23c65fecb6642358b54ee9c8622c9	9ef3ede1679c3863d3e8103a0b95e533ba13f443c29ceb3cd288bf5cce20444b
CP2559.md	a8c210e9f862dc864e3bf655fd90e3571e3887e2ca0634ead47911a1845de8c5	1d35b4f82a88f329c7b9cd646b840b700154d10bef38a3bdd37d96661cc15516
CP2560.md	6622fca4ac2be2567afc474d5ad5c2378eecefb05d971ccc1ce9156e948afd7f	6593d40210e9883dc306922f9f121a0643c36941adcf5c174d5568b362b28356
CP2561.md	32eddf9356c283da6404c6fc527c33138c38b07494add9f1ba4e23dfbe5a0fb6	fe654425ed632d044622e68420d94f50d9fef8eabfeebb348f4482d5b8559147
CP2562.md	f5098a2c44ceb60bc6e0765f5249d531383c0cb466ecbaf0712666f5eac54635	07f8b1cb688d14c7f6b969697a9b2b84b9dfc707722d41b008f30d94b0b26b6e
CP2563.md	ffba00c6fe3432ad55fc6a1ce8964a24001581eb2cd596e038bb900a7b87c132	9f8e2bc4f0c6ad8ec5efc84f66f1d750aa4514df1d6d41142060ad28028df2a4
CP2564.md	22b4800635ba77ec0a74ae8cac3c5c211b07c2710f338a53c409de55af607c59	725a8f52e71aa8ecfc53077bf5fed62c5680ec8a888b859780b38db770b549ef
CP2565.md	ee29c95828399ad307d3d6b5b2790b25c3a3ea3b2de4b897c273c8938e91ec9f	94df0790599574550e9a2be62e73c4ff5c85c14f6388230eb0d2e2d123ee2579
CP2566.md	45eae7fec6cf277fb338176a45062d90c5ec845ac26e175a44a3c6fe1a496843	e5f87ca7bad6452c70dab351b9dec7035d8e74f141933d2798cd97d804852eba
CP2567.md	f7a09d0ba3958bc5d55d515a880df72fa74eb80dfa0ed888d1d04b88b039409e	b58db8ca0d4ba6c51a7a2de18f7c90af1065a213ba8a0c07ff54df73f6735485
CP2568.md	ddb2bd83e6458d01c679fdaec9f386b07925d5abebbe98995c16fdd5c4863a16	685c6563a418085492740057e4d071cfa6e1377832765f530f8dfa6aa2d5ba67
CP2569.md	1b7a4f6e63858a55ff59a465d33383959bbe556292cdc5ccc12df013f01e393c	45c94f752f38f677ad37ea8fdd5aa4378e1c4f5ef53961234ca5254252d3ebc8
CP2570.md	2f6c8c74fe309217d843ffb1fd6db2c255a5ff986b6abd79dc6d5e81d92430df	d21093c5ffae7d6511f57914b18030ce02b631f83b4e7d0ba93d7f0999b07f7f
CP2571.md	d21a16401cb76be8c5cc09299b78d70566cf6f9f116da979787163e3705f68ec	4f6bcd3af870a19751f38e9449a76d588eec3bd240dea35ca21a9eef7462574f
CP2572.md	50c16cbc95e6091b0e3650aa27219ffdd186a87b4030d272235534a4464436e7	aec4b0d7d1a683dd12cc9532af6f2ee0437864ad3d56b682b974e2ad7f267a19
CP2573.md	c449fba491f68bccd6a79a9fa1e8792291372ecb4d1a314a22931da07e3fa396	7974c2690efa871472a2cf7bd63dbba9347816524fad2fd4b7da0030a5d2941d
CP2574.md	b27c3f1c95e44089747fc4a0cbe404d87aa1f97e5863b2d2a27e49b6c684958d	0dc008ad9418a4a8168311f1d58b2d1d398ac2c1932ad4a24c828ecd8be179e8
CP2575.md	415d55e09118d57c4600940c806a080e05084d337b2f9431ee482ea721a71cd4	13c9060cdeffae118d799387924f61c0852e43ab36f455c8da3778d65bf01c46
CP2576.md	e1ccc49962676a0fdf56e39093f0017238531f3088300914df8b4ea10e123e54	78ef87ebbeaf9d1950ea455cf8a111bbd0fb330d1497fa844a3edbaedc7a3530
CP2577.md	3ddaf77ac6dc5f1fb311303bb1ffae8bada8db2c729cd47cfad1eaf344e3b0db	743a96f2c16b52f67f3b6d509b79156939ed6b91a2524b18cb47533dbdd7edad
CP2578.md	8c81c789967a3d326487a146b8294c28b48d1feb8fdfa6dcfbfdcba05f31a14f	3ac291f3a44da5f474c7ea60cc6dd58aa61bf4109d8ab75b0ce9d751e8dd17ff
CP2579.md	76d0d37638096c8fbb18ee9b055e42079e34ee3fed1c5c4d7db152f9f7bf3542	67544198e3d8df368b88537b4c0e47c8427e5490cf470c74bb3b17659bb39176
CP2580.md	90ea64119473cbbb2231e584168e2d86fec8afd3973dbda296ad6dac815d5342	5c74f24bcfca8cf2216482ab6e1bebdd97a1170ef1c2d9a9aa902a303110c634
CP2581.md	5537bd7f23a08361efd988189f9d363e5e07cded74b47ee142a2674af96faf76	5f4ea9cde98c7c66d88991b39ac9a64366a52429e011fc059fd76255a786025a
CP2582.md	074ae0b60c8c93e25e837c22a11cbfa01bae3cd8d0aa80ec92867b92026d0a15	ed14eb12fb3c61f72fbbccc3a0ad792edc1591650791c58f8f5579e224237944
CP2583.md	1882a3837f099e2d9af905a79b4cfbb7dd45243eebdd5444db3ad15fd36ed978	506afa5940e759ae8c6acf23863497af90bbff9ff22bf2365086446b3ce31e49
CP2584.md	de70021ffbd9346f8cb093008b1d2ba9cb2fb014541feaa8215c71264bcf3e83	5885082419a5a45cc458b2b997dea9b4fc1542afed391a4d0b5b1f80173b8d8b
CP2585.md	17072a35a83969ab184a939ee133b44a55fa545b22a0504535239051dd7ea36e	dcd6a0459dc81824d003ec9ba37172fa4c6a986c16911c0835bcd1420d75bb38
CP2586.md	864729a54d3deefe20c0c31483c58e7491b557380142ddb4e841add7888fe9f9	dc8e21e7879c9228f88b7e1f312ad7d7f863ca9239dbf9861b39c309d594b0a7
CP2587.md	fe40913062a918adf2cdb583a8da25ee9db2c18c57e72149bbbb576433f98fda	d65e96651050e65fcd95eb3a1372ae47129f91164e7947d68d7c100fcf234231
CP2588.md	08415c3b120dea59f6f8dd23d22374eb7e291782231d7c98b1889e0b1c69f9ad	e20f717ff2737ca34295d672f7b58fd54bd1436bc5d6e76b28999e5f4493b373
CP2589.md	1c92f8dfac78434b63d45d9b7e10a1c5d9abd9e4fa40a4bd735c51711e77a7d6	331d59d9d4bb86f27028a0093d8b0df7147a009133a4e023af5b5ae7eae94e91
CP2590.md	df10f367e7abc6e4e0fd24b14967f7c39b6b2e3cec17f209b260e169eb3faeea	1a351d882b5c68466e9dc1dc1e136d0d9133e0afb46db2a81a6142a6849a3067
CP2591.md	4ddb0037caffdb829889f8192d805048aa550f554eeffa44a1c95a18d8b8cb74	ec7dfc0b94c7022574f68e6c1377cb1f8130938a4df8817eb000f8de68517eda
CP2592.md	a4a210176472d52032ab9776ad998afc445ed2496d390d72022a90809aa947a5	efc9855f2d663be234db423d8f0cba39c59a0d46caab06deda614d55f6421d1f
CP2593.md	97c3789a4b2f98cc339b3973275f38a7863a90c2e27ed825bc0d5606f549126d	f650c76f77ec0f01a79c3410292f25ce67d9b0eb0fa3ee37d753722adc2bcb3d
CP2594.md	ba022eb5dd26ce476188355d1913fafd459320fb4eb178f4bed7ed287db2b74c	c25e1d0fe6c6516eb3fb095294933e9647813f6b9087f72b3fe5d56f1d5f261a
CP2595.md	8ac5a3a938b5c69e735a9e7bc0bd0941ecfd391ac245465aeb2dbd8d1eb85658	94b42a1f185444759ef1ba6bd6dec8bfd65860aec8f9659549c8a09196d8c667
CP2596.md	4a12789415eca1a04867bb6398606025c163825c086ebd0c1d2da4349798141b	0e2e99830974832d00f08dc038941694930aac1a0e39a1987580efa757b19d19
CP2597.md	d182c8386df087f9b87e4da71eb5851580e4d6c94f62647046a8cbb4973837bd	6e846ba1ed2076be0e995291cbc6a813ed90288d86e3abfcddcad9184f2f05df
CP2598.md	f192d9970514dbac99b2eba5d3af65ed2bbc96400055b2eab03a8473d2caae52	7900ed8ae06920cab7348f9e23bd562864adae9a42bb97728118cf090247dcb7
CP2599.md	623de59e9f137afae56da5a81af3ee6f3aea2757530c0eb985daa376e90c5b92	84b37f17a864e3a6494cf3f3aa6be49a3607498d9a4011c79381623c40ff9581
CP2600.md	a324e62af29c0a08f3a361d20af9aa8aef2651f2cd0f85e7f5bf01f3586e2f37	7e731998462f153980993fd0c2748b4c49e68a69eb04047970a41a4783f5c0c2
CP2601.md	8dc0c0fd3473da209ec80f730fc80212f4832e912e5385408cafb196597b2ade	872abdcbe2b1f0de49f152239ea33216586e6e73b757d04e8b8e8156e469e02d
CP2602.md	e8b45faf9cc1aefd665b1ea6d65e24ff535a48e9d71ddd914134d25efc071457	e8b45faf9cc1aefd665b1ea6d65e24ff535a48e9d71ddd914134d25efc071457
CP2603.md	d7ded5b0a846cd556fe94a5a5cddd72824361f5fb97c0cd671420ffc0c84c81d	fec14835e5b964d0f5d17792b6079232986cd394421a2301f5117bc82019db03
CP2604.md	d7194a1088137153ba59e56de9e3f65d0044939d35181952162c0c92da26eb68	d7194a1088137153ba59e56de9e3f65d0044939d35181952162c0c92da26eb68
CP2605.md	f51caaf5dce977e5d59414cfe771378dc80669891e1647a66d9c1428b75419bc	e4a0809ea6c911b25315f24647f4445e5e905c2fe9826732ee756dc4ed3f7e9b
CP2606.md	03d598883b794afbbfa9e18c773c9b9fa4ec716a6319fd4962043d0f380b6f0b	f2bc5663dbb1294a4327be9f9a1524d174cf87a69c1615d33e67be0f91f2a3e5
CP2607.md	4a922052bd89aff3ec831d2ee7dfbd68c442a4eb56a23d9b39a259eb879957b5	4a922052bd89aff3ec831d2ee7dfbd68c442a4eb56a23d9b39a259eb879957b5
CP2608.md	bbee2425368c38c26708e75710a57a3c760cef09f077885f753f6d123459a8f2	bbee2425368c38c26708e75710a57a3c760cef09f077885f753f6d123459a8f2
CP2609.md	09b01a9c2f480550daff81244d54294b6a3dc5c3900f6ce8a2309562338d772e	09b01a9c2f480550daff81244d54294b6a3dc5c3900f6ce8a2309562338d772e
CP2610.md	401f6fd4c9ab2620f9511a8829aff5c81e89fd967942140ed3ce5a4356b3f73a	401f6fd4c9ab2620f9511a8829aff5c81e89fd967942140ed3ce5a4356b3f73a
CP2611.md	c665540b326026c04782732eb3a1cc794b2c4e72541d68e257eb1d990deba1a3	51dcc7e23db64075c72204a8cda1c4c9e2e799d3622aa7966c473455fc525774
CP2612.md	5ea3ec811961daa5121c58be011ce4f8f04e36544b2376de37fa08405ff1d31c	5ea3ec811961daa5121c58be011ce4f8f04e36544b2376de37fa08405ff1d31c
CP2613.md	1ba9648d5404a4d5143a5a79bdbe2e1ada1dc74c413a98e17665feb8bd948ccd	e1d46df74c282e80c96ab11779f5c68218aa41f07cd4098b9b752fce730824dd
CP2614.md	eed8d41b146aa19a176d81183241f87dc40941f960859a6855d7ea3abf0549b3	eed8d41b146aa19a176d81183241f87dc40941f960859a6855d7ea3abf0549b3
CP2615.md	7cdbe285d835b589c9fbb2032b61bcd10d6cda5fefcf2b6fab7a23fd95f0876e	18d9153e0aab5697def70ed21a4ce02b8e5de22e3b65d66406e025eb0cf68b19
CP2616.md	4f125fa017771265e3f350a43cf018aa7c6e558b6af85bc5942d19f55058ad8b	2cda8bb910f5c5a78d2b56049097fea57db4685e2a89ff1bd0e336780e05adcd
CP2617.md	5316372b4a146d34623634ff3453f60f2d4ad2b66146e25d79971ca188af0120	10342719764b2a91390c208f02f1dd72ce0825ced3bc7500981854611fec13d5
CP2618.md	15951bc58db7072a7c8022551286ccdcbd30f8539c7102811849df5e6b0937e6	5f920c3334a8d938ca78542685b9342e00ac3667be8e2cce69230b53b8d9a308
CP2619.md	e2b3cdc1130578ba7ab4ed46befacd05d97568fcba87f83355dad57532df37f1	e2b3cdc1130578ba7ab4ed46befacd05d97568fcba87f83355dad57532df37f1
CP2620.md	39137b865cdce454fb5cf2fad272c22855d223328e45043cd200dac91ead6c03	39137b865cdce454fb5cf2fad272c22855d223328e45043cd200dac91ead6c03
CP2621.md	0ded769d2fd443cd125fc4d2e7e3fc5ecf80ba728c0377389b2eefda6b789ea8	0ded769d2fd443cd125fc4d2e7e3fc5ecf80ba728c0377389b2eefda6b789ea8
CP2622.md	65cf98c72323ca637a0f9037db173ad78d7d91cedb7706525a4a8db8f71b4334	978cb17278817b2708a1bf40f214806baae9afbc383b4d109cb106bd0506e81e
CP2623.md	95485833476f659a7966f9459889c15304121d3a99fd489811e04d22bf10f23e	220fa3bec8ec395e42a0193ea79a3457e4f04712510af60295eccde2bfcb454e
CP2624.md	6fb904ae41d854b3845f7a2796d6204caec09490a17db5fe38c86a0cfff664f8	5c4b18b3f9f5d924fbb5bbf838d86a76eb1f94882fc433573458de0a24d8c263
CP2625.md	3859ee804e894fff6e9f0661bd06c751f803d597268ac57ec87a0f366bd3ce45	00d1d1f89c0d3fb67dc77eec034b83e56977ed690ba895e93e2e0d912bf50a87
CP2626.md	6e6485fb5cef17aeb77061e63cc7a64e597db4011f7b82d5e7f25ffb514b0d9c	a48fbc32ec0a51c801fefa0fe50042f04b0e6ed4df05e8c880639ead95b1b197
CP2627.md	e21bebd4d167276a0b67aa49bec176ad170ebd2fe295768a22c24dfe9a55928c	e21bebd4d167276a0b67aa49bec176ad170ebd2fe295768a22c24dfe9a55928c
CP2628.md	c5c813ddbf456c5b97031be237593705b4477c013b1a4b8933cec72786e2e876	b105592c7c4c49e6eb8bb08a63e82d3108785069cbbbcc95be6d4b1a2fbe6785
CP2629.md	0dcf2cae66c4b967d89af1699a9d19ecd3fa4abd6f57aa4b560ded436b54cc70	c3e4837f48940f82af004a36b8d8fd8bce27efcb8d0aa37d67bef993b490956f
CP2630.md	5f1e978b62c9dad33f37c8db2de68412a82d9ecb3e49df10b96eabf8b799bf25	1987b028b22102bc0a51a5563ee8a52a7aabb9b31a1edd95ea0a6628d0538b1b
CP2631.md	c8116b1c36b736b9be675f7bdb95f46a5a13f8a990db544cd6753c2268c99a7c	e3733911562e400003714cd97ca7797ed693fdc0d85af7573340208ce614661f
CP2632.md	b6abb55733bc88af9df10bf3b7e0a8b41b8b02976110f05a79222ae3ac25bee3	107741fa920ed686e8871637623b241e39e924543e984eec913fbfd84a975fdd
CP2633.md	29d7b26776534b2f539d0bdcaad1a73a2f0b020cfc5c00b63b4bbf319d627f5e	f31594fefb858bdbf876327564a9920e421f98ad138f55c62b59cf55eae664f6
CP2634.md	0a1b0e947c21405dd799d302c005c11897553322f26ad999c80ee7946f0a6b2f	aa972985f6ad68fb741ef9fa7ebb16d893d764b03485aeb002f339e4f0f9f7bf
CP2635.md	c8f2cf51769a95f6ee6c09738d27e04851c209899249193285417543753c4f17	eb1d380ee14b60bfb2d977598e7bd90a8f1cff2c7b7072d3fed07f4a930acd74
CP2636.md	e14d39d72a05411dfc547f40376d3f4f711d534327598f58feb7e8dbd95c9630	b29d425af260cc1f2d07a69279764e5c5f0d194e9ea14cde8e90797673a7c3e3
CP2637.md	703976b90cec3af4d2b52985dc3b60ee90e025578196fc35e1f09b3b72a0ce5c	cac714027ba83002be099a72926a329ad571a57005ebef3277cbaa0e0e80a4f2
CP2638.md	2bf1ca5032c2c2d9bf3ff942f5d87080461a0dcf1fd08b9d4b9ac61fe5b5c359	3c62862ba2df68446def29944efa5e94af1b7628510886a7a3447e5acfd21e36
CP2639.md	a6bff28b595b12e0892fbaea2bd1baf959e9b8bd1a7c8b13c44ce621c2be9ec6	d5884022c85ca7651850dc8dcc33b9ef2a290a610a84e0ec635463557ab1db77
CP2640.md	b0fea712cbc4a88ac0407e5c86d88c8f97f35d5ce50d97a5f71e9625cd7f57fa	2b3d533dce8f88573d9457be17147dc00997f5db236313086c8e3a297e98ea13
CP2641.md	4f3692b1e1bcbb62b1e31052137406384a08f212204207fbce8b2ec895eb5558	862c5303ec2b2921c27656905d9e6b10ed1339ac2979421661f232ea907dde6e
CP2642.md	e2aea23dd309d9b84a6d1097428f1f5cbf36a8db5bb2c7136d20f72e1d7e8eb5	f8a686669c38201210211b0301e594d1550937bbcc7c742cfa359bd5031d22e7
CP2643.md	f17e2757daeb7242202cf635f4656f37e18932a31c444cc804b6b083b308a3b9	01c871001a3e0ee0d75e3dda38a016c0068dd71d00460997047abddaacc8b036
CP2644.md	52c056f0fd9348cd146d88867db9b20d9eb324dce3604609be284257ac975af6	fe7d81237c7fc14c6d63443d6d998571f90e563cd2dc80078bc93561fd385bdf
CP2645.md	4c7db33b2683d7c24b3e810c567feed674ebfb4e79a588158284d54eada66fd2	405522a756b29ee25f4d9a4c1351b7a11f073a9db57253a298a441212b66444f
CP2646.md	1fdcb3a1f1d1738e07aa51a7d26190b77b72c81aef448c929b6511315258281a	f7a2ad77e23d7e7fa13e6611d6fe2fa056df0124144d30dd5a9e74f8f0b9f1c6
CP2647.md	639482b3d98c5c2fed66655c2f68489d1c854edd67b1a3db0793ce6f67de7d18	d8d184d9eaa50344d86e34f816a451d901369eb3fd7d1dac3871f6ec57035a23
CP2648.md	0c992c71049deb45d65854129c386fee6af04b583c9c5128fe41f2c50b51f56a	c13e59757c7e041dba5b054f724e890e70abeba70cdd77d669124a9df6554af1
CP2649.md	b937745c39cb086f68c3a6400e247ccc16923286b3aba0bb9d0b2351455f87d5	fa8febc605d382ce6a330921a5e714177fb6f21d7a17617063e4dcd28004be62
CP2650.md	ccc232bdeb8adefe4c07585323bcf886cf009198c7e557fe618b27a6e24c0886	22ed289fd5a60872e19f6e7f28af8412ab5353e98376eaf5532b358499452b15
CP2651.md	5a58f6e0d7f3f01adb9264e563f398f5a8f5f97bf46f734eff7f973f8ebfaf90	28687c40896e2e5cdc74c4cc89214463efc589f655d470a436aaaec078e3b079
CP2652.md	6b0fa6a0effd786cf301f1a475a324085467f8f6aeb7e50b124dd95a099f1817	2bb1d741d82b753144118dc47edfa2158f3eb2888db59f397dcc0fcdace25ab3
CP2653.md	b4f90f46ef58fec9dd65263ef6d494ec9a332f83809e13b8fb89a994ea10ca5c	3761969055b46b70a55512831f69ea31c1568f0533084b3235ac43043db1707a
CP2654.md	10c18d70f66b35914bf322d80eeb3c1395f42998ae85f3d8374e7eb29a2c16c5	3c85e529834275580a473cc1df060b32e44b60d09129bd0074586b4d695772ae
CP2655.md	7b7524807824d78ed87e365725519b64da32da4e310db9ca687bf260ba01dd24	e31f344b331fc3bbfdd4d677c62655ed77fd8c83297847e728adf4570b7019db
CP2656.md	17352e64ab155126e5bb8a69a64e8721337f5c2f7ea0137adb20b02802cced5b	2e95f5f20d490b84b076ffcd1e04ff27ce1f7b8a8ad43e8790230c9a19ebb8c9
CP2657.md	1300adb627fd4c93dc05000b4366d8b2ceb21e6b27c67770a01a33d69a050f5a	def19472009bba3a303ce8c5dba0cf8bc653370cce0e70ea733396e6fa075f3c
CP2658.md	825219488e77dfe200df14cab403c5cbe38c35f9015de3d29242fb9e76222a72	218adf05b5e326d3256b633da5744a742e3e1effd97799fb3f93bc35322449a6
CP2659.md	30a8561a680f2e39951705407a443f7945858dab5a11bccfc4d6d9bc5bbcbbee	2760d758e117dcd9e6c9fe5962e617c4306251698ac70c1b4c3b4f9a37f4590a
CP2660.md	ebeccc2f7c21bb5cd67c1bee6261a01d7741c178b6bf88b319312323c92b0adc	070193efacb5ec35669ad84e767e3d4c3b0dcafef2d19bbf8f34a9b1dfe378bd
CP2661.md	5b8532a70593783e8813b48762250bedf7b1095aa8643caa7b2b3479bfb83350	2890d19b1484509197b5415825c177f38220d6472644404acdba55406c4c74cf
CP2662.md	eea72ec55d12a00f1f44ce7650ae04ed529d3ee23696ac0a9257540f144067a3	802567f3a1056d4cb4e2ae434d6531a09a917f47dbe6d19b7a1fd4478c47a304
CP2663.md	2453d4f17bab253b302002301ab42202be4e446aafead591fbfb6fd31291e026	9a534a9843052672eba436d3bea5f10a984bf978a44bc0682e8c96ddca67843a
CP2664.md	9c1ca68b0f7de05e7fd3861df7870f2ad7d137f57f1593199a4294292bc6140e	7a09f190bd189964584590ecd8ccacdef41e0f489ffe04bcf10373edf586ea1a
CP2665.md	e4cb837909acc5c2b7687243af857fd3a714c384ba380a69222749e588a9c6cb	bd18a46b722d2627c21346a5f2a6cda3c4c3206a6be05d22e0660a8a3852e8d7
CP2666.md	68e1c8bf20cb79fb0ac2fc1b2ee37887d56c614592ce59123a1ecadc3ec25152	b69efa8b65f04cd0a0f13fb220c678aaa4fe022f90de8c521f1968817e80e394
CP2667.md	119837bf57aff91da3848076e4200c509b0b1d429abdcd76c47b3ca66413473f	bf15fa9fd869679b1124854999dc6fd9c824387e45d3aec47a30ebf63a1edbcd
CP2668.md	d166d8973c669bef230ea0d1c77e408c64ebd19889dd03ed3872b6efa3db1d86	824c8392117f8e3957c7495b176332c6e65e0120fcb0d9bcb5f51ecc2c58b07c
CP2669.md	037d7b977dd166038a883ef855d42f52c93bf0a117e3aaea0030eafb25898da7	e7f90129f6a71137a6c4e410d90f0759a4f3f835324a76814f79136292eb2d76
CP2670.md	6b0106f07ecf658a3fea39d9ca990737e661cc8786bd4b0d0bedf2dec421e390	63214a813dc9e886f3a7fa1f94fd078ac70eadc8a7ea91b8a357e641f8d5e851
CP2671.md	e6f51b2e5953d3bb670a02ef0100a0cfb23f846c8be592460e550c611724541f	09c3c763b7114da5c7c51804d83e611546a14976e7dad7080b4b353d5b0221cf
CP2672.md	d9dcd9f8cb34e48bffc0725321af62e2e9a0546240906b3cc9da97e2b647710d	ea8140fa1899a1e07296ec07a393591ed9f9288f038c0fb890d62aa93ba09848
CP2673.md	22e0411e96c0ebd7679979bbcffb9d83429dbab55bee7eed3e3c8dede2e328b0	7591cab485db94eaddfbc3b58363ecf684bd756155c278e4119de5d3bb4320a6
CP2674.md	894497ff1d6accfe87668ff29c9ba314789cb24b389428fb4be5116deb8ba40b	028dbb82b539d9cc77265ebcd019990719f6dc2fcc02115f6d06bce0ef21bfd3
CP2675.md	9a1a993e60e0948e932a503b8f35e0d3a3586f5408d13ecdf519cd71f9afa49e	b4e6f5153523be133eb6923c897c342ef72712537d174e7be7f6f46470f63577
CP2676.md	a3e816337058b0c3c109cb86ec773ecefd9dc5f44734cc984072b493d2eccfcd	0146fe5ba2071d58c456420d89b13a4ed4228335294ca29f5405f2e9a181ce6d
CP2677.md	8c0df795a0e023033e96f115b642d5926e5e7e6b67ff9cdb13fc6866993f090f	cc0ee59a57e3017312f7431a7bbd000b17a6a62a1061d680a10df8e66e81dd65
CP2678.md	f73ab067cdef2fd79b3791678e838f0da264a0498283c333089ab7e99112778e	aed4856bb704e048924eaba2d2bdb657934d1a157690ac727229a23ab4b98b2b
CP2679.md	eb5dc6f7f9cc93a4420070fd4242e251a0ea35e7963a13c7613f75803aa18482	c14a22fc3dc627b7b18ca65179b694b5b76235d9e030242fbe9b4405d780240f
CP2680.md	4bde0039501d71c7f2e62146f9f774ef17860816dd9e0f87cc78b17b3f859950	eafc5340f3194797a779222e275d419fe3b525c8dcca1efe852680683b55c929
CP2681.md	24e02efc21922c39c9255323355fbe37b7e4529b4bbec5644499a40dacf72eb7	8c5f8f2564ad8c225e6ba7126d7cf96e3376618ab00dc8aa8ee419b99da3235b
CP2682.md	4b859c30ee0a26ac7356938050073e069936d947c3b49678d57dedebfec5446e	7773ea0d29a5e0e6aa69d441b522464ffa00187fbdd9f05014ff1ac8f77c851a
CP2683.md	60adb3d61b08c59f3a849ebf39817cd62f82a4f086301acbc192d36f002a654b	c4ebafa0edd0bd447f9a70dcbd373b8c95c40e024f7e4f5652bc681e5a5e885f
CP2684.md	d6d224f2ab17106d738bc46132d5a48dc0439d9ba46fb7d47f75f09b303d3453	d6d224f2ab17106d738bc46132d5a48dc0439d9ba46fb7d47f75f09b303d3453
CP2685.md	18a991cc0b4160cfab51520782b0922a90310421a694ce3b7f0657f615f94605	f17bc8312f274e5af38bb6858f2eb0e73ee61044709aa0b8e2f53f47ac53ea97
CP2686.md	e963c27e1b69e7935cb9d921e6c7c4d46e538e8ad19a2de933c5d8440a4823cc	e963c27e1b69e7935cb9d921e6c7c4d46e538e8ad19a2de933c5d8440a4823cc
CP2687.md	4cf94481e40ca9eee2bee7f34746795ac5fd3fdeb22c8a4e04290311719ab557	d41cd72fac89842f0e16ceade45a50b49f17bb5728908917b4d9d02c5b5757f2
CP2688.md	f74fb1253af78f91353edf9f53528b3cb6ed9267cfc58d3dff7159e4309eec07	fe1630e81e75034c4b5bf66424d234d79efc655f7695b5ffd48e46d5089ee32f
CP2689.md	5ebd431a4fe013500ca8fca99cd8456153c37740cddd65eff8e02ec875a36d39	5b5a73eab90c2d719199be3d770c6139e8ded9c8959be61a8c0587db4bdf8f3c
CP2690.md	bc32f3eabb4b130fd10ec1a54022623e027f85dc70feb659836a556ff1a055e5	bc32f3eabb4b130fd10ec1a54022623e027f85dc70feb659836a556ff1a055e5
CP2691.md	9c73d796b5949f13f973a6e2daa78a347d2af62fb07b525492491e2ee1a390b1	9c73d796b5949f13f973a6e2daa78a347d2af62fb07b525492491e2ee1a390b1
CP2692.md	8277c4444368b4947146ad1bc8be5c031132a1a0da7e386d5fc21f30e2d6a4a7	9ecb7d3cf6cd5f79489356ae6da77e1ea0d7539dfd426915183e6ed2add25554
CP2693.md	5df27aa7c9004406164bdafbd5b8b78e4d81671cf9f56fd486914fce1be8424f	5df27aa7c9004406164bdafbd5b8b78e4d81671cf9f56fd486914fce1be8424f
CP2694.md	c67370ffc3e53d188c178efeeef40b53b141cc1cb87c88bc68dbedab05ab4afe	c67370ffc3e53d188c178efeeef40b53b141cc1cb87c88bc68dbedab05ab4afe
CP2695.md	5d664f696bfbe82d96cffb709a5ed2bf99769997f4e67a897ea918401e3f6138	5d664f696bfbe82d96cffb709a5ed2bf99769997f4e67a897ea918401e3f6138
CP2696.md	15894ce74b95c3dea1c542bb6cdfe83189a8dae851b03b1f5fd918c1aae09025	15894ce74b95c3dea1c542bb6cdfe83189a8dae851b03b1f5fd918c1aae09025
CP2697.md	204647fd4f7285cea602b218d62ea6e60a1cc455924972bd044dcbf7bdecab9c	204647fd4f7285cea602b218d62ea6e60a1cc455924972bd044dcbf7bdecab9c
CP2698.md	5920f9d439e0429ebfb2a44b9cd0911664b26122ed3406c2dde52e98032ab7ae	d3adb98d3ec16087d2083c425a7c93158af599d085a170c665df0843d200475d
CP2699.md	086181fa693bf1183d567d728b6f4303ca26118e535c4f7613b660a3a993afff	39458fea8ad1c4b5a4095050d41a8acba358988d3b3dc21302b897ed6e297820
CP2700.md	e0c98591effc7be900e4e4b43425c6742043b233bfbea05f529e18fb4f26051f	9d4c1e0c06587175347c7ca8a45ffb86072ff952e640cabe3e752491573c77dd
CP2701.md	b08004840aca255409dbfda84052a32caf67a8b51a1d5090ab5bae88d13c16fb	53db4940b2220a6cddb85f74111b662950a3d3f2abe764f7f4bd9c5c3ff544ca
CP2702.md	5feaae7748bd53cb3ff22e327f67a1f612d47cdbec7fd746776c80c9f99e6b80	6db3e3101db72fb7061cce366e6c92985b29221b9784db1ad38544ad24d98745
CP2703.md	b02149349366d9e8aa84558d241a5576d759d4e93dd0a7b53d51ff0c21e476a1	aa7a97efd5bd02776646672f27ca3d38666c11cee568116929fa2695f2d19888
CP2704.md	e1767fcfda51b675426e52100896030662b22fe8349915d9ec4900bee4b59d33	3787c1ad649061f5be9ef440c59c65fe930b8f1bb753d7243c0f6225226336aa
CP2705.md	674319d39e219b0a9162a721a02f6fee05e919c1ecb5eeceb6c9e34e4dd7466b	ad5e52acb2ad0d6cf5e75bf4a926e6539df7df70ade0ca86137268d8777244a8
CP2706.md	33858b8546a793ae75c0585b826c2810a2a5d9f1ec0c8a5d95673b92c457ce2f	de2144319428f081c36d6ec8001165943722642761c0fc3b77f04c1a24d1cbf5
CP2707.md	12187631c3cd6f0ad1eee331f630106a289f0adce0cf7c58237a7e6676bb4aca	88478d763b1d639274c751fc4db74d1e8559c53545996c571fbeab4b740f9d61
CP2708.md	2f33795509c475b1dac4abf898cc494f7722d7ae34c3486ddc0fd3d71d7ab4e3	47826a36682167ac3a0fd488ff5253119934b5d4a8839d26d1afe5083d4c3da4
CP2709.md	b9440d11f1512bd6482667506d336f9d44eb78b7b22a2418bfa66b53570d2fbc	b9440d11f1512bd6482667506d336f9d44eb78b7b22a2418bfa66b53570d2fbc
CP2710.md	0a6183ff5130e7245eff6b08fd684ff8a06859a8ba19a0b405ba164f1b4d4976	0a6183ff5130e7245eff6b08fd684ff8a06859a8ba19a0b405ba164f1b4d4976
CP2711.md	48848cf4330d0a46dd25406c4451e9d573c5b01c0d8169fd79c5f82f359adcfc	48848cf4330d0a46dd25406c4451e9d573c5b01c0d8169fd79c5f82f359adcfc
CP2712.md	b86024e49d70c610cd395ba136549ff22e4832744bd9c917fbebd41250a87460	b8f183e753877c4c48518f2b2748d65f39acb3a48089cacb1c2c83e518e975c6
CP2713.md	a9b0c38c4fe9dd01fce33d475791155ec8625ba669773d3ea1a6d9eff229364e	a9b0c38c4fe9dd01fce33d475791155ec8625ba669773d3ea1a6d9eff229364e
CP2714.md	dfaea38f42658866a225e7ec3cb43075acd3e825789ec7ba9f878818de49f108	055e2f5644c918098df1e9958fa1248270d1feaa5daa7b244618b494768c3097
CP2715.md	6e92434d95314eaa5158d54df66f9da96fb3a65a41039806f4175d8d3d9480ca	6e92434d95314eaa5158d54df66f9da96fb3a65a41039806f4175d8d3d9480ca
CP2716.md	d3790d7a4cd79ea7183ca5e5c192d993110c3a23a92e3fd1adfb4d8f01d7f0a6	517b79ffecab45e23d8506f9d6b7688c482701ed5a5ec84e0e213e1fefe1ecf4
CP2717.md	6a66cf41e15ce6a8467d10d6491bae7e314ef79c58c6b601c8e6b790572b062d	c8c4bb8d8254d3236f1c2d9357cfaa992aeaefe7ba10f14a9ae2087fb3fe7905
CP2718.md	186cf80367b06ffe4cc8b0e5dae0d91ec44201d97ab65b21d8b51c467571bb90	5a8634e3ba11e9f61f4b20e3b091c70400082be4c8982a3a59ea55dbf2e2d13a
CP2719.md	568e20ac5b854d3972226543be713b05913c5fdb26e8a1ee62a7fe4130dde51f	568e20ac5b854d3972226543be713b05913c5fdb26e8a1ee62a7fe4130dde51f
CP2720.md	03374eb51af17e59775825eef472b63c904ffae16202c44544e2e74df824814b	03374eb51af17e59775825eef472b63c904ffae16202c44544e2e74df824814b
CP2721.md	a3c102f05e97bfc707e5f27e061d5d795248d6e64408bde81f3d573af3e98a73	36d3edfbc31025459e3ee4fcfa6a5a589a0d5b94c76da29a8e71a51c7fc2b850
CP2722.md	25b958ba38e135936e1902306a1a1b0e58f27db6c0194ed62bea47491b0c205e	41bf4a57c2e80e8a4de775484402f38eb9f494d0959fd7b9f7cfebb6fc1af939
CP2723.md	9240dd82fd13c2bdce03312571d6b7d058a903fb47e0fb45ee1b5f074d0cbe93	31acea158227bf496e94ebfb4582ed0ad282f5381c36060a2d215d148930a619
CP2724.md	6ec746b78e69e74da74bb51ef26f5fd41460a7810f825bf69801b23969561e84	ba11319faf9a0f942ea3d6f5d4b28ce939936ef6633a4a0bd4a99e34b855ab2e
CP2725.md	d4358decceefb47f5550ef91436aef375e9afd5bff95274293fe65983347eebb	4f660be7cc421d61e79171fed218bfb982b8c5a0043d535406b48964b19a1845
CP2726.md	0e11608dbfb8623e8501b9537e0d2b71fdc9082d249398c39d733ac2e37b6729	b83b66443435c392daf703303e351cbe0b4d112287eb1a9398a3aa22dd03d346
CP2727.md	e1588091b9412053e39ae55c68eb4ec321350b3ad9d5875d6bb48a2205f4b398	e93abda7aed54d21a80ba0d79397f2aa5ecf7593350ad208079858e6c3a9c172
CP2728.md	84eab548b3dd074fc1f7bc9c9081bcf176b57a87330b37fcf123931ad3020f27	73ac5fecbf4f01559213a3184dee1497127f62efbd7ec4284f2c757917e4ca33
CP2729.md	0c50c4f9412d69479fc83d66b0fce9c136bd355b0c21de6788928ffe1c2028a8	48fb88831f76e22438d8ab1ee03fcd66c5ed3de5803d5a9074a98a2a6503e448
CP2730.md	bc12ac419ac3ed25cc1d32b179586d446a62200a09e632e735d6f925e8fc0f4e	eaf6f485f46170ff8fd1a79b092d5cc9cdc4c200bd2c62ff94dd58b9adc160e2
CP2731.md	9d32825cdc9fc7be8ec9d7d32c22d49e4a62cec94225511616498331db2b4be7	4800158db9c3daaf343947d0106018b1b98182a0959b1a4a0975013328166071
CP2732.md	d24bf725ecef6b84e299bc3c5a423476133cac04fb1e4405e61d012e099e8dc6	981865f3eb2eea182c7f68340758dca5a956ab8b6d7ec084aa60642828ccb438
CP2733.md	837f9e2ed1c98779c5e125105277a0853e108879d47038e71fb88514d5ddc1a1	a0407165aec25c91a51e49ea31e189c91e2f3deb01a9f2929fb32ecb027132ab
CP2734.md	c279ebfc56bf37abb65b23694b1e30239db82948dbf86ab08f4002771634f1ea	90a7ae4c8580fbf110111ff29ab057c230f550770a4ceb9dac2fffe26262fd47
CP2735.md	ffba807f7c715a179b81f68d41fd5469e1578c1ce0a3dbc877c0cef99c0178f2	255f0a5633a12f07a1bb223c141c279c4a07ce4a3107e36bdcf15a56baf920b1
CP2736.md	04b20a65e80a379611e4f5f1e17be9847fa1c2b3ab06b8588199c54969d64e56	d52ad3d72d5787a3841050e04ff1d679af78cba7acecfce7e3ebd281796d745a
CP2737.md	e089a307653bc6f8c73f60112243a445397419a417690f7542eb1e71f58ff4db	5795ace2a97bcef7bdda5a5266120ca62114bafc683c96d90772564bcd215261
CP2738.md	26a50468010a44559a4ec87c1871deb320ab61bb6ba901f819190597e583385d	d5c357e76649bb201402114fa9af59d74c07c473866020f0a8d3838c3ccdc28d
CP2739.md	133a3c223fc9625640751fb016fbc926572d801be4d4d1339540c0443aff2276	af3e08882dc8530079d667715f78a61be631316c6491e2a861bd48d816970255
CP2740.md	ef6889b4bdbd62c0ad49cb04c63fb46826a1d332aac38fe6e1d5c4e65a6c7b55	40dfd47b6506a3ff352f053a23020c5501fcac5e6a024eb7da37ce75a1bba12d
CP2741.md	a5f8ac8f722cc586d5531b0d819a541d9e82300e934543b6a620d2d53c492e21	40c2949e63c4b10d25074463cbe883bfd2465356a4eea00e4c7671d54a8ecb1b
CP2742.md	f2b3db3724d64c5d834b848ab49536a6fbaf31478c17196ddc0dadf940a0f587	29745fccf1246ca9f2b2a41e10b966dab3bab25793e0df89f5d63ed6ccc1bed4
CP2743.md	7f4d3566b2762296b31cecfa63da566d8a0a4e2f2695d6bfd70163d57392f4ce	313a4d14f76c9f98a6489b5a102fe8cc0bd3beef5f01aec50f9c713f44d36078
CP2744.md	7d36e9fec2f8c87d7d33fc77a7754621e414678ac4ea74e5b023af898ab8d304	0c415d6126f455a11414a62021251b9f3dd644b5b45f8bbfef6b2b210221a722
CP2745.md	188a3cf7f8e2da8e0377b1a8ff2bb0c436c4665126f3e7ba9e561b9b2f63a45d	bca796874009df1f3429c12d45f9a6d830ed1752e2ba17de8f9deb457b82261b
CP2746.md	3f55d13b5e89d1fbd2567b6e5f1d417e9b0210a73e6d1398a24d0234e9a891c2	26ed2692de78cde24611bb5b869ff53b831f276a8edb2552c65f23c267466d7c
CP2747.md	ed66b77f477af9902157959f0ceb8533599adbc4d39a89c6c36e724e6d3d8327	357c824ca1f0d21bfeff087835125fe08777af09688f6c7a7eab9f9063d1c7a9
CP2748.md	263717a6bad584700000b7ae498a689a48626a72215e1de4c0580ae915bd221e	03c6dd3697f58b9caad916e94de3246b9b8734e4293a0d4bdb259c0eaadec38a
CP2749.md	50e993da9a3360805ce10c468e6b0e26f122f4144b0681ed460f1d76bf61ed3f	5a1cb6d8fa705e5b496ef604b8072efa1d51902f3fcab138f313e4ccb84a79e3
CP2750.md	70ef9ad34ed77dc639ed385cb3ae019faf96e25fa73f75f45225e56d90b28153	4206fb934c0963146679043a9fe042b98a00b6369482229b09f6e66689a13650
CP2751.md	6f607e632d80f861c47100d88c5f9d0b9e1f8a657dcdbaf3995a7b3c2237c434	bda0dd278953c2186c1d2f56ca5d3e2ce1ca2f1fea7c10bc152c52a991d1b2cc
CP2752.md	5bd6620b0b3cfa40b3a53969a193d3a03dc6f5501935ea091c1adf6500e14899	22fb6b21da082de75dc77f477398e7acd2cad1823e3a9d1969ac02967fe1c7c4
CP2753.md	1a05e8125b09926ff91befb475265d091075318677a8503ae06721a342a4807e	c14017af2d51b46a5538eddd334ee7a912e8f1eefe4538ba8de95323e30d6233
CP2754.md	88bed144daa23ffe8f90c6a27952dbfa1ef7a0ede2319247736ea32d37baa6e9	6988a6a7978b73eb6c0f28aa053ee28d756c3b6218bae6f67ec9dea8b0cdd22b
CP2755.md	c38d6e41047591652b79b3e58ebcf92aba92872f0237e6e81d5664295a84d392	7fd6519dff069e30190f4e2d2145f670097eb1abece2c1f5cefe443979124584
CP2756.md	96f48f3c2e6f3670c80fdb204a129aad75e037900e52047f7fb7826dd5c5ccd0	b49724f197f7bb579a12bdbf318609772e6f80fcc421e9ed0514ce9509dbdd9e
CP2757.md	9b1d86d36fb66245350cbb7b7035516e04a1149b98249488e92cd00413a0f9e5	812b79745f8d2812a4679109542e994e08bc281211e737ba78a4c71a952120b0
CP2758.md	a4ca222c19f137263620ec77b7ee5c5f984313e1a2d3bca0d0f77358203d106f	8f6f2f3132247827e71cff1fe0f8a139e917043ee24e6f47f906a99f48c7bb47
CP2759.md	35cb549cd8aab3cfad03a35dd2d1a1bc64bcca75d41251cc3c5ff37283621d31	f668f44152c300f14fb6403962ec053d92f356ce55037034adcb08b4e628a574
CP2760.md	f3cdc94335d464c77ad971ed6629451395f9a06c0f575526e99010ce2dd2bc63	c289df483d0b40f540c2407529ac73210a85b51bc501247cac760c4725394d01
CP2761.md	136462a6711aa44c699aa3007c0fd49b6a717565f50a5f9ebafbb8afffe6a891	3c21fa18946b10512609af9700aec8c2ab97074b0c8f170a1062e1b37f897047
CP2762.md	30884f8201734a618ced3e0c6f596952f4e0938aa4f3d75c2e012743e735ccc4	008cea97b1c82fe6492f02f566748813dfd75b383d3cfc922d17e5d7b5d6ecf6
CP2763.md	b15eeb214fed8af8a2d12162ee41ae847ad7b7ee738d0bfe1a1c57942243782f	d7900eeeca1968d8070a0bdd82fdd48d1e439c31a189ef7c9a3c89d854aba1e9
CP2764.md	8a60052aff6a8c05cad0130645eef6430851ebe50b1da29e17bfaf11687112cb	b71196b8315b21d0c1a3617c0adcc0507e30f094f4ec9f64ac6fa8cd471c26f8
CP2765.md	fb224bffc14c69ec41ba29514c49ff2036f90d3ec69d55c67911c9e23daea1b0	ae333050b66c944c349ff7d684a0c904659e1574a8365e377947189aa7a11260
CP2766.md	e4da45b960aa6317bfa6b59b7d42f033b1a02cab938453924a1acc4c565af8d9	6c93373255664a7bed4f20435bdedd69d4a2c5de05a6fb179fba594350d86662
CP2767.md	b9779c76b3624ffde04b948e05385327592c6ccd4d5408e3982467832c4f49b5	3a955e341781e9a04f3d77dbc88867679e77fa42c7d5a9fc7782a8ed9e740811
CP2768.md	74b201327abba41799760340bca2c02f74c8fdd9e02e3815231fc78557fbd828	86cc1d51dac5c40afa4094708da912999ab830eb8616b6c52c26f4db7036a29f
CP2769.md	0970d8c5bbb3e574156623eaf07901056c33ec9f5f7671c491cd877670657e74	ed961091ae83ceda572a75e57c252f5a49fd74d068d79c85bc1a2789b0b7f85c
CP2770.md	3b88d469ee1785c5d1783896ad62cdb7777cb523c422112cc020653864e8922b	97e6453a824e64054985d637076e196a4ac2e3c3f5201f4a19af789d51fe83be
CP2771.md	75f87fed85834be7abb9136ebf944f8f37c398896aaa9c717250c6d19753cb42	9093d5f48dd35e6af028fe9e76637ab21581caca825ce4d6079eccb758360ab8
CP2772.md	72dc52d95092d87456875dac338a6fb25b64f1cec99755399b41ffef61d5ee5c	829d7251fec3f0afd5d9436bef6a8b4b44df834ec079e1aa049d4ea47859e798
CP2773.md	2f8ab5ee94e5e7be2c1bc3e52e4c5bc8126e53014df73c1a2d08a7ce38feb675	543247bcc9c07ace4292e7ab02d20f3a410f83b9fd032676dd3e9a83d93d8adb
CP2774.md	7e6f1c782c7c1dd1b6505ae4e28614a11a2e3c9692b7f51b6176a3afd4dac533	e8f023fbfa40a719cfbe947402784f3cb9784cb3a6e2e30d63ff3adbf8f10ca1
CP2775.md	b877b62748e6d48b608b7cd910d831ace5d850363409859a10f010419b2d9879	534d4719f4bc9387175e9e1efe5fadaf9d2ca30cb048f86ab412c4e913b5ed6b
CP2776.md	7b6dae628cf621bc7454989299412d0ebc591cd57ddf85bd1483965a71b41cc0	df6ae1fb123238d17d6f4cf716feed6b336e6c8bfd8bd060f3bc1bd269f27259
CP2777.md	9b50a7ed0bade955cac27f5b45e759bc28d1f1962dda13906f9b58ef4ba0f7ca	0bae9c854bb9cb38191632631cf4c2d22635f03f6754b4c3c5d8d9ab9fb75a80
CP2778.md	e31bb28eb553b4c2e3992b5d08d3ec0d92456be2f979e3e6cc5a06aef40be490	6c96ab7db128bb8d6bb2e7d64cc68b754bc3473fb9d2bad5cda1972a4157d5f6
CP2779.md	ea67619cbc91fda3fd5800594aaeb0a1dfa46bd3e1d04a5d449942c01aaa4bef	ba7e21f57dc942edd082870339ba93ac2ed2aaf52e698d028b10ef63b03742c8
CP2780.md	e66757ccd95d532ee5944bf1c53dda27e3d5d7d6d256ff0243ad645b38fddff4	d658141698fa661be46b43cae4c43036d93e31de6fbe0c005fafbf39ad1fad58
CP2781.md	9918c5091ca9f2bf31d0c288b7b3deae9d8f61ea1f4dab9f898ae3611f355b75	826ee54cb215b51d081b2f9d9f1d8cb82fd3bb977c8b79f85ac965ae94cfe18a
CP2782.md	cdc032a3d0b191c73ee144bda3d0ad28428209927f556aef8fcabd309615caaa	2489b6363c0fd95f3ac3b6d5945cb31c8193b43cba71be985641ad2a808612e6
CP2783.md	f78e6499a88e7a9a5d65e4cb56972b4efc2ad0bad83f09addaaf273586908918	4b770ceca9dd6a4c0b8eff19f39fcb06deb2f59818be0f71e4e6374ac2e0dece
CP2784.md	609835346386d82bebf7f9c7fe84b0d597dca2f151366fffadee9336e2e27c31	c4ac7e546a1881462e391ff9a4b4cd08b6a26b3a4f047f89134796f206cbac84
CP2785.md	61753fc31512b8346df3863a80ee4e6780cbd8a7ea3195da150f221d50d6c984	6983de0fe0793ffda659facaa761ff73a2968cbc9109cd6ee8e5045017a7a417
CP2786.md	ad75afdb9542df797a0ad8e2235e3c3fff528c27987b53fcb67721f5fb8b112d	0d2e687ba1ff2b89cf60709b6c3443a6d1f5a4315d1a1bcbb05e107aa9c541ec
CP2787.md	52c2dfe507ab3bdfd90752a648aa0051a9616e672f1ff293483d8e31147d7353	5ca474c6cbb672e77c0805c2c96088c7fbf1f403fff4d31b6e31fa78c5e85d6f
CP2788.md	65c15ed7def83f528a0ea923ab7907af3f8c85654a90702cd0b066176c78fd4c	a695ce5e293d527505fb7c6bc353b2377f329d5e66d647b267b87a066dcc9092
CP2789.md	8f96b2ab62c25c6fe15853df2361a2ede53e0017a147dc093f4128b7f9edc446	19763c28ee07fc49c0e5b556213e9f78982fea85def0050c4bb4b8b9a9ef98ef
CP2790.md	b42be56d31d85df1868d3166a3b3ec5789f30ba8892500513258da5c3c270cbd	edd186abb5da936a40e96d3466f838e5d69042ba59b1ba3782f5265f9a93c436
CP2791.md	7af601622069e7cdfca786291858af2989e26450afa85bb7262436d765d3fb88	26632f91d38a18eae4134fbc9722a04e97c70ee72c26986cc1441feea852b304
CP2792.md	990a477d9cb134f414ba2393ef1334c1be73e3f56de87c3850d54b0db4d2c134	f4f2d522d35b3a021cc027522d66a7701eb72046d14d604b1a6c8507b74aeb60
CP2793.md	7da15548841d7f3076c045f63945ab7f269538e917f3ef45d9c8dbd4c191d128	0048f922bcd3ab9e147cd4c0fbb24dd1ba5c12297f45d516db3cece77a3d098c
CP2794.md	dbdd234ddb7360e255bf253d2811746d5cd85ef6ebf8c435d46f69f9745ded29	41d29109ef0f77e7f4a9f2ff13841444ca3d2b84b4d392f079a7d94217cbe2c0
CP2795.md	3741c3f8502207497dbed7b376c297d25f95634ecdbce1a2ebbad0c754a628e9	3741c3f8502207497dbed7b376c297d25f95634ecdbce1a2ebbad0c754a628e9
CP2796.md	209849292e58cff02180e0dbb42f76c800568c431ffeb49eb691c0d0e962a44c	488f1cf0f5fc93a5b0ae11dc6aa089a2a2be6fe94923c0f7716ffaf0dd855079
CP2797.md	5a0eb9ec919d2fab07b0c3e3bf09f5181e8ac2c79f0962e68b8ef97b5f340df2	c70673211365e981f17e51025e528bab08d5631e419ab2a255e98e6fd07b5731
CP2798.md	2b707a0469a9d8536320738da39a23d21d432e0dd58e46c69e80b1278b1cd522	ece2c846be5805a917b392c7a4b2f6474c7b1c9d9df8b89b8603073686682feb
CP2799.md	15474b1d19a1854147d67b5c10b6eb4b58002b4b38badadc4c038b205ebe741d	c270e0ea9fe42b10043d315bcefb4327125a1255a0401d26012487545ad475a9
CP2800.md	9598c09d04d9f4ab63537348eea12ad8157f6ae36ba20fc9df37d9cc16373e70	9598c09d04d9f4ab63537348eea12ad8157f6ae36ba20fc9df37d9cc16373e70
CP2801.md	c012ed5cd50e2847750abc3c0646bc55c1f16b920ff657914fa043f4f1b16fa8	edee3719f253dd04d9de6b53f1201ad78fea511a32e5ee1fbfb54f9a6b06d185
CP2802.md	c4b1a2e97cd02e9571f962c55cbf3b7ce4f1b7731f0ffcbb832073de58cd72d3	c4b1a2e97cd02e9571f962c55cbf3b7ce4f1b7731f0ffcbb832073de58cd72d3
CP2803.md	83eea9f1c0884efbbeed52f6a74ea066c8e53a32d471ed3795a40865df0ed9e9	d3a9784f82082abdfcef288fae1281ffbbe5ebfedb6ad60079e049f8a0fd3738
CP2804.md	80492663c95341a8a9f9de469bc4274f84126720796815b61b4f76fe8824f40e	fc288377564a8b56e51869c0c7811d7b677508610251166495680548d3bf685e
CP2805.md	3a07d970e801fd88da018b5e021dfa672cfa019613884243a405eb511ac5f328	e211f836c28b83096f625de8e2eac78c1d60d1d8898dfec6aba81f2ef76c3403
CP2806.md	ca0d12604eb16418fb3adf21378ba59a975099744b5268eef24f2e019f95765c	ca0d12604eb16418fb3adf21378ba59a975099744b5268eef24f2e019f95765c
CP2807.md	89ababeeee7c640de79db769331ab217c567e30d9452a5e783ce2d615c95a21b	d39e7ccf437b8969bc49efe91e9baff5490ec54a0f5d199b90bb4c8ab1d534b6
CP2808.md	cd1875d63130465738a60f8410877296dcebacb4c8971de352258e8b6db64a88	3b31e058041174be0d160c589383206795b57f86ae44be7f20b1904b2b6d91f5
CP2809.md	685d30f3bb6dd9d72c5d33ea24906b2a0252f50327d77fdaf7a4cb6197d51c93	bb4800cb650fbb5a48bfb9a406a6ca44d287801342c5809d33a13ae352aca643
CP2810.md	8c4646ee1e5bee3663f6acf91ec7b0fb83225d4f67b5ff77a4205bb63ecdeab6	86236ea411f33961d612e1dca09f202c31ae6f23a902b5f79ba60f6d7af687d4
CP2811.md	90a92e353ed74e825156be831592adfb9067f80912be3a5c07cb979c1c7d34b0	ad9a272e4fbe1297154e62da7f60a7801a27d9a1e61ced15375e8723840b60fa
CP2812.md	64cda46b3ee6958faa04430c5c58c80a368fa7fe8011e001336a5a937f074d0d	0ffef3684f4e34407efba7bdd07baeb1f9d5cef77788e73bd8f4e259f02561ce
CP2813.md	16197f881db04571a35a5da228651ab61ce3a7471794cd72a12b4918990b9f54	8995402f5745e7d7f89c8a3550d4bb22833cd6086c8f7563b2b0511610cffdbf
CP2814.md	6c02c0a8dcd34b7a12ae458a192eb83ed1d9e96c4f25e57e13def28c17fa2294	bdc5dc97225650beff668e272457016abb88641b33ad556a3f2ced71540e5362
CP2815.md	391070a39c1eea60fbf315051c5e217e90e1dbfbd89a0488d526032ccc005a78	391070a39c1eea60fbf315051c5e217e90e1dbfbd89a0488d526032ccc005a78
CP2816.md	b66f6bbcb3e55546ed3fe7dcf16e53f6134d3e150a140b99337569ae92f1b6f3	0fd5d1e05bffb6fbcb1daec9332d971a33d598fb510d703f20a723342d3994a6
CP2817.md	7372bb6f41402d574d2e723e00b25ee197e83555213fd8489b3ad8a4a444bfa5	4498008278f89a16bd38f1c50dd3d0346697a4f5f125b03a8c41a3d8e73ce316
CP2818.md	676e1b87ae10a3bb255f0702dbd63350c0adf3f169e1342ec6e348c016934da8	8280789a087dd10080545d55bc88907593e4adf8e0e97f85a685f7c67e459d2d
CP2819.md	76d0d20dd36b1bbaccd028c82bdcebee20ed3cc178e85b0c743cf64fe3c214e6	427a57b4769b4e52ede951180866714521e37cf761a3ee5b467cf76c766baf55
CP2820.md	c82e413eff575dad88b7d0e7279cc0850eace3d8f713a73ea513dfa8521324e3	c82e413eff575dad88b7d0e7279cc0850eace3d8f713a73ea513dfa8521324e3
CP2821.md	96d2e82dfd319bbf5cdf4206f67a6b45af6dd75eecb2ee89cd8f99747015bf6d	93443647bfb4b426eba44d5c7c87a8cd2475e5fd4979adbc20ee2df0c41efbbb
CP2822.md	00749ea66d13caf8c79395199f4e22c4189fd958a0b26bbc93659c71cfb361d5	00749ea66d13caf8c79395199f4e22c4189fd958a0b26bbc93659c71cfb361d5
CP2823.md	8a90e433cbe62c650417c48457eb90d0177f7062911cd2920c4167f9ac3ac6af	7d9cbeb379a2feaff8655b94e30e2a813979c0835f802c78162f8b2fec36aa05
CP2824.md	c3b2712bd5c4d921145048930e43716b39cc394d3dd353ba7fa967d72d0d090d	c3b2712bd5c4d921145048930e43716b39cc394d3dd353ba7fa967d72d0d090d
CP2825.md	68256882d4cd8dfe6e6e7cbedae230b08de8bee06ba1812a91b16a45e4f79160	68256882d4cd8dfe6e6e7cbedae230b08de8bee06ba1812a91b16a45e4f79160
CP2826.md	2ee54a3247b1ebc430a104bb2faa51422da9a1fdd0e35336175343dbc0945a19	78794d8a113a662b69ba0da51868779635a535194fcc4d86524647b598b5aed9
CP2827.md	e17895e7420237f9d23d474696757986620dc7968ab3417dc9f0500d1efeec03	e17895e7420237f9d23d474696757986620dc7968ab3417dc9f0500d1efeec03
CP2828.md	b68e0a9d9f5b53155febc7e29fcea27b58091d6d3d304a8ccdbace6d69a7b7ad	f53c2200beeff0abc514ea0c37fc43c58b18f4b126d2cf192288fd555a5c0b10
CP2829.md	bcbe1fa6caf0a46e99217c5adbbd172d62ca53a0e99fc56f6736f234dce06028	6c140b6199a4f7e868365db9280b9e70a3eeee39c7f02267cd4cf321485726a7
CP2830.md	96bc40ef648e6fe6cf3b3cb1119d6d7db96ed1333ddbb820992ae06d4bddfc67	96bc40ef648e6fe6cf3b3cb1119d6d7db96ed1333ddbb820992ae06d4bddfc67
CP2831.md	154c1ba00a1464bd6b74a43a1039e03c554e49492e3fb187d9f844a9740bb124	154c1ba00a1464bd6b74a43a1039e03c554e49492e3fb187d9f844a9740bb124
CP2832.md	da20c6d705f237e2f7d00bb29f1f574d4bae05d7f3dd14ecb133e71080e626e6	da20c6d705f237e2f7d00bb29f1f574d4bae05d7f3dd14ecb133e71080e626e6
CP2833.md	7e530f5558954a964642bea55078f825eed950bb9f0f29e0d35dcf9b24509ca2	7e530f5558954a964642bea55078f825eed950bb9f0f29e0d35dcf9b24509ca2
CP2834.md	4df23c52c8c94a0db79c4712f75354c2961239cfac22635435196959ea0c310f	4df23c52c8c94a0db79c4712f75354c2961239cfac22635435196959ea0c310f
CP2835.md	e7d68f98d1a54ea8d4ba94343f19f0d3a745b1f748a60ab5f1e64458805b5d82	e7d68f98d1a54ea8d4ba94343f19f0d3a745b1f748a60ab5f1e64458805b5d82
CP2836.md	a5ddec493c29a4f325ed120f127d659ea28f4de9c4f03a046982d6617b8a46c4	a5ddec493c29a4f325ed120f127d659ea28f4de9c4f03a046982d6617b8a46c4
CP2837.md	87bfdaeca4ed1f357a408f9dd9766e39c848413e68f1cc820f500f149f0d530c	87bfdaeca4ed1f357a408f9dd9766e39c848413e68f1cc820f500f149f0d530c
CP2838.md	d2b18b6a627b752e562451c713ee439e9d1cdf5fe98fde267349b68249896dd7	4296d865e823ae3208c00687b72b347286ab2d62bf65aae8f6cc4864909c2f2e
CP2839.md	75d9f62a0ddd46b7e2213f8515e4f95e3a2e3a3cc12ca42b63039681fe0b1802	75d9f62a0ddd46b7e2213f8515e4f95e3a2e3a3cc12ca42b63039681fe0b1802
CP2840.md	97b53b4407ca114d6a477abd336b10bbb8bb4c04c1d2f1c521304320a1e7d2e2	f7719f092e4925a625d6b8e754518d0f9c2f0562494a9b815b37bf9195e32ac7
CP2841.md	79395b3f7267aee90a0af7f2065584ff1d3fd107617237103403921c7c90b6d8	a87577d4531c91884daa1e9a5a8699cbaa8d818741dad1e740d576d357b5645e
CP2842.md	e434018a65eb35a93b99b8cc3bd00e166e328cd44afb4ffde013ee42057b8747	e434018a65eb35a93b99b8cc3bd00e166e328cd44afb4ffde013ee42057b8747
CP2843.md	23f7fdf3e8e937f0c75f4d5accdbc1e1b9b2baacb56732f55442d95772958940	1b3150a143ac24b50146803e7e28b863a7ce7014e25f38ac7301a59eb9797fbc
CP2844.md	90f327437cb4f52c77135fb6744e5e407bf1418cb63cb49c2829976dffa72141	90f327437cb4f52c77135fb6744e5e407bf1418cb63cb49c2829976dffa72141
CP2845.md	4e66251430a328296db7123e3f237fc451ae33ac6390079fe172e10aa1906eb2	6434b448d6e1c9bf602c9254b67fc9b811e1b2fb6772d35936368756480659db
CP2846.md	8faa0ac313293aeadb0a3efe7948859e0043606b142fb8a8ea89015be9003436	8faa0ac313293aeadb0a3efe7948859e0043606b142fb8a8ea89015be9003436
CP2847.md	ca311efb4458ca27bceabadfa663dc1d95750ac9e89ddd06eda4a175b305de22	ca311efb4458ca27bceabadfa663dc1d95750ac9e89ddd06eda4a175b305de22
CP2848.md	b246eaaff1ed6a8f2b5f6d9f8ac3133afd201818e3eb49670b76db86a2494489	11411e649bdd218ce33cf2e77498b21bdd5f19b0ff7eed1a37de82e0b79dae91
CP2849.md	cb1d6cd259e8285caf055d56b65d6c05144a8e117844005eb57fe6bc04b8ea60	c2c70d5aaa72de276d2c83e31fb4fe76e88e74a3dac2a11d6bfdf7901b6233f5
CP2850.md	275565a24923dcf49d2fb893ca4fac47b45c87da49045f5ba9d909b9b30beb1e	fa3599d4d576ef6e12f15e9687fb3eb2116c5db115575637bee6bd57e98f3695
CP2851.md	ca83ca7fc327d7b04678ff8be278c3a889964478ed3c74b6cbd730b61839dbb8	96909e07718f7230cc549d9216a8ced867daa11fdda22041c6c094b270c17bd4
CP2852.md	24185093f033fe2d953d3da12e39184c3a6bff21987666ac4cee9df067076666	8220d35ac4c6d7ca193ff9aeab9cce09a1dad17f7ab3a7e2ab1e0343300ba4d7
CP2853.md	86fa283617456471e5adc990885ce3b0cb1bf23ac67056c25c39f49de37b8015	75a0bb30ad7d59ea73a033263858d98a607b1c63286635d05e3ca1d93da518b6
CP2854.md	52fc87a4b70dec581ec1eb176719c960bc3266ce84401835383b1d1894a2bc74	a320d17f62df7a3d99010cd56b44a763972fbdfdd6e66e0bb3c286bd5cdecae0
CP2855.md	2af2d76b7cbc7dcc8f30a79600e74eab0782ccf7064d972ad93a5514dd5430be	2d7ad43a11deacfa4a62653c0b75714df5b61620c4085b2ba621e259e1ecf86f
CP2856.md	a487740f26e9ab99e29ce0037ecedab41762f631015f5fdadd8af5241e7a3dbf	74c14ee555d8b4e7f06c0dc0c45aa14b3b84b5fea33c8443228ec5fd5854033c
CP2857.md	2142b46709c99f2c8d7660fda9170198d513b55dd38e3089d0227166441b6741	b0927656dd762ebdbb74f29d9cecb064a85714a7aa95e6ade1a238c3cd5af66e
CP2858.md	f4ea1175e119f374eb58e93e5bbd7f7d94101ae0fc7ce74e17da8b9cbf5a1e1c	f4ea1175e119f374eb58e93e5bbd7f7d94101ae0fc7ce74e17da8b9cbf5a1e1c
CP2859.md	1661574fa96b1c80a39c7c255d5bb7c4abf4dd94a6814358b203b698998dec59	334e53a0d41f73ce15fde46dfde7f4e77d5fac8894d61b54561419c1dec5268b
CP2860.md	b43294e31948a49a65ba3a7517adbba83df05226451360c9301a48188392d59a	a655ac6600f77a445117587829f271e91a89d9a02c55ae1d8d3798d31676b875
CP2861.md	0a02461cf54d184ff09836121044d706f07d34146e3066be86e3619bed1ad0eb	0a02461cf54d184ff09836121044d706f07d34146e3066be86e3619bed1ad0eb
CP2862.md	1c5dfd0b0682447bbed81361841a6db918e64692c29f59d3e55c2fa3ffd7fc4e	c42e3947e54df4a8d60df02d65b24486ba9d55a27ecb83c95ab57f1f48e3d11e
CP2863.md	1479854e2df1eb5dbe19de4becbad00bed3e3ec2427ddfeb8f0abd870c851ed3	1479854e2df1eb5dbe19de4becbad00bed3e3ec2427ddfeb8f0abd870c851ed3
CP2864.md	6dc09396984fdd167ff7c01023bcb12550e092cb7b9ea0f926cb2e012896ef23	6dc09396984fdd167ff7c01023bcb12550e092cb7b9ea0f926cb2e012896ef23
CP2865.md	1b35d1c190c36735ee5c0a02690f4a5b1e13aa35972f58c848c8fe5d706842b5	9a4b1910b2f0e48d01944d0f1b2d01cd29280ecc8b9346bacf3222844991e13c
CP2866.md	06c19beeca2de08fe1cf0c84cd35fcdcf2efcab4095b50842679c3258b4fcb1c	06c19beeca2de08fe1cf0c84cd35fcdcf2efcab4095b50842679c3258b4fcb1c
CP2867.md	3b6dee5cf02ba0580a9d7db7aaa8f4f7e5412d1f229f2c5c7cd265c1eac04326	3b6dee5cf02ba0580a9d7db7aaa8f4f7e5412d1f229f2c5c7cd265c1eac04326
CP2868.md	1398f7f50db117d5e21d74f65156d6df01f40d9f572c1fa430d305b64890f2f9	79bc1a13b44145538a04e99aa19b33034f233ce43281314e4c45780b7b246cd4
CP2869.md	bb3dc33b4ae4fb76fe28b76812957301d52a4a2625a014990aa2d34f582cee0b	1bbdcde81b30c22e66ded856fd00d33ce3982730cce69d503954a118c9621a41
CP2870.md	0054c412dc49e801efb0e34c6a6d186acfbe2981d22888de847a3aa3c145978c	4bd59421f26a9409ef7a11dfc8d25dd55e92b40b05aca1981005da447024bac5
CP2871.md	20370f89d7c35b9cc1a059dc06d5366948bb92ca9070fb794b2e836aff0a4c14	20370f89d7c35b9cc1a059dc06d5366948bb92ca9070fb794b2e836aff0a4c14
CP2872.md	5bd4b7468e0f760c2aa38240d87ebc62a0bc4c22da6ee4eab222b7c509a2ab32	5bd4b7468e0f760c2aa38240d87ebc62a0bc4c22da6ee4eab222b7c509a2ab32
CP2873.md	3e171a049ae8588331d88ad2732761f21b5b3cb37b70d7ad777f1c4a430fa75f	3e171a049ae8588331d88ad2732761f21b5b3cb37b70d7ad777f1c4a430fa75f
CP2874.md	f67fcb988e8def807eb1ce79274da6fb99e35bdbd7ea9f29f2cd8f2c5ddb7a83	f67fcb988e8def807eb1ce79274da6fb99e35bdbd7ea9f29f2cd8f2c5ddb7a83
CP2875.md	d7f76ef987b5f6c879eec46caa6c1e0607c25c7493a02acb193bc247f9682a99	d7f76ef987b5f6c879eec46caa6c1e0607c25c7493a02acb193bc247f9682a99
CP2876.md	e4085d9760caf1e61bce83ab199341b497c624bdeeafbbe73f3dd4727f659ac9	e4085d9760caf1e61bce83ab199341b497c624bdeeafbbe73f3dd4727f659ac9
CP2877.md	7aa6e6ba82fb5a7acd8fddf41f84bd6796eb4571028b8aae4b610d7d1b587d0e	7aa6e6ba82fb5a7acd8fddf41f84bd6796eb4571028b8aae4b610d7d1b587d0e
CP2878.md	f1a05766ecb0650056f13f4d7105892dc7fe06ed92d3cda0b73dc4447ff85714	f1a05766ecb0650056f13f4d7105892dc7fe06ed92d3cda0b73dc4447ff85714
CP2879.md	597de467796e71f0192665f5919279228e4b3259896079f155504347fc8c3234	75b03e55a8ae7d6a5417a18a1905872d418ffc1b84ae53231be53d01f9157095
CP2880.md	012adec536bf1133d64231193f45095db158286dddd2958ea7daeb46fb74d79c	36d1e350935b382eb892bd26af1a1d09a44ed32ee61fe0fd8699d641202db157
CP2881.md	ed132e8d8e73ab9ec8594257294044c387286e37d79a2b73cd8356edba894b36	9e98a47248892589af9700c09cf800e2e7e04e5b6facd36836281e90bcaff0fb
CP2882.md	9dbe0b919e448cd876fd19331cfd17c783a87d862ce7245a601d4ed3c4b523f4	f7b90772cccb65fee8421810c0742f2eb96621569e5ed375d5d4e0b253a8591a
CP2883.md	5c1d297e61b41ccbb2c3468d4f5402865508986bba70f5c3e3ad411ccb27ef7f	01f7714be21b864363c38986f82b8a1f0f2df07f7fa9a109b6a45aa93e395555
CP2884.md	277f5fc25626e60168c97de666f1c49478432cfabba441c3db1ca25ef6770436	03b3513377fb9e4ff11359c9da7d88d2f4892c331dc836a5c2a62ff51d2b606c
CP2885.md	eb5f1f51d92546d35e5cfc67313ca95cc3f56bea464162fa21190c8a2974f7e9	eb5f1f51d92546d35e5cfc67313ca95cc3f56bea464162fa21190c8a2974f7e9
CP2886.md	24ec28267dd9b185316814b1fd1a8c557b4171af29d810919bbb29276a60c957	92563ec4e4ecf768a16327c5d776c8ebfc5f7aaaa73e6a4b8360264ceaa2f43b
CP2887.md	1ef456340a2f65961188b269fc69ce69cc6556409862f04269c9a5d7df4fde02	1da11d02927278720547459b8b71b2189df3c1bd7a922b121775408955c90706
CP2888.md	0b196a6aaaebbddbb78b9e38251b1d81eb89bc65e334e57d93501cd27d1eed35	0b196a6aaaebbddbb78b9e38251b1d81eb89bc65e334e57d93501cd27d1eed35
CP2889.md	0d692d7a81191f015544acb4fc8ba4063d1cf0221d6d1fb91f8e4098af9a9524	0d692d7a81191f015544acb4fc8ba4063d1cf0221d6d1fb91f8e4098af9a9524
CP2890.md	6593f64150601e00dc293b3e3f4f961ec78167011e5b66066135c2cd2cf936fa	6593f64150601e00dc293b3e3f4f961ec78167011e5b66066135c2cd2cf936fa
CP2891.md	1b209cef6db582862799c5cd616f1f37c8a85191f24d1571d9247f910d6a97bf	1b209cef6db582862799c5cd616f1f37c8a85191f24d1571d9247f910d6a97bf
CP2892.md	c43ceaf9f05e4fe6ff1e29e35e2953ba73ef308298ca9f9affc08edc6317ed41	26a6f22609c4d72a1018ee217c5993ecfe0e9e0923cdbe4cf1ff4717e213a1ce
CP2893.md	5e8c30aa69ec21b5e16d2b2c33feaaf0fd9d90ea46422d80187b580968597d55	58ae87f909c83af4eb9c3d7cb3f9233ebca60b2edf60fed77769a2577af0f64f
CP2894.md	3841411853ecfae0716fb953d51bdae6c10678ca53f37972172e42ba4c35f20d	3fb0209d328acdb70b73241a1fb27abbabef63d816cbc24264c4a5dfa2903d4e
CP2895.md	9f4e61906e2207aeb34ae93a889685275a0d6a9565b90ee813ad713503da8915	9f4e61906e2207aeb34ae93a889685275a0d6a9565b90ee813ad713503da8915
CP2896.md	0efda55865fd29df0cf732016fe60f52d9c481e19add3a5cba8804179dfc03ae	7c8137731986f33b16526f490c9214d506802a1f390616021fe765e4bda99787
CP2897.md	afc3106c82e88db7d5fa459c42b0d22187b75eaf43690f5a08c08c202da3c28b	9126c2a9c44c65bda313018231a4cd81f375ffca868b275dae1055612eaa4183
CP2898.md	87873e2db8dc9a412cd26faf3fa1663daafaf02c153e6a3b1497e1e539b5518c	87873e2db8dc9a412cd26faf3fa1663daafaf02c153e6a3b1497e1e539b5518c
CP2899.md	5ecf9e97859cf1faf9f46683dcad9fa8fc2baf52f277b6612b7ef1b8b0845641	e5fdc26eb2002c77771ad4023b4ecdb0aa98a43d052f10f58c6db5b23bf0edf7
CP2900.md	249c7fde51098d6353e8ca147a9dba11a9f620106d0956e957026f5ce02994fd	933474fb6918dee28198599121f8f6cee4fcb10ecffb5b29d77d8b9bdb091196
CP2901.md	ae27ef57967d749260f6f84ffeb5b36249f51e02da27b1f3f30c2bac127dd4f1	a7ec9ad0f7ace44e60f7921d22e116004c15b7c0e32d9789e1093875de9e1dcf
CP2902.md	0d1c70395d19dff2427bac7f0be0650e7b1175f6ad8fc8b0ed6106df44661a06	8dc26ff6bffc3abd3784badc40d2ad3c43827714e33a8e98a0f59e60ea1779f3
CP2903.md	ab825dc2da415f122b8467112aadeaa53c75be88f2f20d0c3fc72185f63a5983	ac8acbd6a7deb50253338c18d14d1fb73adb699781c0a75a3bd73c654fb270d2
CP2904.md	6f527d802d9f24aff890da1293d06824d14fe06584481b2b6844c651423daaab	6f527d802d9f24aff890da1293d06824d14fe06584481b2b6844c651423daaab
CP2905.md	a0663c9969870a2f61142fb3c54ff66af1d8d9362b0e874496a1bd9c5b1342ae	8af99d42003b446d7c58d54394b618268004e46cb7c59586f4a47bbc3ca7df63
CP2906.md	727c9dffccca7ee87617b579c587a31c900cb6ec352a12a6b7a80dfb4fe8d7d2	f5c86a4804232af5932fa776a2697f72c310082fe63185cdfe2ab9ac57832a82
CP2907.md	8026d0b91c0cfc6b293f5cd33c6ef1ef4b78b5dfde35f52ceb64e94b1d5f83a2	8026d0b91c0cfc6b293f5cd33c6ef1ef4b78b5dfde35f52ceb64e94b1d5f83a2
CP2908.md	b9a955c2e7ca638c40b0cd11ec116574e819ca45b6790eb4b1245599443c56c5	1ae96f8a8f72f41dd5d1df15d76d092d53e7a8ba9187835c9d3a7bbb759c0779
CP2909.md	57d72f492e2b387b161bc68dbddcac2d58d859e0e42f185933b3d62b2529e763	7cfd19ba4478310ca54dbad1d22a6615063be276bae6f32cb4a7684e44c900fa
CP2910.md	dd3de921fd5d1fdc8ec5a5ea0a95d1522ec7b5c8d2593591acf0e3503e6aa1f3	dd3de921fd5d1fdc8ec5a5ea0a95d1522ec7b5c8d2593591acf0e3503e6aa1f3
CP2911.md	58eba826998fcf238f6bf8e121549836d0fadb836976fcb47a749a167bb71d2b	68fa7063bbe505e466e4b5412703e480d89c372176451e209f51ea470347e67e
CP2912.md	bd0d8432d39ff8a9ea6425c5a760220a15db894135b29df2ec5e7637588216e1	b0408aa99993552fe9dd99ee5a77d04c52ef301265ac1d8212fcd78c7c0ae8d7
CP2913.md	dc35f29518669410404e964141207cbe121c92483d73809d5aa9111c4427f136	dc35f29518669410404e964141207cbe121c92483d73809d5aa9111c4427f136
CP2914.md	14943653338a7bd269edd7cf6df8d85887e5848b698cb9cdb43abe16f819d477	25d74123c238c6039f2bc449db06c577354ff0fce68fb8ce4c996207aa53658b
CP2915.md	2e6ebe1dc6084b6934eca233749e960fc94b6a3d1077b09ba9a27c2cd95caf45	5d48910cd77046f9e4f1230cfa298defb23af8c196418389d4adc4c45ea7de6c
CP2916.md	813a88f8654c3cd3ba36c8202e6df5087ada8ea37ab8649f79f1ec9ac5a70d2e	173c8770526d5d8671d3ea24737bef82572c31ae9a3203fc9eb6eee2201d846c
CP2917.md	979a581ea8d86d78e4f4c055192336e81a349e73806e29eec68798279663e676	cee4e1bf265bce7d1d9e440b181d21a21ebc212541b0a6b442224f1cd2875a8e
CP2918.md	4073ecd006b495f0711af070ac86d83821e3233f982d2c7af856a6b516bc8525	bd3f83b3f6cb52e3552fbed379d0571725a8f30e6930ac8fea0e28daeb365764
CP2919.md	ebc90832fed640db2b6cde10f5cea61642f9c115428c6c9912d36ee56d6e57e7	ebc90832fed640db2b6cde10f5cea61642f9c115428c6c9912d36ee56d6e57e7
CP2920.md	ff92a46ec8337cc1a4b099b3982e2f72e9f5865a20df27abbfe11e11dd1d9911	ff92a46ec8337cc1a4b099b3982e2f72e9f5865a20df27abbfe11e11dd1d9911
CP2921.md	760e4b63f90d65cd15662a482d387c92d0f2334c08fe6fa801271e0f66056049	8bab7eca170ac2adc6ed267082d8b0d3f5b575d0bc5dfeff1812236f04996968
CP2922.md	8250256b3059f90a085ab413cd7d836b668b78936653f68c63addc4c891ac1e7	aed6cfb41b6083ad0b7a6e65dfac12739d726def7c951598eeecd56a7c1c27ad
CP2923.md	b02fe4529d310dfd26ff6dc2eaa1b1ea6bf1b8d5cc439c5e4a84dd55e65ca00c	df39ed5005e57f331152b42b246be07fe0e4ecdba054381d69baeb9c4708eb79
CP2924.md	15708b86533fb38762d425b44f21fa4537ad07971b6e0cfdb1280b33a90e4c63	b6c6d7394be7b9d4a3424cbca5739ebcbe353de9c554f671cd04ea76c01602af
CP2925.md	d09b5b829265026124247ceabe495c6ca783eb5c8c47effdfa8e000907ceb488	55d18fc955cdd2d25a79befd58f27f95667d9171f8977e2946d737323d5cab06
CP2926.md	b09457efbc4346dda08922d64089a6ca40837dab8cad0c8949a433b9a9bb44ba	15e65de2599da4557adc94f8fd6bb01e048c941ae8211a3281d885bb3227ffe0
CP2927.md	7db088d3bb0050bc191018c9a05cc74d4242adfd8a9a5f7c9989faaa34f0dd7c	6508e9a60b5379304e466f9133fd3c1b6fbdfe24c8b79b4720da3bbd983f7b4d
CP2928.md	b3e53cfd7452b0212e3ceec44b4562699aa2f2bbfe014240b52bba22eb4b407c	f9ca20d060f51835cf41d999345917dccef99b2696d725390a2f738a6b095b8f
CP2929.md	84b6da1466a20336ea8b45db1c212c7537d358bf2f07e1683f59ec6a159138bc	c88077b15b0bbbce4e1708bea666ccaf3a62dc3643d8db1cc85654056a6fb073
CP2930.md	460baef10ae0609f05919b1c5846dbb6a8cb36fefab859916ffdbf564b27b3ac	4a8c0a9d15f386ad01c6f555c2a5b4d908bb9e9296dea77349ca586c26f7bc56
CP2931.md	4a483f6e6f846b68e7cedf00221d01dd020073380b2605e4571b2a56d0425cac	c04f8f81c7234fcea5c57e41765e3006064ef92c6bf4e4e9435a04a542694b3a
CP2932.md	316ed09f6785e543d99c0dff761edd2f513a0dcb737ee4d05aa63deb9b7e5b45	78d363db089954090206b8e67a00f62a6dc31c959e2cc994e19b8e195c961317
CP2933.md	78f95996bc5208891a326436ffd8e986644371e445d4c691f62190cfcab2af15	61109a23f0b628944e4a7a3bda884df7bf06d5360c52f2467fdd0036d8ae0862
CP2934.md	4d9ff827b19c01464edad73d76faffdab45faaa1f1e45ebef3fe52ec665dc674	e9c62338c15eb37228fe78426013a140b31a18ae454ed3729eccfcf8f37b96fb
CP2935.md	d3161fcb4aaedbe249b982d5fad6e4a380a7ca90cfd503286d0d007f8127de2b	bea3e5f0e69c44b0a8bb35ed5e1637e81af7bfdb92e9a97dbcf5b16335e21443
CP2936.md	1bc14566fc0de2a212b7345ac4d34004ccdd67db56ddf3d4fffd5de6d8e0d861	a907460eb1afa59e89e360815ba55d26d7e135295c56b8a5c6ab62c29360b064
CP2937.md	2455b6dbf72af1506e5f4627cea278e2a6447a58cb6cb90e8d5c991f71b3e3c7	0a863153a18d4efe90de846fb746339c045e73070d5cfd8844b33fa3bcdc6267
CP2938.md	7f5949f46cad54cc4abc6fe2f9d09701899fac1b0c27ed71205f02b6e45d314c	698302f81e3e45f483869bcb38900a89e652b3b09ce4384cd3bcbe21500256f5
CP2939.md	0c9b7a39900104c28cc2a4b0c5ba484312a8d07463538aec6261bf066a846e52	8e61107fa522a564adeebc1c68cbcc1275163896b0417cf2c0aaf3d584f407e6
CP2940.md	95e4a656b91578d52340c6bebf73f793274c628a6d2a6b1f6419d7b9af835eb1	7fb799e0331e6eeec80718285e1e91aef306fcc375a795a289a1dd800fa43b39
CP2941.md	5a7ee31c02d050717a0eb083f2e8d0011c74094ae1ac5755ae209b8905d067f6	ad6ad3f59bc4e689b3508b037ccc75273b3f3ef28d2bdcc155fba0c7df2909a0
CP2942.md	9726186ca2446dd107010af6c37f5eb608905e8731d1dcaca6db733d1ba69ffe	1f8925884fe07092d147d5272de5e9aa255ac3164b16a2173e471aa6ed452baf
CP2943.md	fd93a627b746d41aa3d0114a12a21db6f022137e4a9cc7bd1f2484b80b86b99d	6eaa6148725bc6367934e26014a4db5262b1c9335b61a5ceab904ce6d940a9b3
CP2944.md	71768fb6d5e0ec1196fa28cf8cdb0ca2a8ffe08b58ce33b316bb5c1e23b7bd9d	b0f15438b113205e194f9e56472c540803932a5c9fbcab45eadea40582c92573
CP2945.md	fbebc3db2e9b40c10c3223bfaad1c091d54874ec2712f88c7821354539e9eefc	a04a56a59f9fbf1e82a2b533ae38b7e8c0267a058652492cef08b6a7c4fe3df2
CP2946.md	f540b35421b1654d418c43c61cb394389ccd975fda729321ca75d0806507161d	02c433083d6428363067fa731475aba4d954f74dacffbf792f4c9bf27cd5ee92
CP2947.md	3c1cdcadb178ff3ab80e9427c11b9b3926440cb78070cbf90fec3fda345cca36	464662774bb296c389334d2952e3167343d8360eb73dcb3b0a162c6feeb4be96
CP2948.md	093ead2ffb03e081dda44b6f4e2c16a746b5b96cc81864677b07c4f22f04d27f	a7c70aa2df1048ce6ab903d908ab96e0b73cd39f419fb04f4f64b786488f8671
CP2949.md	8dee3268736eeaeee1fc59c95571f1c6a3f4a3066279903427e11de109ee0387	0174726439c1f12966b88cf2992fc2c7b1753dac6ae8d1915ad1d1891bad431a
CP2950.md	679b432221305a18cb0965fe5793b3bf821e3e1bc1e4035d7d08934ee2369279	aeef80cfae4fe9fa39ba7e3a99b63c6051a141ce2e8ffc771c34555a7a32c8e1
CP2951.md	52d93c44733e6fd81b0c9890a4e0c84cbceb06ed7310f4013a0bf5a9b75c29ee	5c28c081e64c8f4f076ce2e482b8991ab8865e2fb8c519e91da028f78d28eed2
CP2952.md	6a75d19097b08a326dca2e93ffd095cc7f7d65feae9c7a5c20fb0b504f96ab7f	119eeb3463eb5ae3a7b348edfdaf852470848f81b2d80a2c5761dea015d7b852
CP2953.md	f2f7b3c3cae980ed02a2eb2484206bc9e9f499e9a871c1d9a27c47ef151e8dce	51e0b4a5773e8716010c07ce29b09bbf6b2720ec5fd2ac8aa59197271ac2f669
CP2954.md	646fa0b45eb8e635a395f0234cbaa063a4c65e8fd592ccd30f21a7f29d0a51d5	64e61c9eaa3afeacf7442f74360fab643c2af189d9a68848178ea205ad74057b
CP2955.md	fc59c1608c95a598eea0a4f0e3198146238a9c9447795e5654c782635bf31438	8c8977844e0acbd612a7ea81452a3c43b796fab29921cb3aaf04ea65dcd2e0cd
CP2956.md	51946b4686b3b0017f9623bb433ecb3b0ded0917abc49dfc1810419c0484ed54	7b5470b15980d2cfe05ab19401ccbc4004a57d89d203bb31f46721a7fde387b9
CP2957.md	3b9c9a09e86ddb93f62e76f386791e1d9d61abd4d0c625bbe9eb7e5f3fc5d2d4	b8117158a61a66e0739601514973d946e4f9f44a260b8028e99558595fb9d203
CP2958.md	8f2570bc41167ef1641a794d3652f7d3e152dc2ddda96c7350a226e8c632ec50	2f8b4f05d12af91732d0235d627367e8b11f9c12afbe712a65298f16e59aa027
CP2959.md	b26e2020d4328a45c132ff9d268837b370af2d8991a0edaaf0c7a7cdc7f0cbc1	9f051d40ce18580ec237c501e496c4709f4ad3b68a25b96e36c646d1b677f2ea
CP2960.md	b2daf4f704b48f5ed2a7dd44e31c3ca91bfc945404141bbdd4460afe8ccfc111	bd68171d286e73321051d5b9181accf28ddd5c85fd40f17fcb9aaf064a9f2c42
CP2961.md	e250b0b65e0ce7e72cd65aa8a91f84311bb9b3486acf512bc9dfe47f7613a61d	4edf9cf7e4884e837528b1a62773a5baa9bce76e9f9961fbbe99fa1779d8cceb
CP2962.md	f91adc6e88ddf0d37823e37cbe6c8f5362e9f5c3654f0f189b06845de9de7953	021e6291d9643925ab932cbf3f48472bacfe49d38a3e468a33f73838162b3942
CP2963.md	3619496439de6d08c06dc211f3ff9393d9661dd9089bc60f6cd0e2e8225ac1ae	b0d6f4f74a50e1b2888390162ca84b868cf3360d8ea8fe0341601e0dcead4d13
CP2964.md	2d84f7a0641f6d12b52da8290597a6577c1160e2e257dd56dadd31f10b8066c5	ce4e0e10fe42a71ae31cfaad889539d5df49a7d821d968c9a8fddad2e6ecceeb
CP2965.md	564070b1fa7eb7e51da96ee0c3303576c6d5549e443c9407a3974493a467493d	231a324db04172cb6277083c560441e43fc43f47118d45d0a866bb98285c9342
CP2966.md	61ba9fba3c08c9c13c6dbe24316952b618251ad1091f7453ae52cdf53a818755	1ab3dd45a767700e035aba9c23a79026a36836451f548c34cacfe5d46c010d13
CP2967.md	ba19624a9c801b2793c2b8588c8afd25012161995ad4477f191c4e74687b3e01	409fd66f7dee4a2ddbcf67efb745186e3142d4b50a8827b802eb3c717f85d049
CP2968.md	37c357c8e91f72cfe97f2eb3812a1d75a07ce7b1b960ddeaa78e024d2b797782	751ceaf15d5f76261fa0830c69d4eb8023984cdb5fe24cb980d8abfa39e8ab42
CP2969.md	9e14404563790dbe32f3b66e2ea9b1ae5cc7e6f3853f7746cb802b24aad5b758	60e72cb297469446af2aaa917f204d1957805a03fad9fec085f7e8fb393ed3bc
CP2970.md	b18d39c06d07525e93f9113e556213cc4094dce9b955b695d82b620efb123e55	d9ae1c212b60f7c91944add310c94ad370a21c793bfb443658e0d1fd56de6d6a
CP2971.md	36c06705a4de143ff22ac92e6f1bd33ac63eb38b36dd5733a87d5c1a7cf47f2d	d98b16df910ca9e997abe654acad496f83ddc5af31e91ccef399cc913ebdfca9
CP2972.md	4ae262c41fd578334c99621594da1e46c0b3e92cdf0510ff851d1d25869a2086	f9b1e59f2c36cb59161e9f6e11c40cadb55cca0bf72350a296fd57ead22b2457
CP2973.md	41e9e38a8257c8c1f53b24a1fd88927082b995bac936a5080262513364c3095a	ac1de4878839a02758907528772b48529b56c641aa848c08f93a0e82d4e05d93
CP2974.md	d373b002ed4ab168b4b350781d5910bc7298737a74cb347dd79a6fc0b4b640fb	b461b7169f1a2901ccdedafc5f96185e0fe0427e4db5ddc9f6c5a81e6f104d17
CP2975.md	d6055492432f249345e2fa39b45820edab04e9a9af9e288937652cd0d70ea520	1a48ca25e5e45236a253d4f56716ebfd79fba80ed26ccfc007eecf54251109c9
CP2976.md	f9c766c755b4a3d48cdf9a6fc1a4bbfeaaf2eddd99f292c6df59a8d9e214005f	42ce6f6ec8286905f37e33db41fc6af85052abe071c58f8bc5bda360fef0aa2b
CP2977.md	409aa5e7bbaf8879636d52fd8a82109a0bb85bde0e7301d2ea567bc7d0f9af77	228e5bbf275bab58cecb1d1ed35c37299922f12c541bb100007ad0de55dadb0a
CP2978.md	a38fdf1978218696656f588c1240f86f792ffc173857ef9638fa010a3acb6434	b6513f5f87dbb5ba0756867cb565e2d204a98ab072ccec4ff372a02ac1e5cb84
CP2979.md	37b8a636abbfde01656e6ab751a5b1e99f8a2a77739d89b1b1006c004bf2c733	bc520db58ae0843f2cbd090ac4a050dc8aa68115be23ca8e909ca375be24afeb
CP2980.md	ef5e22b31e9d5655cb24f561901e5b9c286ff1ca6ac8c1cd9e798294070c1971	72931fd7c7567b00a2c1c0e66098313607f91702470c4c6343fc743f8b32a569
CP2981.md	4033156cc01c214e63369d303da0ff0fabb9169e3fba1b27e339c92d1777a9fc	ca288d8134e43b0c5d87618f6451ee3d2a82db5a3cd4f4535001e4ea97ef0c43
CP2982.md	ee893d7f6c27210bd07cf63dd50633ca8e6d385efc82b5ab2d1ac139a7e3270a	798784400e03afa3a70ed014d2d1dd91a4e5ea271a27a478b6556a63734e698a
CP2983.md	7e1fb07a3257e6773bc1698af4b0e9577d77ba49c0b6013c8cdda82ed7ecbd89	1fec9a8ef11a34b8de8232e1c1e185c634387c67148748e78af4a5495d3c511c
CP2984.md	b841c9f5639ee0045d20311fbd994c604292ee7a4e3afa732981fbd513c445b4	27ae4559c48ab2a98a0d4ee39b9885678007c4120209b2bdca3056abb6206ec4
CP2985.md	5f159f12198fb5671c1e4bd1431593530386e45371f7f46a2fe99cd58bbde335	e96a442d7cd516e3c9ec17bf05dfbe1e3433944696cf0eff2477f626f44e9731
CP2986.md	7fae5a4d83bae69fb983ab6c10ec3ecd8877824ca4e78cc405df626787805855	e631ceb063c89260d30729b691d983673db5025a0193c11bfe8198c4628cd72b
CP2987.md	5375c291dff65b10b49e04228f7fa8b1a967f378b170a70aa688171923ae41f8	8f310d5eb92586b7d885ff6f465ff6d6c166062515fb395521f54b37da5071cd
CP2988.md	8a69ca32f59f2aec0b076d97c80e3ce71bbcf9e445c51bbd88455ef8b49a3ba8	da33067a15094118a6b9ed0b1130f5a482428c64118b39af366e12dce49ad12d
CP2989.md	a64b1388a31dd6296069702ed9a5cd7e686d511fa12365b2e04db7f783490a70	d73f5d982f1f7e22ad5f2d2f5783ac00facf4bdc74367b2d1160b64771bae415
CP2990.md	50f88ff083f850cc2c861c5d9253811d4b40970526cc21233e5fac1e4af9aff7	8283c42a61dc30bfe435600064aa51976dc541533ccab5d6882877db81aa5f61
CP2991.md	b33bbeb54fd6c4bc01317602ba4a2b155c1a8043fd9f025ebe09fce4f2e2209c	2751653945314fd37a74eefe4f1449b1c38d48e3c6aabc9431b4f1e6dc3559f4
CP2992.md	697f849ec90e59a8788fd1427a352e348c5b8123134d21e577aefaaf74751006	7ec1706d3020c0dde52665dc8a3fd98ef395f542879051af204ad0bbf6a3de17
CP2993.md	dcc7e3d6f67b273909bfbe821dd3f486467b3fd8c561b5151b0cd54fdc2bf27e	08ba70cd02830c0951dc0852471ffa4a007ea8425e6b5685d0fb0d4a35ccad8f
CP2994.md	daffd0ad59f1cca66b1b21b4e5e1043b98a516d565baa140258161b6ab67918d	66a803c642077dc11d51e706ffc2dfbeb9fdca6dbf5f5aeffb69ded2cdc0db4e
CP2995.md	6c9f1d15ec4825438a8b467fb3a5d585aa079ea28a1f21eb7d0cf979d2d5c8c9	cb4aa04850899d17af323effedced34b6c1d7be340a2cecdf02dfee5db14d82e
CP2996.md	f80555e35cb571a51bad8a1aa7d880ea25016003d8b680276b123ff5d1c7e020	f64eff7fed760400b7249198d8ea4df92536e56a1306a1f8f95776c0bd5062db
CP2997.md	d1702b9412e7d6bb14ec7b0323919c912904466865d3392e5030172b81a0a630	a36eeeef1bc5a7c6d62e7c534fbd5996f6e37b17890111d4fdabf1974f0208ff
CP2998.md	e718c14e98257c84fdad9dbc85c8d73fe7a1b0fe854f2311852c8c34c68f0cd6	160fa96ef7db89eda0cb1e9ddf1867c89414b92280b034b9c215c454d2f40657
CP2999.md	3e657865ce0cb8fc6da21909f76af51ead4e02735be105e481e6fbdef1384d83	6a8a3fc511f8e366100d3888b33bd3c39ec4e591a36bc88eb2045f49cf6b1f46
CP3000.md	20a83cc1055d39a0877e07955f67589d2bfda8876ed5408d16e28cd4c7d94498	07b69cd881dc39943b643336dd23da6dd9c08bb42633600b35fc3a6b6362cdf1
CP3001.md	4de7ca9712f4dc1eb584c193e9a9391bd0fb767795c34417b95d4d1559bb2856	cf361f8c6c8657b162b9e7f25bc59b7a75dde4043e95fbc7294bfc35a91517e4
CP3002.md	10fc69384b70e9718371784b4215533d02b65cb2fc47e1f2cc5e88974bf47e67	eee0d3225429165f6e8f838fd11b1ebf96c905dab2d399d33c417f88e3a876a7
CP3003.md	3236c6a32ce26cb162c4da0fb5d1c5ebbcc4c74353baaa912a7bc2469e82c115	5c8fb970c0b6524c5ec48fd94014bb8d00702ba7985770c14030d4c40c7cc2ea
CP3004.md	acc1354ccc92ed78caa2f68b4796fe5840bb7b644dd5d69c9c18c9cce7cfa041	67291e60a9b3a15213739f3e29c2dd22de1cbc64424cb4e34f605b7f292e5d31
CP3005.md	d781b89dfac96dbe6d84bfc10feb34142c9fb9cae3272854513f7b7f1fa2794b	1c9739dcfd71cbb40c47728d3dc51a1a06ed7e913510654faaf4c083d6357816
CP3006.md	85c27ba854721592b07f793984587c0212cc9926b864fc2f5f9de96423a2469c	9761435cb62ea72e4496af7ffd9130267b258713e750b0162a3ea502b8948f88
CP3007.md	0e0051b494d3cf3b2a321f239c2754c922e50f3a64c936bc77089c3b670c133b	a828da0a9a4d6c2bdb56eac2d1fc40a354c9d04e1e74948458f9bf823d8fb22e
CP3008.md	ef16e40253e99c26e7b567d3c19f1a9f8b91f542d5ed67f31fa69bb09232f159	b95118485487e98cfdf5912475c5ff9d5a4bde4e296ffb1aae53d23eadb3b9d6
CP3009.md	494f9793db679563e86d40d3086ffa8080ebbc3d9abeb24ce90dbd4b918bccff	4ba03458350c856da66058460846dbf576c1ae880ff0685b4a52bf59fcc09d31
CP3010.md	c111d45778a1cf5a7bdede31ef234d7bb521d1ac78bd551003c92c68605c1759	2c64a8ae7d7342b9b898a449191e9be886dd23e8af41419ffee14e492dada94f
CP3011.md	c9e8a931c09d07fb4b00e4bcc6380d8384dcc7cbad4517bfdc7278222d99b970	6722ed7e0a0ec6836f34e8a9b300261a53af3af659e7e2e93de6486c528aceb0
CP3012.md	008c277eb89305f6cd4a9ff5ee00f1b7c9827b91ab04ff4fa0c2c700977ce962	b676d65113af3d08b7aefb6ba766e45189e74f1f1780754ab0b50c7c6d6766a3
CP3013.md	8fbd987b5b0b84107b85164003e181c71496bb20c4d981ddaecb8cd02e460b21	06f5cf25cce37f3b103b6374dec810a506785560584cf35fecd008c9d8c654b3
CP3014.md	17e4004ddc2694511e5a868cb360309908f3b0d5e6b5a92b61a40aba7ee7c2d5	d6b68d3950140f8f5c71732ba18bbfd8a433441184165b19d6c505e238f03a89
CP3015.md	eb239ee428212eaa7fc16aeb9dc2b9b32ae2208d127057834027067c34dc66ca	1280e93da1dcceb77baadcd48f7bd08dc373accfc7225f03f73cdebdac20857c
CP3016.md	6c6a044015c44d1b54d12f8643f130ded72b5c21cf02cbaac9b4a3844d225ed8	9bdc9181926cd82aa99e92b6eafb92520156085bcfd88b2acf4f64ca4bda9c05
CP3017.md	3c35c0a0276941f3b9ad0fc880797ceae3575327b588484326e6dfffedbfd448	2528b5013c54b94a75478df36f18cc3e1f74b65803cff5e143a71fc32310daac
CP3018.md	442b90dbd9ea4fd482f7ff5ee267283348d3db4c833803455aee384bcdfd201f	105353448c4f4935fb48c79ff1e4f42a2e08d48e45a7a3589df86e5f0286cdce
CP3019.md	74a755fc6a493d0e00ea2b8cc0f34a0675e4ac0a60795ab161641b585663c476	5c746857369a664250370d47633f38923cb05334933826f5ba335d889f77249c
CP3020.md	71499db1a48767284fd929419fa89d2902d34604db0c57d3ee42fe3985871586	a1f4000c81c27fadc6105eabf930e029a6b0ed930ebc7b884ab9c94a5d48175a
CP3021.md	7cf348f6476d543bbad55f231b0812954721777e99c7f4f2d1b7f715c15b0396	b5d5d55fa175cd9fca5dc755a3f2396b595b96f74bac3e2a9cac082b34b2a7cb
CP3022.md	648666e71bc54f2e4c480a4cdc7ba237b71b66f36d2d9a7e2479d8babf4a3423	34b62c24232eead0e0375e25b9682513b1bec4234fd4a5cf11ddb85b7733df18
CP3023.md	59c6b0ac4eef3201c640ca491dfc0a0ee8e69e530c9de3388502da120514e4ef	89e8c0c4075ff21f1a7eade544a3cd2cdd9b49ab5c3563942204e83e5c648b67
CP3024.md	ff3e50d09a5462abf4fc2bb8f93d5100551d63c69f9617ce566acda1d6202e6e	78b1bfb4402c006abd6e5b3b24936a3d3dcddb511717430ed2e66806a30640bd
CP3025.md	6a32df7cad67cfc14ec437af6f34621110def51926f6f87b8c87c68be79c23c9	bac118c46bc7eaea25ee382d08d45356564ca353b0b5b177c5cfac5751363a33
CP3026.md	7f2efb8e8f8396742fd1cc2a40e60aab336f0b7dad4c7de9603bfc926a367dab	bc2ec1e752e943d58cc2eba9a5f040de4067f002c18d7b74e92165ba913d3437
CP3027.md	655d03925f08cafade5756fefdcb52bf2fc7bc61e011a03be927890de95c59b0	dc11bd126aa6e8d19fa2b2ab254e6561499af76b41522038c9cbf8013f18f529
CP3028.md	ce3a3b52f0a5aee47ac462a3708616ceb20095606d7a27ebca2012e3d6890e6a	e369f8d3bb1bb1a48c711c9bf8160e9950c5b2e37e16968592d76fe3fa0564db
CP3029.md	d99997457b4cd6b5b393e72eae0b18cb8d098e04edbaf1cd34f1bb6daa0b9bb1	cfe509f0c8a97c26f040a3be3a60b7d8db6c9a3e9134b969e3f71a5c54ad8a42
CP3030.md	1e22c9b6dff21f3648a9471d14ed365019b04f0fb81099bf7e635d73078ce24c	7628ac286c59aa7e075527752ce7d736f944e5af6945863b01a059410cdd3fb3
CP3031.md	baf1008a42cfacd7797c1d61dd291a51abfd691533d6ae0eb732af66b6af7bed	175760aff94855bdb311db51a0f186491dfa411878a8affad0f9980cfc6e783d
CP3032.md	7c40f0b2d338fa4e4b746cb27d7a4ca8614a82b3ae922107f52c78666351bef9	07b17c450587259096fcc1e3f718c3cc5b8c95f71b193e973d7d5a767382181f
CP3033.md	dcb928cd411ddc248e42017540d5730550f1d1236c64a426d579e6d65799b3ee	ceddd480a369f08d19042864ab652131e6e6221b4c4e6c18a26c97f3d64da2ca
CP3034.md	4152f7c15b171defd71e31cc8c66344d133d5dbc485f145e0df5bf655120cbd3	a4db611456e2849ed38f8b33231a4f7c0af53143c9ee214be3b600b73b091f65
CP3035.md	5fb6ee0bdcfad0e2c3cc548d49dd8e9329afde45c9d745afedfc493914a548b2	2db9425e12f7d4e1b2480eb1f45bb282131ca152960f3e226d4168118798d1d3
CP3036.md	f5ed5a6f635e92901845f4f70fd7bd18444695997e1627284e3eb3bf7ce9671d	a1256aa161468b80e412dec64fff9a7c607be9bf181da48ec0d8327a0c075342
CP3037.md	d956ee9db52921a2a1c6b086e467ac241d5883e4b8c5a5f916133f59c8b4f707	96b8c4aeb048fb499f75ab7bc1657e59568a7e794bebf28f8f3279abb1bfeec8
CP3038.md	0b431aefc5b4ff748b60980ab52f9771758de3c9b990c523ebdef3ab918b3ebb	d40264068d78aea30561b1de638ba81ba5594c6965670ec1eb7245837dcd40f0
CP3039.md	4a049ec7f984d68b05e0b2ce64fc4de2e9907433f87daa0aaefd7adc441b6798	ad1774a9982cb15934f65cf0c4dc412ee754305eca70cb590f488261a7fd26f8
CP3040.md	30814e792a6547143df80d2ac30600e0573a4f5fba00a7c92d56f3d87cd82b93	ac69952c8fcb43b5916d5227bcf14d5394554f964c171273592ecaacac683d81
CP3041.md	8f3bd552c89ec95613caae97b856b3993a7c2db5930e713785f6a27d311f3aef	fc68de68ba8b5c0dbd06755ec0d19e67d68dc865a75ada4accd22543b3d437fd
CP3042.md	7dd22305b770a1a5c6d170a8e830fdae33210ad722bfeabdfffb193b4d80aec0	85df1e20e4975a2ba582da9fde4683bfbfd516561ac3627cb78c0be421c88f39
CP3043.md	b500432f2ab230d52172f3dfa5a475d77412a50ae2663cf731182b2caacbe38a	45be1fc02859e3988065b4e4e0f35dafaa2fbecab7a5217166c917a075838408
CP3044.md	6e02577bb8765457365178ff4f6c5eb8b10347bfebef8e6e499e10feb6e8c1c9	eb655561b9dc86518e4deb25f44223db6c314987cbc065d675de97263c09305a
CP3045.md	ff2eb2c29ae78e382d8a6b840ff28b4f75ab38b8dc4dac10d5348333653f710c	700824aa0cb946fbd39a66eeb83952361ea711b91276cfa6e763a26a5663b1af
CP3046.md	9e251c1028619c78508b51e9fa5429124cc7899cd3c799bdc354b1becd459655	4eb8ec6db348a32a50b8314e1d1aad29af0fca6d8b4f28b5ca3421c4b273b40b
CP3047.md	b6f28c6f5e2c25399b41a85841d4e6cf3b30ec3edcbd2823f9178db564226bfb	e3f1350ee2f88c5a8bf030edd842bbe1c956d707dc6052f3a2048a1c6dc48396
CP3048.md	c2e30ac4d905001a338312ed81d36be32ec5902e3532181bb8bd869fee0508d7	6435e79f84d70f22bf4b741f5275dd537d555b8d59ceb4997003e6029dc27d4f
CP3049.md	73fad4b48a5bd6f6dd63305854b11307d73622ec540d44398eb47b6d3f962fc5	b5304d6adfcd75f79a395208eaa4200584b61ada521dd83d3cbc5c9bf7ca1257
CP3050.md	b4a35b519e0fa5664aa1e310a230c76db9847f840022d0417b4a3ef87cdee577	05575d2f3b5d5d788e337a7933c511deb3421dad89a0c08f0d6b7756fa15cfeb
CP3051.md	bf9a87cc4476f9a75b1d703ac0153e0035317e2c8ffe13620bea171ee89c7258	f9f804712ffd5f01d3c6aed8cb944b7029ed59643198d7d81584cb613dd95257
CP3052.md	7d728ef284195fc74f9e96b6ba1232d073ac402176eb76ca2668e5897bb95cd0	3cb28f8c67f38d07b9380ad878a52818fc1ad2c0a43308041ebfd25842eb7d78
CP3053.md	a52e7e723d4aa247413cbae77ebcd9c18d72e3e05827a96112ff4c06651d046d	7ef090852113bce536e0eafdcc139b55f80ba9a7dfc9e5ec0086a6a3413e32a2
CP3054.md	21c5adf0f6b49e930b118a65cf04e13f40b875babb41cbf3c87102108959e2b9	477dd1f01374808c4638b89bc7cd4c561dfaa07d7f57a10dc611e4255828e638
CP3055.md	ed454fda1204a92f357be9761c98d4f32f9473af77abce962c3a453b4f50b58c	34eb0702755f8210c31047c97daa5a938b8f3cdfb924259c8f70df6012fcc4d3
CP3056.md	50401afe9c01f0b48fd83f0456963280f7ff26a5dbc7f2afac61cfa03c6008af	c323eb701ba6c041b9d10a70db198bf62210ae51b9928ef888d358262c613a0e
CP3057.md	e5cf8089f55e0c4dac387f98e51ff974599406b8c5b25ea6928e183cedc596bd	9b23d19dab623b9db43d430ba968f7076b08e40521e5507f66cfe5e7aff372ce
CP3058.md	824a88cc2f9dc25d2ee7b05401e70cedeca4a6303f5123c0ced596423e00fbd5	3dba90109e4f4885b4c26517fd5117c2d1134f41b9ccc19d6dbc7230a92b8f9e
CP3059.md	f9fef0320b405e7adad8724064c9ba68664b86fc82523c023289181c6cb347c4	46dca9c31522206f66e6f9a12231dc9851e06e46e17952c517d5d681c0db4412
CP3060.md	fd3c7e3b1344bbbf4e0aad05a4904d190d2eca153227359f81bde985e48f6a01	d2fb4deb1cea843c33a9eba9cfa1be76706cf0b11d80d32fd4de545e377059ac
CP3061.md	b874ccf2690ebf679b1cf803a820fc0e958acec0782ad99f21fe0b5d03bfdea0	235e730ceaf236f9f8e1d8d10d648b1cc99ebe7410b081aff23eaae0dd8b456b
CP3062.md	5421059a04ebf2bff53e122215d7a6e1f7c35a1512b583d31bcbcb73602b09ff	00d01607c13e36044ad0dc4fe9699a382b83c01b45f3e5c0da80df8f2a22e24a
CP3063.md	85faa6111a0154b3858ac3a2a96f686227edf9980cac373d9371e0c8437d2f5e	e889414b535554d364596590ecae5a1f4eb278690da001840dfa407f5aee6dec
CP3064.md	732b42718160910ef6f96e33d5652c17423790d5c59e31155ea6a4aff5f566b6	da3e8ec970a7a6a19ddd7f1a257e819ac463c0a57dd692e8f8a4ab4364a458c0
CP3065.md	73aba0e670606dc353acfe0bbe9a0b148c7f6631f7e64a19f9a1ca1700ed5512	cf16b73b105ab18f306729a1e56cbdd940b8dd5f830a599f4c5edac338770f43
CP3066.md	6398aaa283cb85edfb55d62c88951faef0f61dbb632d6735fb7e358979cc66dd	2e548f2e25f32c1a857a9fdaaa5e1b933c767fd6120a605b6905586d12b37be4
CP3067.md	2e6b3b345210b66bea8afa8e801e4c286f23a2f9c06c651c14d2e6eea02701d9	b1e439651bb9ddcb6046a034294a3a96cc47a5f41727fc0d06b62e2dfadd58b7
CP3068.md	1c7f2f18228796c39b56db87d915aaf779c9e2259b09600ebf94dfd9d80728d9	3aa0e179bb5614763f069e9d61aea4d3e7274f0e66d4c0576b2cc5d5633f6aef
CP3069.md	23bcbaca8c5a5c9e21a091972fdbd3a02cfbbf85c9dfca9b57c51a4c1dc800a3	8ab127991bb078a6bfe81f6a9458482bad57174588cbe4451a3889720b64e619
CP3070.md	81a38a34dd2a6a7a26c6b750f0cf933c39de20765216f61e3af3cc0a9f4c48df	020cb8b9c1917721651c56813a5646bc477cb1f7d933a8147544431b24559f6f
CP3071.md	990f9a80d4b93a49c3cc35e34f9b30ea7b995335d1e0f2710d774458c57f842c	8fcf1af10700356c4bd3bdcd673852bfa3e9771f2d4383bfc390ff3767101d1e
CP3072.md	cdb5bd33636497c196dc08b7681c1563a17faccdaebb037bd66d460389108f64	8e7238b5a3783eece1a21776242831ec51b24ac0dfbb5ec3ff1777ae6716fbde
CP3073.md	fa24f45f05a60b9c657219f0f9b927809408fd345c693c3f2510af466fa81b1d	07cd03cc1cb1616760c6bf54960277d51172870abccd495db2bba2129ded6a70
CP3074.md	9b371998ebf78825292816928b6eee40a4e88d9ec01bf9b1e2a4691f5bf14e03	f3d2ba8902cd3e413a7b1a5ec59157df4bcf20452ae9f68b9d4bec83f7c1b3a8
CP3075.md	36a7b69d700c643a3771ce01d202e421aa3094a6d4820a24c3df06f3ecee9b17	4e4451aec8b9170fe7bb8981bd359b2f5948ae16224734dc3a6f3d433b716f9e
CP3076.md	02d4eba50ea872323be3e75507b9e5b805a91eef079b3e316c6da0322cfa61b8	0dfd41531ae34fce73f9a8c9649dfa97dd6174398bf76ac8b0af29876beec0ff
CP3077.md	24f379de7055dc7bcc280d7bf11ed1bf219cda42e8896d16826abd813cc5d183	5e8c7c5129cdcdf1c892467d5810f4c2b85a0b0c6077ef0bd672df5cfd4a3579
CP3078.md	1ad5bae35d9c9cf392510a690ee825d8980f6ace2996db44a96a651750fd8668	f98abf35765b943768d7caf9a6f370ea1dc65356ecea9c0be5326b85d5b03ffe
CP3079.md	dac4b035e2ce8cfc8b4f4afe2bbf02a233fd392beb8ab34a18e7bfd072adb010	8cf79c1731275b6dcba434ddc550f22c745bdbeab06d38ce346e1ba62be4152b
CP3080.md	2c8ee83d7726f944db09e9aac854e501f4b0bc06c702ef11a51057e86cfbef7d	d271c353f292ab0e847b84d27d38f9a0ef1a90e2b8f37db807d04c78725c2113
CP3081.md	54ada21083f5d54a0ec6329f114224fa05178b4b31434d5801e640a36f5fc91e	3329811ab85082a9345dd9a6a8a68273fc1bcf948e420600813b95beb52e719e
CP3082.md	b7fb3222a5efd6d7a5c83ae8df9195c459c5a603047a8f3fbeb1302b112d265e	9e734775d7964fdbd7abb8c2c36795839b5cb2e6f9649ad326e325d63de4de93
CP3083.md	d792c0673e285f9b73a93ca687cc6ec633a27d44fdc29d93060bf1301fd883e7	b0cc32238e9b14aa462696fa59451c1b1c27e97c6456c6c6a6b4fb753d2845d1
CP3084.md	facd24628051fc0eacfd4660c61a53fe0f526311c5021db435d406342db37e97	7d6beebabe5b9d4a41fb547082db399174c247cb77baf881247230ed47b3b804
CP3085.md	dc575d113e2e36d3920e132dd392c905b1685310a60663a501c48cc47e40af2e	ba61f495aba9b5ee74da1bc80e97dfae322ddc0411e1068b817e8e5f305c4e5a
CP3086.md	b96360661f156ced1f93cc36de48930a9f07c1a162e0bf2da50b3267653fb160	54e592c217cc1a1ea659083cc99c6866e30bd8fd9802c1ebc28a71710e3109b3
CP3087.md	6509d238ed0d6a1c67bc28e6fdc223f6b25caf00eafa06ec9e44813b389417d1	fbf419d3890823a1c29417f75340ec1cb2dd743d0427ae2972ae8297bdfedba8
CP3088.md	e30bfebdbb3491c10e3fa22e080c4d3c3240309e34ef86463cecff1d0aa8bebd	78f2bd0bc770f2378a902cf35a60f263616b301cc290e19801805e3fadd0dbd6
CP3089.md	11f6ae46ba98aa09be120e45ad6c53a3d69a0abb2fd8df79a3ea50cbce5cb63d	6567fd92a083162266ddd23f66d2ce9cf32e7b3e83c1a075fa3c2cef6d2491dd
CP3090.md	ca06b52240bd3f97e2d38477321a80148cf4b41a05ddc29122cb846c42b5709d	bae48940b48ebcf45458ceb6cb3ca058cff956f0d03c2cc1764bb29aff5e362b
CP3091.md	66e307ed1414a9614d3f74a45ae04295f5b64de3ba82222079cfe7cb472554de	423b5beefb39cf5c1d31d79b82aaf249cd95c547dd84744dd4b77c088819fd0f
CP3092.md	02adc1194e29c9a7faea29dde44765dc0df1e88fab9c9c978eac0da0c0bc35c3	2050e62960c49f5d5ea3086af89be7013198292ecc36717435fa90f13efdd512
CP3093.md	f4a831450f6b89e1aaaef34939774f58594a7f5c984da047db8c13a18d02d3af	c07e8e6762acfc64edc240053205ee05a39da3377b479617274e6de0c574f5b0
CP3094.md	0aaa69f05cc1e9bbab31c6ab01e00bafcd9cfc021d85de98a2df53ebb0619f44	a87fe2bccca3796cdec480d882f0e23bf627109d1af0ba71693c725c9b74fed7
CP3095.md	7ddeff5b7e4aa5c68f18fc9750273a05547e44e6d963156a7b804a815f7cf635	7f47bc5aada239aa2f678de054cbeda5c0dd402e18a1706948e5608e16347969
CP3096.md	c0664b45a4a87b7f008a68733a4692ed622446695124631be23d0f83a5333b5f	2ed7372d518157b423fc78d08852996c60dadbe17f4dc9304c09e1956706b276
CP3097.md	1032817f87d089c33af7c6a24a7cb5c0919d45e13e3876b82da40230cd40eaf3	bc18ddab0d706db7fa6750972bb026d6a03674560f72c447dfc153387055daa1
CP3098.md	69160f31ca7180682baabfc9134703fbab571ef0494d156acab49535b02d2177	17a5f14d3281797a492f767777e59500a63a3d009f4ab31652872a6f6f507080
CP3099.md	dabc517585da4990df395a39430fd805f80ba08ed73745051c5ecdc108f5a6d1	f57f45545c6f4230fc0c0a2aa058fa826d337bff12d82bda3b316fae2fd11c2a
CP3100.md	a568c201ba9b52650eb2a9e73ef81ab3ef4abe3b363b3de622747e99c7d755db	6d3efd60ab0386dee14a2a4ac4b6714c60d02a3657599b63c5577bd740913403
CP3101.md	9f0d6da6735a8a14a7c0c10b4e2898f731697e04c600899803f406f37a2eba9c	563810652211e3000abd1ed8989a5fdba94b267b551cce5e4f08ea17e5f43bc3
CP3102.md	d97e89069b577ce2a1aebf12f45ede7bd7e2f0c3ae17114d94045edc394d871d	91b27fe300dbb373f2e1c2832dad57b7ddd7c76691eef7b9db2074b5832aca07
CP3103.md	f3662353cf50a61e3c409d4d24ba778b8c4c1877848b12b41785c2bde8e78072	265aaade25d0cc3b0cc0bdf308cb94581fb679c121820ef9000c20f833b4e548
CP3104.md	96db63c4ca7ba7a7a9c5a6b52dd5b380e507df0fb98e90a1a6e0971d4f0ce541	6c8c60954b3331e8ad77d1e560b1b309382e47134874dced042575fc5016f388
CP3105.md	2b506032ad851f1fbf5a5c38d4cb1cc868743add81a69fcb4076e188768cf75e	65a52ff45be7d74e889eb11b0bd26346bca1fc9c2a647dccfb59c9a3a6f6ed9a
CP3106.md	8f1a1b42068ea43c6eaeb54af110f65275f6d0db213537db381ce9ff6f488786	aa0bf2c0e7b1f56f4ceb2ae64c00c603c509532e695afe0cc884756ad8df1d4c
CP3107.md	c312ca287aca023a46c87efd1930e8e030b3be99d3e8949307f2168832f86690	132b39d5c705475707b58d50ae254c53f935d4ed9e26d3b7dc150319946139f0
CP3108.md	1c94419b07d865eb258bff9953173419ab513d250c486d248655d20866d73cc2	d02e757feb233eeb867da9b1ed6b00f94f31bd6a785403454db7d65ea5f8e82c
CP3109.md	863edc88ce3e79ece086ca420b09159025bb3534c181c4a3dd7605788214f229	7f99e7da574c44c147fc389846bdc609ccbecca47c9c30297e2afe1429ffd8a9
CP3110.md	4df204d0a481438778c4ce5bc666fb1c789817fcef41afa2641759fd05d2785c	c39f5c08765a1ded319dca77b5f80b8ea6ddf700fdb32a5cc95f880013730194
CP3111.md	d27046f150a40f120bb350ff9b29c704d4c0911d8fe8503031de853ae986c8f7	f89281f78476a71380622b5db34b6fd8709265a23fb0e26e1d318b0cba592c54
CP3112.md	5901ef908cd72abdd1f822fb9877eb6d3f638b31239d0f9489474b2420cb0996	e572e1f92aee1469dec411dd8512b89c0aa54a03174014ee99268ff24f28cb36
CP3113.md	35ab252e925de8b2e295bff1652b77ba34a46cb65160c5287557940d7c825b42	822839ce3beaa013675107ca1d1964166576a8dde75d9b2f3e555f52897976a0
CP3114.md	6762eeb989aa05b556333b8649ec8f63c7ed5185da91ebeb0a89407f4b0a7a95	8e032a5e9810b344b1896cd72bd6af6d36595ab06506d44a669a8ea163ae5166
CP3115.md	dda35390718ac12d56b049e78b06780fc18b9fd6c0a580dea1492f4fde015472	59a441878b9b1d6bbdae114b3b44f7690f1dc1ed072125dc72ad1ad1836a8d33
CP3116.md	56684b948b025051b06fdadecf2ac7dce764ae552bf28cbde629b3d24d61a660	46511b045517e6ef4f936d92fbeacb05b6f387800765a0d3d2657442d2a33d57
CP3117.md	bf8911a674c613a3bc102a60ee08278d31de54b59cd8754d0e92cdba4d9c5816	bbaa4448e3b75a225db61b548df69068fb8e727f27a0515673271629dfed002f
CP3118.md	c1bba57422e102ec1bede8d4d3a9b9661060430a6fa72e93eeab65b830df2176	28a391b8ca85ca00cfbc1a96a92ba5fa8a9091779d64eb58f29eee9fb3f08eff
CP3119.md	17c94de3db2b10234609a95ac68bc8afb228d63006f3ba7969bc67fcefac3c04	18754199dd309994d7a9ae0fb2c46c6eb5cab2186c3436849f4d3840c5dccaea
CP3120.md	9ee66962e281f3d6b3395ca545cbfff5cec4707c3febf9749484cf40507c6389	af96049c7ddfbd1c58b548c65bf5b0a1eb32300d4b1952b451ac1d7fe9346c02
CP3121.md	a9acdb77265f520a21a09b1dea5a1a1de3a39bb4fdc80bbfe848949960323573	b00a0f7d7f49a83ccd88d5bd8921e4cf4a59deeb61027f704784b80df583c707
CP3122.md	904c55f9fa64e0d9fa46d615ee47ed8298fbc93e4c4390ce42dd8ba86ede1f7c	392e5fb425d6149093222b317572cda59f499dd12aa6c7ed48930a9fea4fbbd3
CP3123.md	c8a72f72202b766cd906625b979a5913bb5d5557d7cf07c04c41b19907e4c7e3	ac47d3ba6e8d8d84b1ea199f2b6b3e5cb7a796d6e768dd81d89894db8050c0d4
CP3124.md	be84e582f5448cb85846b7977fff653f5043b7869b370f7c7b808d782ee81cc3	da57c240ae22e1f590f2c10e532c055591228836f51528dce05fd7aa21392633
CP3125.md	daa95e50594ba110614853b50fe56cff939937b032ec431484916955834d5ba3	32d6b61fa065c2224afce18062e2a93fca3dc3a5bd844a3a4df753f12d53a205
CP3126.md	4bcd6b7223b6a7b30ca7703a4fefb5b01ee932a354bbb47b9b4f27ebbd177fb9	e2d037d8f8b05b4dbaf6d6964123c528c5a0c997eefd6fae50b8433f376e2fe3
CP3127.md	b60daf81948657c4945bd36321a934d5160397e19fb3d6c85f7434da8f899c5f	3ce8c449ecc191e9d309661e938c8f74a6b8cd225343e93cabf55ca89840a969
CP3128.md	639d959f7a1a63c5826c36a69ec126b449e88f988952de1f1b50c70d0491524c	6eea914367bc5165dd51f9a5050d22a020d77192611e7fe5a9972680be0a9cc3
CP3129.md	1817d1d6b9ed5ad7f17aef58dc08f806be11ef8b7aac8b9702babd8e47a66f79	b39bd734330b31f4b7dacc9bf6f9b1f0c10c70a4e4e7e0ec64e516c26f8a3a41
CP3130.md	ecd573cfc413c53f02c910e14cba83c22fc3eb2643fb33a931bc42d6a3f0e622	52103bf1d934376a0753eafc8ae4f6944c631a96fb20223e980f3719cbe31607
CP3131.md	0c5f37a3c2ccf5d2f26b78c36c80397c9f5f096c5b625d1b6686bb3b0308f41f	c0ee0117fef0c2b2789a25bd189ec66d663c88326800b75b7c2fa457e091d152
CP3132.md	8c12b12028b75471b62329ec120ae03e04e0397e519b055021d2f885d431894c	18af6b292fd47bf154cb962d13527d8d7ebf6b5b9d102397c31ede56af9c8049
CP3133.md	142d39f382875ecd518f94386135ebe9426cca7d43ed6a3a0d85fe9a45501cf6	c7151e9288f5fc5e2bf609fcf64b2d2f475547285d7a92837cde8bdb0ccc356b
CP3134.md	32f6e19d52be88d9a4305009d9b4836ae28e8bd6de1f2c2c7516e3abd3e38899	ff7d66daa9d342cf3d6c561d8b56f777a6a0860bce86c2e3fe8152c0674b8d55
CP3135.md	133dd6292577ae04f30b498fbd90e3527fbd75999ec152fe61da383bd0280509	552fcd1095e40557f187004cd062baee3214c18f2797ac1acb2504cb7a74d542
CP3136.md	c23767f30f43d554f23fe6c76abaccc0bb12be8e771e03ad0c43b7655af523ac	4c18ca51ec183efd66b27c623ad96bfb23523c39199912b8450a9c59840166e0
CP3137.md	e57587565beaa92ace9cc906b120cd6aa0ef3454acd745f587c3837f01fcbee9	64b42f7c09ef4d145586b5cebc3718e4ce01be78812cde0a04333bd11a101696
CP3138.md	400c157c25b5bb60180783fab9d42b13e62cd87a9e2cfad8c32edaedb388976d	436577d7ea5f78b11502038cd7ee25967ef2cd20d7c59ccfd5c78eac8ade17ed
CP3139.md	a8ad4867422cef49ba8df87785090d0038693d73f7f7ba2502774ce7193b10b1	f71965902c6b352b36ed93f8acef86da81ba7562a2ceb71c910f094d7b21b725
CP3140.md	4dfec0aac1757ac71c6f7dff342c0b06c810a51c121c39237cbf312ffc6037ed	a192cec7ac0d248b5a476cad632d6e5cade1d01cfc196452eb2f549661929bc5
CP3141.md	3ca01c3acea624cefba3804c6c1f659af0971b62cf68245fd4f5f2cc48afc82a	09066ce5db2a2f28b566f2ed6f08b5573266d5a9f68f0c450bd50917779080ea
CP3142.md	92cedf9cc5e5e6e4645dfee718256380e269c090106e56426774957edb94d231	86ae222e990e277cdc70107402848e824f9e21779bc13176b41c926f6a145818
CP3143.md	e31ff2a4c36e071c4c3205e932c955c8d273af2bf558e07fc239067bb8f1ff83	8abfd115478ea54a67c0a7d9741f9a482584e33d1ce84ade357f0a74b7f0974e
CP3144.md	b5ee8b0aafd1d1579a3645fd173278a0bbbc9c32c97c5c6a26e89c8bfe8f585c	5ec387f55c29624b83c89868ff7501848ada1406cd866cc4af6fb8f24bfbae9b
CP3145.md	1dd6048d802348306758c0d6e05fc2e24a24adaf71580397fb05dcabb74f0593	1dd6048d802348306758c0d6e05fc2e24a24adaf71580397fb05dcabb74f0593
CP3146.md	517caabdd42caed98aebb78646fca5d1add93df9eea4fae0918e7b28aa36e610	517caabdd42caed98aebb78646fca5d1add93df9eea4fae0918e7b28aa36e610
CP3147.md	17172846ed99f75646167cfdf4c4c0e5d5a35bb5356a59803751f36ec67aad0c	4b88a59de27ee8fa1b7b0ec508e0583c022e716c30dae01e6e4ef7f55351cfd2
CP3148.md	b05462210a216f7d3a8a28ac8e2d54b6f02c90daaae2f680f0a4622903e61333	a02fafaeecf880cbaa003acbc165358e4f0ca0628b554aeba3a26c54cce30956
CP3149.md	78c7d821272937750848e35498965c8517d1e04bde6131c0d05c7e0a5147ed0e	78c7d821272937750848e35498965c8517d1e04bde6131c0d05c7e0a5147ed0e
CP3150.md	cfcb3cfcb9edd69dd568725cee0beadb8bef1239573336e45eca7460650fbc43	cfcb3cfcb9edd69dd568725cee0beadb8bef1239573336e45eca7460650fbc43
CP3151.md	d000d3c5bd29ecfe829ba5b492cb9a60d310aa635fe9fa463151ff7dc9fb3f2d	432ac6eb8ab428c9f05b9cd78901723115959aaaf7bda60a63d6d370b76ea06b
CP3152.md	367dbb487e9f62c4413745455a668df5f54c84f2d7ca3335f9d06681e43c0ecf	afc8a933e8350bc17e8efba55455121e7171f65a17003a0e82c23198cb527c60
CP3153.md	82ef1f41ed3f1cbb5a2bccb3e17fc1b6dc6873610b73f7136a8241ee4f6eff19	08d4225159da0281366cbc2ecc8f0c6e9456ddd25ebcb830985ec45560958c77
CP3154.md	dc5f5412e5cf5dd02971e98a7050759bd0389db11717e45dc52f80b758cb4ffb	1bab0e09707dbcf505505419f35db27c6df1c88ebad255b071c1617c19b2ffb5
CP3155.md	86b85220980e5debf0f1fe4e9a0c9b734ae634af43b477c7c5b877c180b898f7	e9a4ad8dd2b3053bbcb430facf2700c36f806effb31b4f693a8bb1ceb45fe1da
CP3156.md	9c146b115ce34b6aaf60712ccd08dbeb8522417f2a9ebd6a0a454e0cac6eb926	7ac9d69afcccc2404f6d2fb82356dfda067d1cd6beb884aefc84fb8ccbd3d5d2
CP3157.md	c52bc82e827eb5f7bb5b79a8a92b1f7e8fff11ec56c97c3e1ba1995ec2ac9e0c	4ead9c1ba37bed76ba542583dbfb64fe5376b9ee0318c3f64df1f8383a5e30c7
CP3158.md	4dd2cc1149b1ced0e8554037311c6545336a2850ddad2dd5797bd46a04984264	8d675a16066e4a941be6d521f8442a523892b2d99e117a362b4a7971a4bf1c04
CP3159.md	1d74544d0b48935a17b92e66dedcfd7e729391495116b1392ff0b5b81fc2ffb5	3f0d012aaa35f86126b1c9705a6bf16a762320a4a3f5812b4a724794fad638bf
CP3160.md	e51dba7052317c79183c7ae0979c34cbe2457fadefcf7a46b64827d398b3e9fa	2911f9166409224821872c3990d7f24d5b73f7db4bc1ee8726485976f503103a
CP3161.md	242c62a56884ddaeebf6b233e926cfd50c5306051eb58e953f3ee0ae2d0293a5	1633b58ca4f726fcc79054818b6a11b95f80cbc7755b029f1d56eec59e657f68
CP3162.md	dc796c005fdd6889d4e2309c788f82fa44c1861920d08c7898ea614f6270f95a	e3c1894764bd3fd3a091884e695a9c891de2b2fc8e376320fd7c455db870cd55
CP3163.md	9f72d568f339ff6cfe33846b892b5c351129733976df66f6af35354ec4e28767	9f72d568f339ff6cfe33846b892b5c351129733976df66f6af35354ec4e28767
CP3164.md	53832c5b96a9225661474ebfae7649a9abde993ebbc909cf24b4091c32bbb26e	4f90ae4e92613fcb9bd41cbd48c1c64eeae2e69b10e02d9b9348b9b19cb3d466
CP3165.md	38696a74bab56e4f1a1f3acceb9d4097cb949ca602c0f311659b208f0f123a4d	38696a74bab56e4f1a1f3acceb9d4097cb949ca602c0f311659b208f0f123a4d
CP3166.md	726f2a552d442efe8c2b3d2d0bdb4064f218008386fb776ad8a005cbd84e3c0f	27b26adea22956420c306f6f614dfec226ade421a409c9b7a1e51e7cd2a4566c
CP3167.md	fbdaab4c9d06d3e151a0facb17aac3a9956c5d9747c48aaea10319a966704f72	fbdaab4c9d06d3e151a0facb17aac3a9956c5d9747c48aaea10319a966704f72
CP3168.md	bf854c354217e71a6586350f6921a5778f066146aede2a45baa2483aa013bd2c	4d0cb89ec3db3d7229adbad4652182425b83c027ce79d76631f411409c1e457b
CP3169.md	75749bfa2e8347bcfa616ee63d50b5f6e079a2240a7e4c51c6dc90c398e711fb	75749bfa2e8347bcfa616ee63d50b5f6e079a2240a7e4c51c6dc90c398e711fb
CP3170.md	c971914a644ffc77a155697c7c55af3d750f4b91b8642d713d730ff1e61936bd	0a415f8f6f8bf37a4d953b46e365a1d8e3ad1401bbccdd514c2fa89bd4d8cb59
CP3171.md	0f6591c18cf15eeef6854edb64212fea44c2395f4bcbc0c962ef989bbd1b9cd3	56b024a2e246e2b9f110240707d71ba3e99e7a4e45aa6a686b780366ecf152da
CP3172.md	142546cba924721fa5caa0ac2155287ebe93718e98552de3585c7866b89b7750	b3b457e937edb9a4de3095d70d727d8d21d444786823ca6c38c056721f08a0cd
CP3173.md	4905713054420dc86e86ad16e84eb75901e3af371116cc3afa23f5774996f398	a4734757a6860173b050f9e389d24d3d557115da206db58d12276ecab2a0105b
CP3174.md	bbfc0f037dbd7e8608b024b6702370fdb65f2bf121646110765ff3162329e131	69069f740581827a857ecb4d1bcd728d404dcc4f0b297e8b52ec47e8984e9d48
CP3175.md	95143f36bdbeb767cf606529e3506ec9d1139843f958d82e2463ccf97d6b40fd	1f0c1b41c99907c8a639dc2b9282c46a7fdfc31769a2d4249b6aabf994886b45
CP3176.md	16b5a6e55413227d2c46e2a81b411290e9020d9bebc10f555a019a74f09440b5	8c3769d2879abd65d18e893646cea69a5c474a327e8cb059079fab84841c3c35
CP3177.md	da71230b515ac8eaf44777b45e009db500474e3cfe7a5f3532b19a0083c64851	da71230b515ac8eaf44777b45e009db500474e3cfe7a5f3532b19a0083c64851
CP3178.md	9a30c16a2bc7ccdb64fa6b123cb4f68e5cecb81b63f06773d0bea13591b68525	8f7f3151d98b5d042d1292e2a52ec43d1c7cc89d50044a6765a8fdf19cbb725c
CP3179.md	4d80ef4d7d1d12acdaed0ca54fe55c2f76239c405d1d640d58981249177531de	4d80ef4d7d1d12acdaed0ca54fe55c2f76239c405d1d640d58981249177531de
CP3180.md	dc6e4e6de3a64414616eab8e1df68992fc4b8ebb3939480c994b7d471f6f7008	ca2fb380be0dd795542b2e3386bb00607562b82bb0d79ddfd67cf25a13803c89
CP3181.md	a3e00d8b1b9f971039c85a87c87678c71429c1602c0fbbf64437f0e4db7db644	9ce5bdb83d5d1a45836adb1148a56b1ac3840234e14f8a051c5fbc6b7005241a
CP3182.md	1639f6a6cd0dd5950116213d9a985b5ded321ed789d902e460ec65e43eb1da0e	5d25a4e6a190301e9229dbb48d4fb8996548bfeb178a29d377ee740fdd2aa575
CP3183.md	16af8fb86c1eefc0e5f3d74423c02ed0352cfac3cb9f28e07b839c1cb6858cc1	16af8fb86c1eefc0e5f3d74423c02ed0352cfac3cb9f28e07b839c1cb6858cc1
CP3184.md	38087f53ac72a92f785fab92cade46bb7e91fb2a4270f23c9d530471c6a80278	38087f53ac72a92f785fab92cade46bb7e91fb2a4270f23c9d530471c6a80278
CP3185.md	abdadd3db03007849a736a0b35b266ba0641c6aaf0413522f5d56d64e80a1da8	d27b1cfc65ff28e52dac5f5e3729b214bf103385ebb19c13f74ee3864fbcd833
CP3186.md	c7786dd749ed35a5904b8c9f9904ead875ef8e06c289da88ab63d54ab7e692b5	7b75b88b518060f5f8c05a4f961af9d5e4cbcd4ca78879f021bdcf8b3d7d1434
CP3187.md	fced9bd8a3101bc92f5a35bd5e737fe0b742e7cd51e772752f0947a730d284be	575066cb7ee6f0950f5559dc7671a97b24e76c1181d1d8cd6b850889305f2452
CP3188.md	5780efda7dccdf30234a7e377d1cfa3b32f424f870cf411624f38f548ead6a7c	40441c2d087d2530842c32c6cb66d125b4d949d9b855274182de4bc41a32a71c
CP3189.md	cb1674f2a101a3e7c961bf7b0ea69bbf0b7be98cf3aafc090a5c7220d6b0a0a9	118af7aafc7e19ad085d3d58d7b215d8b1fb0d589dbff81c1bbf6960cb64e2f2
CP3190.md	e49c893966ca6851cbcbb51598ed454f861c5610f2d2bc39f67fee957cf7e98a	85eb5838d7e0e1a9cabbb9bb389fdb7ddd06572eef33a43a29ac9ac51a6bac74
CP3191.md	41c2db93dcc2bd9ef4cfe44ea0f81aa89f92baa48558a81e447ddbb1940072e1	9e90cab8ad91e59f7abfab0242eb2b80f21597cb4bdd034933e953cc464c8103
CP3192.md	25533a13a7572881ae1763cda5ffb7539fe6052383c3209c9caaf9a58dc43de1	d9aea9e5b0ce0a047aa6310b2d9b31181f2c9e4f8676793d5873519579732d77
CP3193.md	d575b024f9454a4777074e36e3ba8839436ae58012c194502d858921060f21e1	170f3bca57ed110019645f15c6b44a7b0abe2ffc9d90cdafbe01e01a48998bc3
CP3194.md	6c7e3684edcd87c267b2144a8b0ea9447aaa83b8e38ec38415e8332365aaf87c	0122b6090e41282a6799083b4f083e4d3e5111403d32b1052fd54b01b328b392
CP3195.md	3e5e11afcacdc325d68c529425815f166be3f4699c5c77c4cac7447a3960bb33	b59ab4ba928e2c56a4a753473064bed2f22b5cb7c79aa248fc883cb3c1b9e05b
CP3196.md	032d65268205834294f63ce691885fe2f22581ef9da57c9bcd12aea25f880952	36c70e5bd6132618bef520df71c8bb3dc63ef49e3c71270caef7cc1518211af9
CP3197.md	e349f4fe795ffd0344c4e2981e38272c6c25f425641df55d1ca0d454fb1a3748	d89091841b50686e87d2d726ecd8ae9bee7d39a5bd4ea9bd1c7680ff144d4310
CP3198.md	17740d791ea5b45ef13f313f7a5d9f3ae84e0531cd10c63f825dac024aad1652	df30926b081b0066d4f361e1e6b2d7b2c60cea87152401ca499bd1561098ffac
CP3199.md	763218ffc1ed2d3a1307da8925329a37bfa5a8c99d38c077411588d73946eeb6	f77b3ef95fad79d5589d7db55339b59679deacc6a823e2a15b1bf02ed33f9d5c
CP3200.md	5f5fef5f7e5e5d64df76bc98345bba31ed9081c7f1571d5b3100d3c42e089745	5f5fef5f7e5e5d64df76bc98345bba31ed9081c7f1571d5b3100d3c42e089745
CP3201.md	9d56f3cdee0de3ae4d7e0fda851621f36e5c75668007a784f1ebd5e33fd257a8	54e0018ecc57755382ca5f54b4942a487a97fa5a1b0d9ec87e1b1cb090d6bee8
CP3202.md	bc25e6462de3bcf430264b05a14dd7b5131d33bea195d1c8ca2ee84dc8128872	369612f61fba78ec15ddd7e535f7b0a34332789e650b9d7414469d171fbce136
CP3203.md	bf174c1326fb02b0850cfaa2c7cc604c2423e486f9ab05d72a2b38729c22204b	9603a9a9b3ac53a0af165885be27141eb425423068b65c7b739de4134734a814
CP3204.md	ba84a0350fbf54d61102669a5e926b247a17bd58c29fb680510f4ee8ab49e8f0	b2f3078388e5fb77f44e60466475e576985b72a92268d7e76349c3bed830f6b9
CP3205.md	e13aab050576c37da9000f6c8ba3fa2d10cb82021381d5810f7a0c0a794031fa	61dd7ac75b474f1dadedf62a91b6d1136ab41cbfb736f27ebed3500a541ab9f3
CP3206.md	8b1648a8800fd7d75c9ab4651dae69b81a1e8060284dbe29ca9fc0b13e5507ed	c34dc17a87fb35370a83a01e9be211f676f73c83035ccc6eee2c5cf2ab4262fa
CP3207.md	ec8f2ecbfc72754e040722ddaf0b099adf024435e711bba2436e6ddf4d6c2a17	ec8f2ecbfc72754e040722ddaf0b099adf024435e711bba2436e6ddf4d6c2a17
CP3208.md	3b2ef5321d3e4fc521837162f21f8576dd4fbaacf4de02cee0ae26f0501149ba	3b2ef5321d3e4fc521837162f21f8576dd4fbaacf4de02cee0ae26f0501149ba
CP3209.md	6af55bc9e90082e538b5dd7aed3fd9324e6f5403d8b9687d0ee2904085693e0b	6af55bc9e90082e538b5dd7aed3fd9324e6f5403d8b9687d0ee2904085693e0b
CP3210.md	45acae9850e474fbee843c1350d544b1cdbd37c46df1145a3a6d524daed99c67	45acae9850e474fbee843c1350d544b1cdbd37c46df1145a3a6d524daed99c67
CP3211.md	3047069da6793cdf6339d96cd39af6c58c58adaa87e2436c02bb52a89071b5f7	3047069da6793cdf6339d96cd39af6c58c58adaa87e2436c02bb52a89071b5f7
CP3212.md	b3cf3768971f6a28b484254cfb7059e16b5c9008ae5b44d5020a1f9ce9b0a6ea	b3cf3768971f6a28b484254cfb7059e16b5c9008ae5b44d5020a1f9ce9b0a6ea
CP3213.md	039ca5d0972511030c8961af83ff2a7886e03c17dd59602b243c7b0f0f9d2bbb	570d2f4f4e5d01c1ab00c75b9e0da75d1eb28698005856e8ad738055df0b5a61
CP3214.md	0fa309290b724ebc23a889d92e6090cfd7bbb9fb14524553670c6f107ac1fd24	0fa309290b724ebc23a889d92e6090cfd7bbb9fb14524553670c6f107ac1fd24
CP3215.md	211a7252aa8a33464430cde97133dddf18867e2a974d402e00b050419ccc54a0	211a7252aa8a33464430cde97133dddf18867e2a974d402e00b050419ccc54a0
CP3216.md	2cc26d21c2c7e03b6c55ead9713f2f42b123a43695c3e721342b71e1dd7e775e	9a587db784513ce671efbebe136b3f43d00ecc1749278bd87bc217014e1be26e
CP3217.md	ce282be58b94b55d457de9334824a33847ea396197d2f38b1d9339c159f5c295	90ea715e9e09ecebd6619ce1817f0625b1a2d3ab549955033491bb0ee1faff86
CP3218.md	8871fd1fb0e5a381b0e5a94a01b895fc2cfc56cd80f609d18e3e5453ec35e1b8	c257b3fd801ce9621884476ebf4ab26a660ecf249e92aeda8557f53a75683a84
CP3219.md	235b442b9bc2f41e2fc636d4ff72959de0f9bf907059710b2a3442d501dc517e	4342be16a26029f9b0ed2f816e9f20ebec565270a306925e15ee1173908aa338
CP3220.md	75100dc7786fd9c8b25e5695b2efe3921ad865d5db7bf9b4c4861a1a44cd4d1f	b6ecd77d06afa47c483fc4b78371a0fe0adaa2ecb06262fc689a68d417fa775b
CP3221.md	645019bd88352b2cc0aa1dbbb6a13cea1c17ff4e80c10ef4808cfaf9fe7bddee	e6680bc891889123ab5e550ff5097416d38b6ef323102bc0c184987429bbb908
CP3222.md	bf36fd3d53d1f3a18649b6bd174a812eb3c9badf2ca282ce663d782d54b84b9b	bf36fd3d53d1f3a18649b6bd174a812eb3c9badf2ca282ce663d782d54b84b9b
CP3223.md	7875a08dafb221141c811574ea2dd54208b8e2e99a17bcabc3d50ed20e5b3adb	7875a08dafb221141c811574ea2dd54208b8e2e99a17bcabc3d50ed20e5b3adb
CP3224.md	ebc0d831bf036318c10f36db9dc5c93582e669addbca02fc3d12c99932ca0eb5	ebc0d831bf036318c10f36db9dc5c93582e669addbca02fc3d12c99932ca0eb5
CP3225.md	fdd82ff73bf3cc0879c1a51c765bbb4a1ce23d45150f43da2ce9beeb48273e3a	fdd82ff73bf3cc0879c1a51c765bbb4a1ce23d45150f43da2ce9beeb48273e3a
CP3226.md	809bfa824bf4175fdec2a6114253a44bda6ba70640e06dd09429542e19f6ec1e	89c8e7a17d6bda7a8e753b370cada2dd1a964aece264cf23e4576a0234f88456
CP3227.md	4756d08260c38d559b980fee293e074982d6c8c63b0a47501af0e61c2e150af4	659f805b16960e7202c879aa668033072610d72177445fef6c6713714bd7ecbb
CP3228.md	4fdaaf085834bde0726be79eca5afc2ff8c125b7b61d2a001743b8ffe3683a44	4fdaaf085834bde0726be79eca5afc2ff8c125b7b61d2a001743b8ffe3683a44
CP3229.md	8320b8ef31fb36e3902f5f7481217e89fd40c947cd4f2446a5ee62486db1209b	1295843e8ad8061f19b7159a1509129c3233b6d73af09d834757ed1a3fc99fb7
CP3230.md	56c81ee964229d08f093b0c2aaa003bc9b9d9d8027a49e98aef769895c345100	56c81ee964229d08f093b0c2aaa003bc9b9d9d8027a49e98aef769895c345100
CP3231.md	a7fedd844c6386002ea2977cda4370a8d18356d6479e7900a466de76f3062437	8983383ed813d39c07028a60652f0b3f4459f2e6b03a7fcd9aa99f2c6e4bcf63
CP3232.md	7567a7b86ebde92974cad59a8bf793e10a272e94ced8b4ab02a708cc769603f4	7567a7b86ebde92974cad59a8bf793e10a272e94ced8b4ab02a708cc769603f4
CP3233.md	01627ba28e3fc1351a92fe14192f814bb2251e183f2ba0d908a5bf857d28a2e8	e23c048c0afdb0144a5e3f1e44d0f84e7f1716f22082777ad4124fd8b43b60e0
CP3234.md	bce71dd8c3fb5f560d682b4a2615a343be9fa66abf4cc4c2fc5315acd65e623d	ddb4ce5076f9cae4ed23278620e9ebd44bdb0d5788062631ce917fb219eb1262
CP3235.md	b721d62f33112216454d2f45cbf813cb685bc8fc509d86efc6a151852c2d1982	03e20e18a1c245ef90ed1820e82c0ab330716ce36cbf363b6a6751ede0fcc6cf
CP3236.md	9f4763679b24ce2ef4d7972220266681aa0f20156064cb227456d01661898b44	9f4763679b24ce2ef4d7972220266681aa0f20156064cb227456d01661898b44
CP3237.md	784ebfdcf6906e0cba34f9a5e8caf81d5e34937ef90c5908b3211afc4ee4d060	17a453bf1f02ab7410bee0cae71c0694747fe14dcbbee3fcdada10ab235fd04f
CP3238.md	78c0551aa24c76eb351cdd902de16da827aa05125da4b400d26c7dd51dc12b25	7c18d5bcead0981a486ef20615a1a03f3d954f09ca39a14e21268a291a93cee8
CP3239.md	df1764ea9866f2db1276694bf853c58832c8ae285c665272ed0cce66059988e7	8a0c4b7807663fe63fcc2713351f4424e6fe787e3e17f28f12f05d9d8e94a9c4
CP3240.md	19c39426d19945b710f295875d3f11c9ba7d7e0ec049dbc3ca4d13afbbadc39c	19c39426d19945b710f295875d3f11c9ba7d7e0ec049dbc3ca4d13afbbadc39c
CP3241.md	04cf132f09ffd285ed533bba22656dc4dd7d1c01e8188c9ec1d436f8434322f1	522f57a67ef7a72827a267626993faf30a7622f701934170b108ea52b501acff
CP3242.md	5f7fcbffca7f8677ba285bf9b6d930ec2e2aa30300f3fdffa6de0737eb380bcb	5f7fcbffca7f8677ba285bf9b6d930ec2e2aa30300f3fdffa6de0737eb380bcb
CP3243.md	e637b3f71a2fdd1134351a3bca9ffad08a65d4f5e84a6273bdceb0eff4c0edf8	3af46e2a13ed927a48a6e6a919215e9f62aa9f317c9a47c0a4601925340a1440
CP3244.md	250204a3cefb2e814197d89a595b40aaee56fc0702d71bcb68b08f31a5a5979e	250204a3cefb2e814197d89a595b40aaee56fc0702d71bcb68b08f31a5a5979e
CP3245.md	6951a8fc7163c5f4a474d4ea7dae774350a1a76d38b64de83445ad008801687d	c0c1b45c53bebb17fe2ac59fe739f9e234116f0dddd12946d18c3f222d131f04
CP3246.md	8f89147142602eb63dd437c1733727fc55860b357b94e17ee400f62d56ded5b4	e730d2edab9c9f58b7beb9f16c7c4b1516fe8ab6fb6482edec91993ad5719336
CP3247.md	efa6f83bce2a7b9bff23bead3b5a1873e0134701492fe2035ee9e004798e3700	25e35baf61658b711a2bfa7429a938dfe6eae8d46626e52a2a13104090ee75f5
CP3248.md	58a1a730101b3322bfcc12502bcd4910a02db81cb12fe22a2cc86a61c3df5697	e8d53811ff080e11d6ec921193138f86309f846f3e4402f49daac1b28fabb5c9
CP3249.md	882ab40df9899e7ff8b4fcb23ce071a3bf93076b064bfa374e7c823b8c196e33	b169754e6505eb929bd54c2891e2f35558bf773f593ba852cbad004af0799d8a
CP3250.md	bdce9a5ff933e018b3ee2e0bf92daccdbcddec8fcc23e969c5122a0274dc90c0	74f5390e304eb425bdd408e83eabdbe1b552ee29c9c9740d5f419d7cb04fb634
CP3251.md	c1b7c29cf483aa795df06d3fc4b63538467332b70d31d998a9bfb2c61fe3ca3b	1e70e9050fb14788987bb3defb9dcc33016e2b1af72678947867692ed758a386
CP3252.md	7658f94ee17e526e726c57cf6935b56412f4e83bac8131b3e4962a4a41e2652c	7658f94ee17e526e726c57cf6935b56412f4e83bac8131b3e4962a4a41e2652c
CP3253.md	1d4b5f63cba7d8c1a081b4addae4a9654f35776754783cbe93c8291b70d722fe	0abf4cf01500a0c6538d27dde34812459180f65d2135a817283924fe00f2fdca
CP3254.md	80b40d661e551923a059cdbb34382d0bb776600925415bce5010f99c5bbbd789	80b40d661e551923a059cdbb34382d0bb776600925415bce5010f99c5bbbd789
CP3255.md	c74f8ba65be9c9de4345ca950a7caa90ab7bce2bf7c9c9ea5175caf300ce1f45	b55147f1dd30ccf071271fc228b04ab064eb891fcc1eec350969983254318e31
CP3256.md	23502463116376a7e419ec3b0df22977568124c2ab9ffa06714334e68bfab546	e9a51115a96b7f983ee77d87b5d4d054ebb524fd7f3d3443162db1796e7bfed7
CP3257.md	29eaa61427982e783e6b59449718b999180e94a158b7f8e741990376f78d5520	35d52b5091fc3f6b65305827a4840d029194d3aed4a008c6094ecb6c227cbe47
CP3258.md	dadbb8c88c0d656c807d6e985c76407773bda2e66c277c9af4c01621f6e75063	c30a6bc013dde678719633199b081b2af4b857ebb7cb76772dc8a64a65d7855b
CP3259.md	9309e2118bbb690774ab7e279c1ab1dbdeed31cfead87bde5f9cec7336e19e69	a80276e23ee119e17ce233e0f9a9b94fba7e9c0c0d99c563cd0dcfd89f59fe92
CP3260.md	9c88b2954f237a1adadb95eb046073720ff859e898963478f555621c8397924d	166fc8221be550dcfe822499244e882859c4f9ab190dc6d2da9cb3a29680d492
CP3261.md	ab4087432aa4cd5791d4571bf99b9ddcbb879a4703e301700be467a477f71faf	48e0aaf34f2f7062b55062a8f6459d566ffb2a1e7ccad6834003cf2b53cc0944
CP3262.md	5241f5bfb7b6a099b44de6897d7a8f12ad3b3492e33c8bbdbb26cd997f2a79b7	6d8382f5d561565b25c7fa49dec440207a7c291d9140b9be4f0a6ad6d33c2a04
CP3263.md	ab0a264d9e01f8791bb4f4e8dd23cd220672425b85b448d2e970515232b13e42	01964d32ea1fc9e98b922aa47cb51e81921447c65a12f419e2f0088d03c09b37
CP3264.md	337a3e35d74f26429d1bdd02785250114ee7c7b53b447389a09ddc47e16adde4	e0af537bf474f3e2fdd694de5722f1f615f5fcd9ec14c480b3d44ec8cfe431ca
CP3265.md	226f2fca2271f8abb747bda1a4c8e0daf78a3670f68591db3d81f9d423efc84d	901ee8c6a00bf97f008e745bfe21a1e12dfaa1a6eb77298d4987a16941996a54
CP3266.md	e42832bab5c2f63ae586d170efdb5f9908c956b429d25724f65a9b2971ac0181	0a005ce0f42d3978606f021c6a47e461dd9e0895c581edb06c49d8bee49762d1
CP3267.md	d6a14f90f01242c130155a1ae1256ee2c07853737c1b2e757081e0ee5db4e5ff	8619fd22b2e373bc8a72285e1d3a48d8afa4f6ca3cad614c7accd18edf915f2f
CP3268.md	dac936a3ce11b01849e1d7cd255496f6c1010f171207753bb8a82415f2c36b4a	65cfc98e5b3ad5525e7ddda8fcc0f66b4a3860b205db95cd956bbed480a2cf99
CP3269.md	ce5add83094ca22f476885656466fb6a86f17bc74f1df0e4cfd21cf7a443e1ac	ca16182efdf9c4869ab0b4cfa83a380927e2c1cc6f6c307de267178adaa8528e
CP3270.md	ca7d00426d649c20e63d0b3c01a1d9398ecfbb264b81a42b9a8746fe0ec62fe2	23c706b3a63063c72953863b1a0ca29c39dfd6ede517bcf8aa3c145f7020ec10
CP3271.md	1049e66dbe47b9aa29adb9528177b4dcb4523891b6bc327b6bf0b3126ee5da77	1809ebcd9ba6080c65b9c48df7171bcceb08c5d5ba225a8ed0632273adc0733b
CP3272.md	dd78e1c30943be2750402eddc18d6fad37213c9657e17d0fefb8d19c45aa70c4	1a1b00b3ad4008ca57d326b128eb020801ac7cf93039747021f2120cc1a38f94
CP3273.md	02dff2295d28a242e09e946da23062299a1e3a62f73807137b0500c3a04ceff3	20192b5c32483d1c6d8a4e04777bdb1d2a0eb66c5e7d5d0afd3cf352ad5604b1
CP3274.md	3b45eaec361c90ee7c129d8d5752e5973ed3dae34ea2bf7d11606b89971baab6	f383f9f9d498ade24226d7c4db6504301b63e032851a109fa199d1e85f83587a
CP3275.md	9a29d2b58101c040c5607ab10fa6011e534369db0468d448b019fbd2e403fb4b	dfd5938b33fe890035431b0fa8def0fcff022a33235ecd088f011469877fc48e
CP3276.md	879e450699e66bcebffac33de9fa9e2a24be0cad7bf0cc6a57898af868f0afe3	6ce06715437e8b58d73f94361361aef00f68ae2a3dfe5f49cbd3b02e9726f638
CP3277.md	c110123403d408a9773af4005fe3c501588c68221ff1f657e3c7776b5ea510d9	c041430e0f5be96d28632c5e60a6d308c0005dd5e740f06b96525500eee7d7d0
CP3278.md	38cfea86b8083d12726bb23b558b59040608901f0872c1617af0de666019badf	2ba805d0b99424fd63f4d8322511be9235eff0109bf733ca045a3cb6f606b0b6
CP3279.md	a1170469932c8f24354a483e400e3b73cb50b4f5cb1ed8bdcc3396625ef1070b	c67a34d381f474a7897de6ce539e5a3f885a917df56b0012c7f739f2d0678b09
CP3280.md	de20aa49a4aa1cda6636270a155514d99fb2293ae6a5c181441c57d4538c2308	3953c6879f5159263c2c324a0c7ec71933480fdae8e113ef2b884eed0ea4fba5
CP3281.md	835534ffcd5aa4e141355b39624ac1018dec4ab4139d32f04827e15a6a79aacd	01e38134be967436c09e27bc39fec28e18b4607edd73f2d78c1c7d5704305d36
CP3282.md	2c06c1e80717603c58a8baf9a3f365ead85313cccb9767181a28902e9fe4a410	466eaa80bc914c5ce85decadc73d2af30525a8ff737edea1fc04f582fa47ddf2
CP3283.md	c68d56e513b691e560f8c6a7be3f852ed93b8f69b2882eb1fd4b0b781a883c06	aa69a0858ced19cbc2a40649d2041e324a5f96ebd65ace8874f8e3e4e6ba947d
CP3284.md	ff4122ed8aea7984e3321ed0b732a2aaaa62a114a53c3dd17a893d1ca83fddfb	8abb2838ab027d4e74739b674d02487f68a982fff7be5b9af44522f39c6d6206
CP3285.md	d37d232d7a5063a03e4ab6e4df1bc85b48687bcf7a34431105ba04f4a3fd7703	b6d4335b379c4ce106c6b076ddfda322e0195ecc151c51cd0183b86c7fdaa461
CP3286.md	f59d3d67d8d530ccba994d3e8fe4c44dcc490cd3ad0f59640b53550ed31470b9	d64bf506a310c232f38b9a700da64ab88a28e06ca2b0a955371c53e8b1b3aba7
CP3287.md	8406b0eaaa305b2f71c0d91e82b3a6e47305a2b0c50e6d984fc265b4e5668240	8ab544894fa66fd1eaf00d6dd824cb7692c396fc0447dd5a823078a6fa9dad4d
CP3288.md	25f1a0954c51d031cbcecd14570752788d07bb596ace6abbb7eef298620439f4	e763d813b6f34a650d0ca5310dcdee4104c004d12988f5a2a4539ba232acc17d
CP3289.md	1023eba21ea144785a0b9ced7b8200bd58ab81b1bc62d9d53e102010866892ac	21d1d7efcdef33eb2146d39d55adecd64877c8c6b67170504d6c612d2aa85cc0
CP3290.md	c356e8cd7a9e9e759d19b10f598a41c1ec27b5a414a75b9a1352d02b149a6429	57ca9a5708a682bb0175ad1f1d969328ad9d402802840d65371d9600e6a8eb1d
CP3291.md	ccd43b2f6332c719be38717952dbc7d20bcdcee554bc71b7f41b594005336829	c426ca9bb7d58d63d7dcfe76ae644f9685fbcbc9b1be4c837cbe154ba0cbe975
CP3292.md	a74b483e5200a0f8c9c80c3593e8046695b4615c6aaccfadaa95733dc0a16866	0518c99dfed9b99cd5d6efe988cf619d2cbda69f02874fca96ea7269d99c8f55
CP3293.md	5ea8c285fdab21ee4b92abb3f858379a3989044851578d78724bf73bc675b9be	33836b753ffd66dd49cdee9f99a11eb7f4e4e5923adecf49c1839180547f0ea1
CP3294.md	8fd32a216f8a34e75d21824350f0333feabc4599dedc1aa5ec09eefe6815aac0	bce7e6c013a92d5348988911682f180c74def411e218da8a21327274e7f40b54
CP3295.md	7348de5a0ffe68ec542e95041be671f6b455b48b29ea090e2f7db1d872b42532	84747c236ac475c94f13231f7e93267b04bfd8f71dc717c6f30c78bf850667b9
CP3296.md	c8e038970c20f05e3757a7e3f561ad2da02f87ec4b80a2db1e48cb2579f35fe7	4f1a52c4dfa1e27dabaa8ed7a7150db9bcd1a94a520be5d71ee68030b11cc9be
CP3297.md	ab18a242a2bceafa2a44bd131d68f325b6ff5caedd88fbcc3e1c64aa3fbef0a8	4189a34237891e37635b239d4aa6efd09033861461d74d38da919b67b990e9bd
CP3298.md	768ff90b96ee2aa7c86d221e885cd19acf697189d9037a142908f65c310dae29	438f1d6ea8f3508e96f8fcb6e3799e05c3692f2b3f166ffbf1b7bb50402992bc
CP3299.md	6f42064eb9c4bb9ef73eb4e7cdfd3f8503c2b28cbb4718cd1abb818b0d716d19	0dccce0ebbe6e4d095931eeaf4de86ef6df0a1487306b2faf42c0fca0049e749
CP3300.md	40c41988e2464e4c575de7a77bbe0f289688385d0c9a6c5087cc826375cb3973	c8e856d2c88f9a4a74d55755d4e20978aa5111d25e686b03627238ae8a7fc92b
CP3301.md	06bc65605a93bab9741216524e70bfb8401ebf170dc7b49e917e9d57c78a9dd7	d4cbeedd654c8271fbb95d378a012aee6b33eb6bb2c72924c1dfe18b83f71328
CP3302.md	bd10773157b7d87c0d8210346e0647b31a3cfed6483c2c817e7ee8f1a824f906	076a662eaba6b30cac8f0ebfa9303598730a6b55f5e7c4590404eadc90281c73
CP3303.md	1015174ab7e668ba951f8a390310b6513c7acc6f172cb77aa9a591bb2578dc5e	876a0badf61b7d410ff3ae2bea99cf3ae25499fdf1b06d40223434b0d25cee1c
CP3304.md	db5e7126d68cf0b936e654816d7d1d8f285013123673868b32d2146871208106	791c689743f41f781c0b8b5e292514a73bfdf0ea0008d1c7803b4e53e17d7994
CP3305.md	10ab029c1725f209f12b649aec953c59af2cee6069116b72b7da8b7e0060a66e	457f05515f66f91c9318feabf45d6a0d891a051e76e28762bcbb1748cb53b0dd
CP3306.md	e4bae5590bfa82f726498ffdbf99ccb87c179edce6b8cc99c5ff641d0339f0a5	08daa34c9bcc9a7fab5db0d04f8209b3f296365a21fafe18dfecd0d3ced32d35
CP3307.md	3ce446313201f1796bba65cd0cbcc27cd1d2e4092cced1b78da2c029078f1050	afa68fe11b8eb63952c23ec0fb3d3ee0e12626d3eb4dec9a50c91e4fe11360f2
CP3308.md	119b5fde68fd62127a935dfd1149ae5ce7bb8d22e1753005fc27b2ff8977f29c	ead5271c846967a658df38dea8e8ac576d869e7d9e880d47aeda48c93f56a897
CP3309.md	892f731e62b4a52ec2589fc5490438f6d02cb917068b076e1f09a9b8dda32121	0d483f11618ca648700703b7e81a5d78f3f9b4f3c6981caf0b362944cf1a7aca
CP3310.md	546b53f0ec893538dc42283ac78115af3dbb6ef58d1a3c7e3d779c9b925054b3	1f157947ca8e07442dc44602dbf4bb001f97ef09a0d6d28e28195a8fa160a163
CP3311.md	043673543c0bd262056e53f933143e859eba33d777c62025ead9496b294ca558	ed82990e39f1863080e3e165eaed558d5ba618d273a056a454c974e0150ed57e
CP3312.md	3fb1b497bd10ab690b254f99fa97113cfd656e8dec6e00b3347745c1afc38807	f2075a988ff6bdda82e727853b2de491442383b54090d9bb34cffb1682737f26
CP3313.md	576cdc434ca2b6fda9c665f619d51ed9a5c3546496e530164164b7adb8513ade	0b296d76e0bb9200ba02855169ed1002c23bc5511bc494007c0440791420a403
CP3314.md	fa97731a1e805061f6ae3078fedbd56c27abe5ea5903740277d23179c2d6930e	fe238a06725bd1f801b4cfe380148f185025a13a8ccc30220eb541b557bac924
CP3315.md	e5ada818945ee3825cd12f3e39fb368775ad2dd0bd29ebf61eb3764a766aa1c3	803efc586439b2d6a0a1dcec12f02c076f4f0dadf8e085e77ca229175a23ba55
CP3316.md	e482293fdcc6a046e6b57b4a8263a76a547e6b53428e5a54ec19ea43d9a6f2f6	aee18111b4ea8966eb9ed89444c48f8432d7ce765cddfef44c1de1eccc031d9b
CP3317.md	032f74883fe48018ce3dc8186317eeefb377cecd70b65b6651d24932d49b9b0a	70a64908dd8be0efa002fe74be9b47f6ac3ce5aca0e0dc6bd3bde498acd5f8a9
CP3318.md	a252cec81fa42a1270c6bd3a0f2bdb4057467982b18859163b5a5521e28f4f46	2f91c89ff62578ead886736e2c06d650223aa46d78a60430e7f69a8a44824147
CP3319.md	2a16f9af9f1600d427f37924c4419cb0a479fe96419f43686d7edf9f0110a3a5	d000fc3ae33c5bf054023ec8ece91ff5c69b8983d91d06542a5ebb05ae7940b5
CP3320.md	b9ffccfd706a2d40f1f6c04319f6226fa4a4ae545b06d6dfe87b6fa22c650950	8694f61f2228de7484ac95eaaae3d715e940d169660712cfab74630d021a39c7
CP3321.md	07d1a852c3f506e7f256af437e35c88237f931da4ea2a04e8d071fecf20f0a91	1d8cd01865af22b14c9b030bc90d5ac953bc01998603c380dcecdb3f88d50416
CP3322.md	ed8d6631f6d8e33fe4bd682807fd4b33be2ab1343b9c84d703b79110b8aa5f3d	d88b71bedd063c4ec0c42256ae028c4d94468358b159f5636228583ff510eacd
CP3323.md	b4f63bfc7c58383cb01b2b77cf53e85569e95ad100b9cb2be35eb3970ac4aea7	e36a955b3a9c31cccb60f192a372ea59b3752e3905f682ad4f5206777c6ed28e
CP3324.md	2dea1e755d7d516ab52c5b304168d55c65ca64a83a5899ffe6924449b1ff6935	6fa71a0fcfe535b0c326166a8b3a510f3fecf45f6274ac4f11de7ea7fbfec716
CP3325.md	1866c3f00268ebd10763a25fdc17902d8865510cc16c884e1580b263dfde63f6	5ee043d50d1fb670526c99d1ab752fac177ee10234ee3b6b598d55a7f65bf72a
CP3326.md	7098a989b7e338c5fc3bd07792d997baa0a2e194c3805a61faf3d3d22a08b6bb	7098a989b7e338c5fc3bd07792d997baa0a2e194c3805a61faf3d3d22a08b6bb
CP3327.md	456be4c589b39ef6b62dcbf135c37ac42a7054abc063c445056dcb95f6b96918	7558650b5fda13eb35baa1515f057bc92c75655f3d86abd26e72326cc9a3a8c8
CP3328.md	41721490f2106ac717ae153ba74af12e3b74b269138ca0a6cb62a462dad767e3	41721490f2106ac717ae153ba74af12e3b74b269138ca0a6cb62a462dad767e3
CP3329.md	8d7adb4d830126459374f57f45b1183971440edb52da32c4d9e0790eba269624	e045005ca6194d4e6a95aa6b48f35f5ce0a77d8c279c712f3db3b92d0e13b840
CP3330.md	329952cdd86e028e0c75c8071639e390750097d05530e84f8fe81c9f03e3aeef	b12e3a94ffb30bff63918ce540193bd1299c2a2d06a469b154eacc51cbb85e06
CP3331.md	197f72bffe08799f10f68cd2379e2ca998d9a284469ad79be436bbc61482a853	7ab2ac934279d8e5d65a40739fbd8a9cc8f9c718756b0ed275e0529845029bcf
CP3332.md	51ad73ee6f7378d108683c65bf2d524bc8c7de3f0791476e5ca77aedea0bef2f	4fe2ffaace65725eaf2506f89770523e7a2c4676e73d83e7a472993dfa5684ca
CP3333.md	aef285fe1a6a7927dbb5dab682e712d0d30c317d70c654f7f6f23c6870bfe648	58f3de5728df2b39ada0515169ef4dc0e2bca9963458d0a3622cdefe4c088b2f
CP3334.md	3a4548385b1303495345616735f13536f6c84a2fd36cdf2c5373c19553e6a66a	6262f98ef165611b911d3334b7061eb8e1969ee518edb62d1713b3b1f9d25a99
CP3335.md	f36d5f6850cd1525fb22c19bad35fdd46c93c2c7d07bc709f893fad720e1c701	3891534a3283fca2c036f378c6d1cc6304a7e265623a8dccc437a49780cb2a01
CP3336.md	97a861b1e0411fcd9e18651a890d87c2731550529da75715f2c0468ed6adeb55	97a861b1e0411fcd9e18651a890d87c2731550529da75715f2c0468ed6adeb55
CP3337.md	941214fd1ee0b449c7d2fcb6da4b713818434ad4471b8c1918acf134224254a9	4c174ed5046a4bd26ef23ef4482814cf1e05adaf0ccbf3d6d710b8148fbd6fea
CP3338.md	5ab0008da709cac14ad1a7ff853ccb8ad90ac41dc223b5b521add769cb0f1564	250b58f63a0d770f1f5a29e62b3cc21ec8bef079215d2c5d8a2f64d5f057ed89
CP3339.md	c09ac107ab6b0a308c369fcc5e78f7b6d455d5dec99f04d00c74dabf3ba3576e	11db9d5b04c0a7eee14926ea24773a460f68a2796230545d3f099064a9405a82
CP3340.md	30d40d32973024b72af2307a1b4802856adbdd2f20da42a045ddbfa6e4e24053	f0282800886fbf65e8149340b211aa57ae1d5f561571121633a093f9a75cd332
CP3341.md	fb620264fd510b3032e8fa9e61a980e782b7387a64546e58d059fbb0cd36497a	ee073304f65b3cd787311db96c8842508b8ef7c41cafe8304f631f7bb76e5126
CP3342.md	cd4d3ea543c98a07e4673874845f020db1e9a64e1598d21aae822a8bdc5233fe	cd4d3ea543c98a07e4673874845f020db1e9a64e1598d21aae822a8bdc5233fe
CP3343.md	e7dad831de6c95d41ef4b38a15b502655466c5004c19571b736b96ac4822bc39	c5300cefdbcc54d1ceaac6ab316c416c5d52074c66c4e05caec7b6591f80e58c
CP3344.md	4f4e378745f207912f247bb9a1ccf6a43c2d687db016bf9bd4c77f24648d53f4	4f4e378745f207912f247bb9a1ccf6a43c2d687db016bf9bd4c77f24648d53f4
CP3345.md	a9166bab0b52bc873052314a7a632d085886660bb81486ae0093f2494be93249	c862b858adc3862066d48ed315ac26401509bdc0acc1e26fc21fd81259033667
CP3346.md	2cc80b1d705bfa4b70bce7300c7b33ed60af2769f35b59baa2d71ef6c22a89ff	f3deddd070b09efc85ea5cf2e708a90e90aff5a3a7481c2390d1c17e6553da4d
CP3347.md	5d4ea9d5437e521bd8fe88f95dd5f0dc1e03865c61158778bbc9c05f835f17e2	20c634b76bfc204d6206ce276d3146b40840e8b61d7d0e7c081803ac3d617417
CP3348.md	fb5f8a0e0c1784c55f37a230aa3cb7471a285bb0318655b790f7086df8d0223c	4e201e8d94f938b3291fd8d103214fac7f2eddd7eb5eca4362d3e15e374dbeb5
CP3349.md	a53d769dd04087c6df907c7d09303496ea1d79f244c93b99d51a07c9f4b19b21	a4d5432b7fa003a8a09ac78ff6bfe1a6401f303973cdcbfd808f45cf66abc806
CP3350.md	7ede976e087c1c2a9eff4ad7d074d68d8cb938650ac3e9f8cebf1c20fcbe7c3c	f60c9e59eddaa651a136460a953ec5b6f1c0c3720f0ba5ec4beb502bf93414c8
CP3351.md	8cbb54d9b4485ff540a643475a2fde6ae94f370672b967f8742eefe777b953d2	0a6957463cb1184d6217549aa99e2488f29c664c0a009249ef64886ce20ec886
CP3352.md	6e5128266d9b4915d099de52012b0c3880f51e37f0d73ed00338bbbbedf57d45	40cf60f2c7bd1a907073fc4c2f71030839039b607846645c26f8a84830556606
CP3353.md	6c2aae857fd7f6252ecb3c423fbd653eb86161a74da362c691b5ba0e2673bf92	6c2aae857fd7f6252ecb3c423fbd653eb86161a74da362c691b5ba0e2673bf92
CP3354.md	9adc54ad2c1a2c0635cc4cb5f580cd22582ec53d6e62ff9c14a35fe1e634f285	f8db7b5611023e55a50fef17034eef6c593adf7edf8caa9dddbd86dadf80c9e1
CP3355.md	a4162fb13cd0d8ed1bf7f8a90c33ce1c6c6a180ff45cfdb88371c86860a75ce3	a4162fb13cd0d8ed1bf7f8a90c33ce1c6c6a180ff45cfdb88371c86860a75ce3
CP3356.md	b72479ea638bcb9ad92f0a3bbd283e819e3e8a9bb95899833be75ab33f32f4f8	55cae05aaf51506b98356fc84591f4c5054200f4da0964699c08928f14e0f89a
CP3357.md	eb995d343665eb5f7cb601fc541cca9539e3c07ba31d647b69a132859b0ee980	eb995d343665eb5f7cb601fc541cca9539e3c07ba31d647b69a132859b0ee980
CP3358.md	c9c6d53ca5c42be05ee61f52510efa26d8fd7f48ce4988a417336cbfc0bfbd0b	416920896c9dd703efb590cfe747ca69ba2a73cec8f835c6977ee2b1ff4511f5
CP3359.md	684c1fea18ac1227a49d17f78c85379dcea4c7488c80344854355422cca0064c	684c1fea18ac1227a49d17f78c85379dcea4c7488c80344854355422cca0064c
CP3360.md	530b7d22142233fe9afcc6780c02a5238add2b2699ab1ecc0a1e16d9fef64e11	26987d266ccfbf10e0a316b8844512840d2726951ee2c30ea4019b6787dca293
CP3361.md	139a4b1968f8fe70c9910fa649b86ef50f987ff3db2aba5db3b34cdd809d4774	139a4b1968f8fe70c9910fa649b86ef50f987ff3db2aba5db3b34cdd809d4774
CP3362.md	3fdf83d4817987db515d7d926b8fde7f21d62c6285894f6721557d376320c772	c0e7ae55e3ce0cf44ee093bb85558ff37028797b91c64dda1c11a344a9e7b5b1
CP3363.md	0f5a3dc19de2502aa2aae4641c2d4917f6bfecadd260c35c655f6fc4e1d44406	0f5a3dc19de2502aa2aae4641c2d4917f6bfecadd260c35c655f6fc4e1d44406
CP3364.md	6f659ed909c50ac587c22e708fd9d81b89f93d89f6d763bbe96fcd7796c5ac93	73acdae0dda59963cef358f87172ba491f34bf86f8cda2ce7ca1a2cdcd15da9b
CP3365.md	ac30ffb47b03c8273f9a7b61eab5ea1b6da2c447aa4bd9107f342ccaf68843e2	ac30ffb47b03c8273f9a7b61eab5ea1b6da2c447aa4bd9107f342ccaf68843e2
CP3366.md	ac9887cf46bbb2296f004b571fc0de0b578b5c65280e35178a864df79d6d36e5	a9a5a5ca8f4c6ae2610cdeb4ab2f21076461c73591923145f55ff5b4ed248824
CP3367.md	fc65089a7bd769186bde50c5d6fc51ef371b0ad3b1451fa5744888d3ac6ec04a	fc65089a7bd769186bde50c5d6fc51ef371b0ad3b1451fa5744888d3ac6ec04a
CP3368.md	6a03b4d25f7e17652b8f42c122a901fc28c0710bd49fa054711f31e3e3e4e1ea	4a7dfd687bb7f4ef30c3b4351732d575a68acd2f30e3aaf019153079b735abe6
CP3369.md	43752bd411f30dc639c9a2921d1f2c061f8052d4c4fbf1685377f85ac0a043c7	43752bd411f30dc639c9a2921d1f2c061f8052d4c4fbf1685377f85ac0a043c7
CP3370.md	a0d57afac2685fdd4edca3f77388cfb6223d543b8ba40d70b209b8818c400e5f	90804a41bbf5392301f48471881e9091258698a295c4e5eececd74d5991bb5c0
CP3371.md	f82de5a6bc3afcf79da0c3bc52c6ef0db96a6ede98c7c1dd6f490928d65ff3c0	fb4f3de76e2d9eca426fb006bb48d3c1b86c277ed8b89d2948e64059f4e3c4a8
CP3372.md	abc85f61cd3c07f935a987e1e9902d6e8a2eed000b4ffaf0b2d31303fdb55f87	96fea02a6a384c09fa55bc2146898960429c8976965bda2968c52e81f1765d2b
CP3373.md	1e989d59be7791282786cfc004e893193ce929409927e2a9171444b23d52851f	d7f356cfefe676dcaa7a06c84cdee853169f799304b9ae92f7ef92cbf2e03f12
CP3374.md	06ec6b54ed0778a1af52f5e6069bb09177ccf9cbc61f9e7b909836f102523a4d	b89b8cc488fd7d208817befb2533db7ff5351533ce46d9c7a0d261a5c90680a3
CP3375.md	1b66ea90aa86dd9df90c2b81dc3c3bc49d4a35723ad0c7c2112e2e018109a33d	c3567f3ff6579ed253b649450bff0ad25aaca13ebae7d06ac1a186780d9b19e0
CP3376.md	b33dfb40c5ad89e880f126ec5996c0692859548718429eb31bc6cc983d570612	dd6fe5fd3b06b341ac3ffa46fa5a52eaef81c10e3383a2859e9592f42eac05a8
CP3377.md	b31651e9a007fbeb66c65c93d102bf70e83f48d4dc9a0e5cd3d0e1a92b1ea758	b31651e9a007fbeb66c65c93d102bf70e83f48d4dc9a0e5cd3d0e1a92b1ea758
CP3378.md	86c3e064d6f8ec984bede1a9977c01e44d36f5648d8a49bf773b16a1ca661fde	70af1d3946f88c64b7e5e93d025d057a047f7825ae7079a7316e9f71c09d45ac
CP3379.md	5d3fe6137a731cd0a832bec9a8761699ee5b9e4d1b3d176c74b01fcc12d57b01	5d3fe6137a731cd0a832bec9a8761699ee5b9e4d1b3d176c74b01fcc12d57b01
CP3380.md	b5aede51b7ec86e535765fa24c8720a54826106bb08bc970bdbf60280e428d39	dcac7914756a1eb26c430a2aa9483bb8955584b1c9b1f87f00c59fbcccb753ca
CP3381.md	aa7e9c8f2d49715e8238e30a01eac1057229f14995ab2bf865ac65fba8a0b034	aa7e9c8f2d49715e8238e30a01eac1057229f14995ab2bf865ac65fba8a0b034
CP3382.md	fb217d6bce368565962a39612c9ac289c9a80da8ee25fe15a3d5a5089ff9c57d	6b991c0277be9d367845131becdbf5b77225c3d209a76923e22d60444127cef0
CP3383.md	3e393c9486a7d0546c8f0031f33ac496fc32d024ee4ee766b83e2f20a8e67ca6	0aaf0c62b5ccd4da6ad2149316aac40f2d54f49100a30e07dda8f9b513c00f31
CP3384.md	6179ed0afc7214ca408925c958ee71f0bbe3144a09aabf92ffd52d187c074566	7beb88d7089633b575cd5623dce1699facc56e5a89d74f9b38045048d2cc1a4c
CP3385.md	c87e5bc101cf7b95a370d5c50f314f3016d1641d4657ec8cecca6ed21df5a228	c87e5bc101cf7b95a370d5c50f314f3016d1641d4657ec8cecca6ed21df5a228
CP3386.md	ed0efabab1a5d10628042642ef1b558d5a142f789aa73d7954697939288fbf87	1d48374346baaedbc501b1adbedb6f7d2ad7f78fb52a2be4908b9dbfe19cd1c0
CP3387.md	cdc736275fab9432dfc17637779796d8058412205887daeef881c62f8cb070b6	cdc736275fab9432dfc17637779796d8058412205887daeef881c62f8cb070b6
CP3388.md	0f8181168865c1e63d4b4a5109c94bacbacfb86bf56ce8f6dec1775cc981d453	1b452a1707fe80dfbd5022892489df82f376b4b19c9ecfcfc2676502c587cdf7
CP3389.md	eac486306dc8e632a29773c027b7407ff2a76cf1ac04a278e102f568e18d23da	eac486306dc8e632a29773c027b7407ff2a76cf1ac04a278e102f568e18d23da
CP3390.md	8d0b9eb67147b21d5982c7ed61a3cf22b6a227c96dacef2cf84c9b99e14fcf4a	53776c5989311435386b03a95698aa018ee88cc32ec779ba543baf310b2ac135
CP3391.md	b9a76fe73475a3f9defe10b91ff41a2374e10b1af4164c482a62c047edb99035	24ac63e35e3280f57b62bbd3aaf7a2ad08c3516bc04d4e1ddb0c6a02d2ed9fe8
CP3392.md	fc64b00a4aee7058bf28c334a0bd98c5e522ecae67b8a2a7ca6b9a9383712a18	26c7da3051d671959185e8439fe67ef4fc19747282730bc7bd910f70981d74c3
CP3393.md	189924c70e9fd3c67695c1de3dba4c00e14e6eee5a7084a09222e433b7047451	a56035d38548fd457d6999f40b81083210582d5315668ebb956613ef682cf65f
CP3394.md	b4d9e067d0a8393a3a0469ae8f339c2aea3661c0bbb1005697bb2d83db0acecd	b4d9e067d0a8393a3a0469ae8f339c2aea3661c0bbb1005697bb2d83db0acecd
CP3395.md	3189401fcdd87a9c825098e937a075df306e0ecf426e2d47d0a668b29e7f99ca	ffd2896289370a7c57b409883cf7d99d5a241b2bcb27dacf8f3ec8a94c816907
CP3396.md	2a6b01ebfd81cbfc191b6577470c3d869abeb8d0bdf3186d73c8eb1732c03d82	ab70430b13fb82c42f56c92821f42642c0a3e20af9e7412fb7ec4564a401a5e9
CP3397.md	38813f40786ee265f02d229af343f5f09d2d0efb1044f30738086ff226def42d	38813f40786ee265f02d229af343f5f09d2d0efb1044f30738086ff226def42d
CP3398.md	b827e133c83db59d0eee5058de3ecf0ac007364a8bd11e9dfe798f97a0284059	91262e9cbb5be83dfccb3a5270cbae34502c4d5314e173f2b54321e9b586d092
CP3399.md	913046be29b5507fe8f5999a8799bda30b204ed77b67bf35776b5c5200a8b2b6	0c1d595760ab91a9f61b9c47c8547869c231889db77005f489801c93cc2b18ef
CP3400.md	fcb0a74ae5fe7d662266fa15fd01f0065b65fdc4988ada8210dba7c43999e4e3	6dabb7584990dd79a3a6bb1588f61472927b72c9fe91d82bf105e71639470eac
CP3401.md	b0d954df67e3b324b595b935f297982551502a5a82d529a4ac8ca941e8ebdc80	fea0671e061551f3a179c3aa3c374422931db6223f7647b96f75395519bf9707
CP3402.md	37487b3288fe86c6fbc1de29851c02460506936cd8547e2f8159cbe302627d07	7d8f0d0b2785004a4e4c8cc61e8ff3ab4f184ef7b9b146570fba514145d735b0
CP3403.md	c9cd03842af4f7793f9e4bd07e2e51c447d3049a21967cf5d71fa94374022351	c9cd03842af4f7793f9e4bd07e2e51c447d3049a21967cf5d71fa94374022351
CP3404.md	05078f7be5cfe9ebb76d307f44abcacc4a3e135bca4523ac0d174564eb810dd7	05078f7be5cfe9ebb76d307f44abcacc4a3e135bca4523ac0d174564eb810dd7
CP3405.md	47e485259c04f4348ddfa5bd7a1548213f479d58c41a635c6c69234b30304f37	b9e3f220c63b7f248acd37b3e651b37001270334e47e683758bc809f8eeef934
CP3406.md	d07dd966d0604aa965464e46c637a1080e60893cf0bff23b5166971de9c7d6a7	d07dd966d0604aa965464e46c637a1080e60893cf0bff23b5166971de9c7d6a7
CP3407.md	262d8d84195611e8bc01aa07a848c4a368ec217d082242db6876bd5c23c68d97	262d8d84195611e8bc01aa07a848c4a368ec217d082242db6876bd5c23c68d97
CP3408.md	2e01fd7cac7d0425690da83a6e76e07dcc5c2382d3364fc04d57caf77eb5dced	2e01fd7cac7d0425690da83a6e76e07dcc5c2382d3364fc04d57caf77eb5dced
CP3409.md	0f17d30d12f11129d4e53069f5a843db3f444a30460b4b036d299eaa571bcf40	0f17d30d12f11129d4e53069f5a843db3f444a30460b4b036d299eaa571bcf40
CP3410.md	3a450833844e0a464311146b41e55b29e12b558f2c61c43ee9761f69cc4b8215	e1df4b269c6781cfca8ff0ee77ff91dff0f4432c4da45d1bfda1755c6d4d839a
CP3411.md	da649c61cac32f2eb4f0b1384ae752511bcd51eb12c62e7ebcb2cccec3b43940	da649c61cac32f2eb4f0b1384ae752511bcd51eb12c62e7ebcb2cccec3b43940
CP3412.md	c0cb14ba5961c68248159b206318a0426482320be0b85b091d98b4fc81e968ef	e4c302eaabdec8979ff5a23ea511f3429ee40dbc929c0ae879709bc137b0cb24
CP3413.md	f3eefe9460332bcbcf96d1a689f54eab378dba39d8d218f43657ceb06ac6d227	fdde4ee62732e34c706c04b2b518b294a72eef2800e8784b8440f1ffdff57973
CP3414.md	e071bfc0d2c154e04d8f04be6f3cb0f550a7e59a49ec03c92f1c8e8b257b8274	e071bfc0d2c154e04d8f04be6f3cb0f550a7e59a49ec03c92f1c8e8b257b8274
CP3415.md	3cb57010ae86b1e80dd312ac851ff13d9070d209a44e01bca2bbb82857bee4d9	0c1d5655e042efbaf1f3b98777909319dab8e86e0a69af43cf7e341b80c38873
CP3416.md	f0392713cf65f46b015e93d15d591b1df8b59f799f477d3f7deb3ca9439dc284	f0392713cf65f46b015e93d15d591b1df8b59f799f477d3f7deb3ca9439dc284
CP3417.md	b54f1fbe15adfe453088e7fb8a661f4bdc9efe1528ba533e3337a2fd3a4cb3f7	96f93925d0157718b01b054200265a987d209e52b5a17f29a870c96bf807f655
CP3418.md	edc1995dcebba34bdba0e629aba326bf75ac773ff338ea9c9af420da1b5852f7	0e91ab1e807cd9657760a657439d8721d87d10dea7c4a0c3cc8296ecd6f91a91
CP3419.md	590f3f5056fec742c34cc4ec940550806f4dd6368cd97aabeceadf39ec3f8be8	10cc56c1cb316cde94dae0a22df5cdf12f6bc49609d19dcf55a23a4d2e48c9fb
CP3420.md	465c48f411907576d25631410d1732186815af53b0f147a1bba570043170cf35	465c48f411907576d25631410d1732186815af53b0f147a1bba570043170cf35
CP3421.md	c9aac63aeff7590d93df75e2c778f95043ef2ec8f73881e62bef4a9d0175c607	a4967bf5fad93b687a55cebf40c2eeb1f8a739642edf9c9aaa4f27a389491110
CP3422.md	88aab5045fc480bddea9531d6de175ed395516d7872b2ca0af1951ba0f6ed5db	88aab5045fc480bddea9531d6de175ed395516d7872b2ca0af1951ba0f6ed5db
CP3423.md	214c4ad569fba54724ac8ec25655bc121272b40b185503a4edfbfd9ae54a9075	7b027770c04bc8b032b86465a8f86b2508aba5ab545ad16aca1f666f001bdd12
CP3424.md	140ee1c9a0b17015b3591b43202659886e7f10d62a26d32cc9866a866457a37c	30c3b5300f01af4eebb09293af640b6bdfbdf32ea8a536bdabf42bafc4c06f98
CP3425.md	14bb87f4b45327495888e3f84eee064214b51ecd8e08361e4f2ff86577c85df2	204356476fcc89655735aaa69abaff0d310801089a3093ae2f314725fbe03f89
CP3426.md	9eaa57bdf6b1409f61f19ccfc649e499d68943622cc362ca533726a850a86b33	9eaa57bdf6b1409f61f19ccfc649e499d68943622cc362ca533726a850a86b33
CP3427.md	fce62d225d788584788b9c587d7b760fcb449bf1d290087d894edff9dba76acd	145a9748ef1ee5f2063fa95cf7a794e9b1a6564473bcf5cc14043fef2d197695
CP3428.md	87187a417f3803c94d50e22ee8ec89b62b823c05aa335bfb12073b428706df82	87187a417f3803c94d50e22ee8ec89b62b823c05aa335bfb12073b428706df82
CP3429.md	5a1d31cc2c3f87099213c576680dd357adec23c02ced20766edacebba3f38d4a	25866e2c11ca0fe2d6e5034a3316ed57fd5df6b3e6549a659b066b16ca041c75
CP3430.md	6e04ec20bd476df0ab1eddaa8252e17c6f3a423f9934ba397d88e97b56168573	e1adc0089e7028dc6ed3e6d272ea0a5041ab24702244acf6976e999258013d54
CP3431.md	3e2cd3484b51fc14e9a280e5c9a0ed05d8b281552b5886eda3ee59b736731d8f	3e2cd3484b51fc14e9a280e5c9a0ed05d8b281552b5886eda3ee59b736731d8f
CP3432.md	bff777ce185b889033e1d4ccd60902bd5f2d7ebc82b0b0e6ae038f811ad07fcc	60e66c7b8d4dcdb58130cdd904c292535bde970cc397ba0be04cc0b0820e5a59
CP3433.md	c36d20017d402ae96a8110a3c8c664fafa6d21aae219eda44986b37d7ff9fd7e	4fe6d3a6bbaaf15c0b82231a2e18d76fbcc445c30c44790e770512478817cebe
CP3434.md	d22ea309a04c25b4fb599b1b4ce1728771c4433ed47652f3df425e38e278214c	d22ea309a04c25b4fb599b1b4ce1728771c4433ed47652f3df425e38e278214c
CP3435.md	d21821d60d3cc263c296e3511d0e69982fee3e3015e641f805f1c77591498d3a	6a323a51f8ec880e99a791f9af082fe3c8b257bb13acd0540935291300265dba
CP3436.md	0cdfe422a0dcdf3b62e41fb19d34baa6ec57773d649ad2735fc4d02aec488ed9	bf901dfdff0ba8ac021da203f7c89cf6e042925fe6c33d2d82a905b0210e084c
CP3437.md	8933c69b0700fe86d7b40d58666c861b10707899eeed51b87fe547be3f541a19	8933c69b0700fe86d7b40d58666c861b10707899eeed51b87fe547be3f541a19
CP3438.md	aa075f9a78d33bc9ffb4830e08d4b25b3dc3e3ee2f55a07d16f03bb22acdbca7	2b2d26170c236b3f51a838e02109a53e8c59ab4ad0553980e954367df7cb0c1e
CP3439.md	056d52a41b77447eb2d141076bb112f2657a7f83cebb0461a2adbe3cccea187b	056d52a41b77447eb2d141076bb112f2657a7f83cebb0461a2adbe3cccea187b
CP3440.md	a0ea29bc4a91d7d0b8d03c4143ac45c071051050a5932b0dca2b84336aed45d9	473befcd5b65f0854a649f78911233393876a34b7147771d603c355b8016c9fe
CP3441.md	b6991a9b5aa9e703689aa9fee72cdc2f1ff4a466f80da2628bf84d93548e483d	a63ffb5c5aeca151337e60105b526d443b9930c2b0afd5754b8646c41bcb185a
CP3442.md	69abbae0d8c62ee7f3531b7b7d3926cf8afe62fe2e421c871e211c46768ce934	3353a6368e3646f52cf8a8b282f163f6fe2b975a33dcc50d52cc5eddec3f4b7b
CP3443.md	cef12cb77c72959690c94f82e7b2365e99fa965a32813f22bb69455045a78a23	cef12cb77c72959690c94f82e7b2365e99fa965a32813f22bb69455045a78a23
CP3444.md	ec537f54bac1685c4798c05855cfa4f7b75c4d4d4584ef30a0778ac772edacd9	422f97641cabf4e4b41ea1dbf1ec6bd9149cbfdd9fbcc1f7436f3fd7849e1ebe
CP3445.md	11e513c40d2d00b60f85c01646e9aefe97f3513bc4b0379b07b4f19e9601c0bc	46389b0c88f9d6c8d945d37ebe1e33406a10d46c4a05ff00d52c7ccdf419371f
CP3446.md	cf0e39689e759b4588ae17ef265d736296e0422256f505904e9381be28df92e0	3170171414d19146d6a35d96c265d262ede81c0113de1923b648ae62734f3c61
CP3447.md	8bd5152617955352089581ea022e44535e89a41c34c81639c76aaf2674462889	7e3bbf9d01b68cc1f2dc76396c6793d1f5ae82e564bb0dd7217cbfd991676158
CP3448.md	195ca815856bff2a211853f8a2098b24b2eb2245a03fbf45e1ee26aa9ea236eb	b1c7849403073c7e18707845ba49b1dadf044ff2e6ed27718de7d69faddaba9b
CP3449.md	83fe4aa9251f4288b7d0feb4e7e2f01eacd9c5ecc9a4200e98f3a50959624bf5	f05b08e3e9cd09b1ffd05ad89cc246246968a0936295c25b9fe258310ee13d70
CP3450.md	3e0eed4e132e52beb1de185d5f0376c852536ebc436d2a920deeb9dca824fe8a	744e422bf33342afbc5854a5adee609264d9ae4399ee65bc445d3cea4ed81a05
CP3451.md	9de5a97777f67e78d884f23436fa12e58fb89e92265122d39c8306b749f6c7dd	28337e4135c9ea0db8ab36ee7e8f65778836c023fc814a8042f0d076cd30755e
CP3452.md	ee24bf05fcd77fc58e04c346545e0b842278eea771c232acdf5887feef6fd1c4	9cf789b99e1d817ce6a00e8816a28f49e0860ab20ba58268ee9cc5bf71e582c9
CP3453.md	d800e65cf3314846b8733678bf399dde175acd0f2a3e7e5b813455bc069eb1d6	2d59fab70e92619e56f34100a44e6ce00806b5ab823f1e4b6fbdb070eddf6a37
CP3454.md	bb564b9e2d4d970fb9c81faee3b871cc588bcf6b6270f08d098b2531d7008302	1c41e232d0bda94e7758bc866d5c22666305ddabc7d04fd00acbcdca8450e931
CP3455.md	7789c44380be0917bc631b549aa68950c96820b37f2256d7bf8011103bb11a10	008ad9e32bbc14bc35c35fae68cacc11b5e4bd5d7c858b081958d54a2baa254d
CP3456.md	23ae64566c3ca88bf150b7812c79e6d628cd856c5fd6e36e14c1a8b2b41ff437	11c384742437912565fa6732ccabd1fed44e62258aa31aa8d326f68a0af2c7f8
CP3457.md	b33cb6896298c4957b4bc2e9dcdb4200dd00aaaf9654f9524a47248f15beb4b9	c1cc1542ded714e538f6e8d06c96ad9934b59b45a1c158c9c1f7444b912bfa7a
CP3458.md	9383b7b96f79852dedc2d4186c0d2f1a8474228b5bef1b2cdde1a2d5cc0e1f10	37bb864f93d5801841bd8a0c56811b728c40cbc89b79ffee00b8ca2fc2c05701
CP3459.md	f9206f50d0956d6e503d5bb2ab1081de07c9566da47388dd21c5dafa63438121	f9206f50d0956d6e503d5bb2ab1081de07c9566da47388dd21c5dafa63438121
CP3460.md	3df8218f956ff2c99db166bc414e8d69d6b44c8b7cfa8f19fdab60f62bde79dd	3df8218f956ff2c99db166bc414e8d69d6b44c8b7cfa8f19fdab60f62bde79dd
CP3461.md	53de4a2abe82310db6cefa67bb05d830717e0790fc18e034c9fd43ce2162e8ee	c5166477cc5132d0858a8748a599e52eecff3ab186ed3747bd3eeac4d92f95e4
CP3462.md	9d00fbe3306d82fe26e8badcde88712cbf8fd793c602d1322277620c6175ecad	9d00fbe3306d82fe26e8badcde88712cbf8fd793c602d1322277620c6175ecad
CP3463.md	e4515b99880e29148031bebc331cdfebb8cac95e55f22217117363ad438cf222	d3adf65fd79f8f6285c8959e9cc3d0eeef15127d6b64b35f58f2d47439ec805e
CP3464.md	2ea953e1931587d77266c4913ce2a515e458ef5fdede477e6ea941dcd8160771	66c8351978651821a22cd64b264f8b84da0c3d9d6543ba8187e981245ab15ff6
CP3465.md	f802fa3072c411f4e8068e59b35dda6001d6de8a9b437ec8fb3787909c392cae	f802fa3072c411f4e8068e59b35dda6001d6de8a9b437ec8fb3787909c392cae
CP3466.md	62a7683050bb4d992102cb7c37a326db14940000fb14a2100fed2c934a0ad0e3	baba20a341875680ec94bb9d172b0fb773b77f5fd576c8905180cff63e042e16
CP3467.md	9ec22d29a8eb7944984e4ee782e34e381af10dff334480a3500aefd95e487586	af5c374064d6fd50b18fb6b7c9941380b32a89515868e6308d41f472448a486b
CP3468.md	941196a21700250ec695d76ed5e90a8177cb90095078ed800aa09e9e29ba5c1b	abe1f1fb20fb6341d0e470ba7171ca695f85ecef54e66a2d9e7e0542056f7dcb
CP3469.md	80d3cc299e4eda6a9adf0c304d29599b54ba7c7a1363cb675db4f7ccb259c900	80d3cc299e4eda6a9adf0c304d29599b54ba7c7a1363cb675db4f7ccb259c900
CP3470.md	ab7c166f825bc5680776e7f1b764cefda12a377d2315238353d7a90f47bdb751	b5d9b764399f15fdc34b5fcb16fb5c81f532655b7129cafe8b585f2b34e3fffc
CP3471.md	b75d7eacbff5eee01180b724bfc30296a27da7a685829f2f56b0fb1179a6c5a4	40ddd1d1116c0a62e16b4db58fdab7fc1356a0f265deb2ab59f3ad5dd50d312e
CP3472.md	a128140a6e96a0fe89bf7bd3a1df20f865740820358567268e599e57f551fdbc	a128140a6e96a0fe89bf7bd3a1df20f865740820358567268e599e57f551fdbc
CP3473.md	7dadc7eb5121e62013d5cc61031d09b64e899d1b6a778b9ac592a5924acaccd5	7dadc7eb5121e62013d5cc61031d09b64e899d1b6a778b9ac592a5924acaccd5
CP3474.md	81895f0ead138cbfa9fe2d4696bec997fb505101570eea6b73fc36540f4d576d	81895f0ead138cbfa9fe2d4696bec997fb505101570eea6b73fc36540f4d576d
CP3475.md	d012d795280886eb7f842b31e9225676612d8804ee5abcc2068d136c8b5c4338	f92a53c579ab6e441e469634519a29e6ba7a2d7746ffffa7fdd707dbe6cceb67
CP3476.md	b18e21423acb27ff34231cbe438d6ce1c06fdd455f7b966520659e4689d404cc	b18e21423acb27ff34231cbe438d6ce1c06fdd455f7b966520659e4689d404cc
CP3477.md	c1439bd2bfcb3c8772e86300966e9fb58c511b52b2c1dc27b6bebeb3c3eceae3	c1439bd2bfcb3c8772e86300966e9fb58c511b52b2c1dc27b6bebeb3c3eceae3
CP3478.md	6a64fbebc7ad8c9dc8f1977c630598db4851fbb02abee2ee8e0896cf06e3bc77	a085648de10f230fbde1b2a7624d4bcaf8797a35931e8ce5478e1100b27cd8ee
CP3479.md	b2df946b0a6ddb57fed85c813b6cf6acc07a7f9ffa96f12e2babc742752e301e	b2df946b0a6ddb57fed85c813b6cf6acc07a7f9ffa96f12e2babc742752e301e
CP3480.md	d757e2baf717757056e851add4de528d6604df7c6dd9cb978fdd1a2967a502be	d757e2baf717757056e851add4de528d6604df7c6dd9cb978fdd1a2967a502be
CP3481.md	9e161499188a9a6c05e3ee656db8cab66b25155670616b9052483aae053ff469	9e161499188a9a6c05e3ee656db8cab66b25155670616b9052483aae053ff469
CP3482.md	07b2ccd84ecf699285c9e7bef9255fe8e24af6efdc1ae5238fafa74ec0f5a386	07b2ccd84ecf699285c9e7bef9255fe8e24af6efdc1ae5238fafa74ec0f5a386
CP3483.md	2b5c9703b5b6aa5f0b0787fe99cdb87c0b2737068447d43c83f90ce4ab68459f	2b5c9703b5b6aa5f0b0787fe99cdb87c0b2737068447d43c83f90ce4ab68459f
CP3484.md	1d85e6ec238fe3d4cdf44f0aab8dfcafae0b679f00c1f974b376b781cc96a7b1	1d85e6ec238fe3d4cdf44f0aab8dfcafae0b679f00c1f974b376b781cc96a7b1
CP3485.md	957009b9e282a461526a678c5e3a1d6026e34aa2895d987a952c304ce81aabe5	957009b9e282a461526a678c5e3a1d6026e34aa2895d987a952c304ce81aabe5
CP3486.md	46e0bcdeb53c24997d5492be361eb6e39e8689ca4c09aed5e1c97b920b0653db	46e0bcdeb53c24997d5492be361eb6e39e8689ca4c09aed5e1c97b920b0653db
CP3487.md	51eddfb5bd673109f716491ee0a60f978705e2772d30ea96d83a988f9fc98f72	51eddfb5bd673109f716491ee0a60f978705e2772d30ea96d83a988f9fc98f72
CP3488.md	5da5679ecad0faff2c2e2ca92abcdb0af01818dc3c7703ea923247f8f9b218a1	5da5679ecad0faff2c2e2ca92abcdb0af01818dc3c7703ea923247f8f9b218a1
CP3489.md	dbafaacd960db77b337857cee996322d329c2394e7d04ba2d6132edc9e0f5619	3d10c8adcadca87277856a8ce62afb1fde2a9a09b25f886f924eb7bb3d037da9
CP3490.md	9ee9575bc3cab96ea0cfb64bac08af5b99f743d1c30a8930ca50eb7f789ac481	821cfee92d6957d1c829f88acdb242de20cf17e536f62feb50e64eef6ae2bf6f
CP3491.md	b812ee16fb06ce283be494d4fd989994e743b65865a64000d40c7202f11df7da	b812ee16fb06ce283be494d4fd989994e743b65865a64000d40c7202f11df7da
CP3492.md	3d9fc824daab0908000e1af3594d2b4f8ea79c34252243c00c7355cfc9104c7a	3d9fc824daab0908000e1af3594d2b4f8ea79c34252243c00c7355cfc9104c7a
CP3493.md	495b2dfd719138604f372a481a7d873d1d4435b2c907836636aab2d83d54a7ab	1da6287927dd533b778a9100b771408097fe26c89640f0d16a841def75e529f9
CP3494.md	f1fcfbc6413c7efb6e30fd9833e20b45ec5c1c6fb5f77b3e6ae371bc66c9c3ee	68e9617e39fdb83c51cae34ab7028116585b63588792b87371a0735e9bf1a63f
CP3495.md	ea2ae3b4c3435b9295783f0d0ed85166a0451c1ee9c56405ca19f6c85cc06210	ea2ae3b4c3435b9295783f0d0ed85166a0451c1ee9c56405ca19f6c85cc06210
CP3496.md	575325e3a8cd5e92b05138abcd8ac8ee412ac353def85709927cbee020c2685c	575325e3a8cd5e92b05138abcd8ac8ee412ac353def85709927cbee020c2685c
CP3497.md	6abc6d95603b98178cc677c2a7d7457d3e4ee08e6843be0c70e1c164e16bf544	9f175e9c3d7932a762f7f3e3f82fcd37efb491033e0c537e10a2a5d649765f2a
CP3498.md	1f10c20d0f37a6d01c8bd0c2448faba571dc085fd4ae032c801f10a5e7626b94	d76379149ff40007bee90263bb82fa3a2c6ec3906d78155b31a8950207eb7cdb
CP3499.md	8ae694adecc3dd9b2378974a2d2c68c5be3c8227207fbc21120be10474401675	3ad6cb58cc268afeeac5d66e2a0eccc8af5817caf382ae0ab15456fd8b338c84
CP3500.md	073fc3d3a118073ccd67dda928ef315394c16857db3749be57f512689e8fe4f1	dd83a669c747e15bd54bafb57f3efd9a03184b29ac8087f22d71de42a3f8e085
CP3501.md	8adb420e7c4a966f12589d94a986a104628a65a33fcde30f55cd19607089e2f0	61317c89c599d06200b0480980e8b9b6bdffb09b0dbeb8a6e0472c4a4183ff20
CP3502.md	30cd205e3f4a873266efb9a93767bd71a708e284d37e1ce25976394fc96a6531	30cd205e3f4a873266efb9a93767bd71a708e284d37e1ce25976394fc96a6531
CP3503.md	c8c160628ea65af38e10136948aae1d5e34a8dd09552c4ede5c31ca6ec98c9d0	bd0e4df53f84f812f06fec4ebe7791d384273a129a9e5df9f345735ce1ebbe7d
CP3504.md	17936d387bd38bbc259fe7d40665ccc27fbd3f1161b9622288857155f71c7271	17936d387bd38bbc259fe7d40665ccc27fbd3f1161b9622288857155f71c7271
CP3505.md	befb77fe2c931b9cda1f5f178b7f593c6df21d96c9de5ac09aa153f9ad4e87cb	befb77fe2c931b9cda1f5f178b7f593c6df21d96c9de5ac09aa153f9ad4e87cb
CP3506.md	19422f2d5f93e1ca807738ea05afcdf98edcb008ab2392025fa6ad6692a1ab2c	19422f2d5f93e1ca807738ea05afcdf98edcb008ab2392025fa6ad6692a1ab2c
CP3507.md	d2dfe5c148aac00c08feef4b110c1605636a9049548e157713718ecb23caa2ef	d2dfe5c148aac00c08feef4b110c1605636a9049548e157713718ecb23caa2ef
CP3508.md	bda8ea802861d816109eea744758a53cb27262c448a959b4a29d510ed75d72c5	bda8ea802861d816109eea744758a53cb27262c448a959b4a29d510ed75d72c5
CP3509.md	67ae4ff2344b52e7f57d6edc1728e20f4632af556daccb6f29a86d23c298efe8	97246c5b1454afbd8f1f2bf7f150d7f7e224e7466802bd31d747299994348e73
CP3510.md	c8c533a0ea7c3a9b23bd32ae51684e213c8a6102f619ade8cb1d44e1763b4d72	b88501ef0f4b612ba510826c4620b41dc261ed279565dcf8ac24b19acddbb238
CP3511.md	ebe3c6bdb3074311941ca644dd3d26fad727e0941deaf783fa44b261962ea456	0f5c661a0da0cc7330da1e9beb4a4b882399a5202a226878e66b53ef913406d3
CP3512.md	dc22f16d4120b8a77b95cf05ee67bdaf41d8fa7cb5a0150a2e22f1212fbf381a	dc22f16d4120b8a77b95cf05ee67bdaf41d8fa7cb5a0150a2e22f1212fbf381a
CP3513.md	69a53deb86c0c7550d934fe28113edc02d66f2c0c83623711007ea773a73611e	69a53deb86c0c7550d934fe28113edc02d66f2c0c83623711007ea773a73611e
CP3514.md	a42884e7c38a929bcd3aa97e083f8a05872f08a920db80d986bfd9f3cf790c12	2889136715d59f8cd160dd9f0df3530e84d1d7241397eaf843518670573ea86f
CP3515.md	e343a160f2d83c969e0496d2525a3c24f76d69494b46986dfa1e03519364c426	e468769ea70ddea6d579ac83aaf76e8e9b357bd9d7ce815baf582e89ffa2776d
CP3516.md	879b046b2c5e5687877adba558df6087caf14d01de893af999844658b07fd90e	4ec1785e0af9ff2791f2a92be2e3caba51e5b76da37f41d747f1d797c2d8cb7b
CP3517.md	365b946e9ae81eb64b8b90060308a0cc37f014c69dbf34e1378094f0205fdff8	fb6916e81cb4c7fdf69543a85fa63819601b6c3656e5d953376ffd0ec5e60804
CP3518.md	b48dd3ac80bdc6ed2c699c8e89a8bdde49bdabef92c7371be39a52b3f26764a7	948b17c8a47c45891c5062476e9ae8527c8e3ede975091f94a8155ccaba95a08
CP3519.md	b3d7822689ce0ec4f8e4a6946b04be46adfc43f9b8a5479e1373223e1fc1257c	8dab1a08dfb80b5e05f30da94ff3701ecc442c682c02f7e78a97145797789703
CP3520.md	3d10708428355135f502ce1fb2e960ecaabfd317caf079b196c824d50cd44fab	3d10708428355135f502ce1fb2e960ecaabfd317caf079b196c824d50cd44fab
CP3521.md	58a7de6a211b2371c427b13c69f4d3e4d1a65196113372c9ca503ecca0696ac7	6ef0763c7749e3541e230a92ba6629d963554e6f2e6074bfc44808e99b08cd88
CP3522.md	6ee82796f74f6a8403b42e58b68f862fc968e3c082b8228186cb753dfb357ae7	6ee82796f74f6a8403b42e58b68f862fc968e3c082b8228186cb753dfb357ae7
CP3523.md	9acb6b36c32d9fab915975ff19f1e9da8180db872376c3eb115b717bc659b202	d9fc7fa07018df58387e37f655e03a9f66924fad1198d575fcf5ccd56c53f10e
CP3524.md	348ccb9ce0aae2c2a941ddd0cceb5a43430008303b16c637b3bde4f6045b66ea	1776c74f4659abbd8ab0fd185437a335b4ce986288452ad70f0f2a14941d4a1a
CP3525.md	dfe3ff7ec1281b2b00b91a6e783cf30f67eee2e4ef6f76ad678c166cfda4e8e6	dfe3ff7ec1281b2b00b91a6e783cf30f67eee2e4ef6f76ad678c166cfda4e8e6
CP3526.md	bf8c04b5e30e0956fddbebc207313241de107eed8e744aae43c4120dab23de73	e576a27ce1fe301c96cd7a1803ec411bcebf9e68e5749c923a047a8d5de19ed3
CP3527.md	272a9ce73bcb8e3d76338d5d7f6000c8864cbf7236ec29d01d8e56f625a02855	1cf974ca12a8cbcd08e1757ac0bdbb1d7db7626ebf222e056b6a44d84247d7c6
CP3528.md	8f895e91d507a477e2d42edd3e46488a6a2d19a3d1ab2744987d3cedc3c9c1f8	f64271a5a2cdd54efc517d0b2cfadce43397f68be0dfb719dd05ad63eec2f04b
CP3529.md	01cd1c95ec92af84a80c75fe9e79689f1acde3469f97d42f1d18f04543ee50d6	01cd1c95ec92af84a80c75fe9e79689f1acde3469f97d42f1d18f04543ee50d6
CP3530.md	0ea6cc797d7fd279c814c920433d2240a2cf5c4f9cc03c052fcee4952cb72d94	4636be3fc49ff99f3bdbfba7494cc43302b200f30293404c2149a80b2ad87502
CP3531.md	3c11d0c1a7b13d453002857c31d5c5aa5b86dd734e99d66f5a4e57a7950bb1f8	3c11d0c1a7b13d453002857c31d5c5aa5b86dd734e99d66f5a4e57a7950bb1f8
CP3532.md	b7c021d5ca9dfa42fc1231dc2e4f423326209a6ba9ca03735e2447f65c579854	6fed26a838e39fcd4b6540a84ef2e0fcb1cfe34e58edbf0335b8dedefb7e3214
CP3533.md	de8f190ce10acb9aa7c9355a61457ebca213ab4909d49f880caf991a7ae27656	de8f190ce10acb9aa7c9355a61457ebca213ab4909d49f880caf991a7ae27656
CP3534.md	99a4c6daa7cd4e0f43f55d1af39c35e613c6ea0d452a18829bd64c824c26ca22	e52e2fc3ba9f13193ae2cf909c5a88a611618eefc00cb92746b1400f474817b6
CP3535.md	fd2a2a4dba239447641fbc91afceec6b29adf689c82bb77f7c00a57a2d624ef8	fd2a2a4dba239447641fbc91afceec6b29adf689c82bb77f7c00a57a2d624ef8
CP3536.md	026a59fab25355ad5cf7b504f46c3768e9b9ccdea9d060f0aeb734bdeda7bd03	68996892de163bdf0c864a3faa5cc98d038377d781f1d5f939cf4489481ee3fc
CP3537.md	27a252b52e31f8e972aac1a26a63b98ad2acf175c9e143e8eb3e6b2975b8b6ab	27a252b52e31f8e972aac1a26a63b98ad2acf175c9e143e8eb3e6b2975b8b6ab
CP3538.md	6635f3e6cc1009f026f17a9629a602cf2599a7c727d38a3197402a3bcce5157d	6635f3e6cc1009f026f17a9629a602cf2599a7c727d38a3197402a3bcce5157d
CP3539.md	e1a90c2e06331513bdda69235696112fa478572d901a6c1ef21de3a7b7322ed0	e1a90c2e06331513bdda69235696112fa478572d901a6c1ef21de3a7b7322ed0
CP3540.md	1f4539253b326bcdbc80731a9617635d261839294fc63f5afcd28cb4d332aef7	7831125f75c69bb302f28a3ced03889e427a077279d04d69d8c0c2f6e65df826
CP3541.md	1dc67ae22318f2a80e3aa58904d3db5208d644ff5624606268540ac251c215ef	1dc67ae22318f2a80e3aa58904d3db5208d644ff5624606268540ac251c215ef
CP3542.md	355d903aaaeb6d0f5e9e87edae3a0a64166c12f320efe1b106fb1aa485d4ebd3	84f3919e81dffe90a2cb4a235242fa06b948470fe3f9c44868761fee3677efbe
CP3543.md	ff4d1c9693e0b2755c10fae3d47f63afcf623aa565e5b8c4cc2c62451812740e	087527b7f94b301adcd02fc13dc2c43c807b139accea2f02dc81e7f00979276a
CP3544.md	9b40eb1e2b432355a46aaef187601511b182a40ac628fa78ff2e5bab04844c18	5caf757efb40b82735d8a72dcfcebd6c46d94cc8ee49883ed9f8bd723c460830
CP3545.md	a20458c5f831bc2f34c4f80e046ad8769a95de63ca0b5644982f86dbdd2b2d7e	60818fb70078cc9c0f3df1b6f3252cf6f790cc0670a59d08cc05f45a2b046efe
CP3546.md	53792cc42a60ccb0a424d16101f3d7bf22af1b21cc05027514aea9980c4a74a7	53792cc42a60ccb0a424d16101f3d7bf22af1b21cc05027514aea9980c4a74a7
CP3547.md	3ec566c5a890411c81131984659f8816720235fcdb29dd1397d78326ceff2335	3ec566c5a890411c81131984659f8816720235fcdb29dd1397d78326ceff2335
CP3548.md	ea4172da978b3c05c90b4fdf236a6765265866f93d6f0a9c18d4c2a5ef007af9	79f9a2cb20f7ec91f0be0783fd957cd4e517cb63262546aa0fb63e203313ef98
CP3549.md	d32cbc1f705ab163e6d021f1c36e1836f0dfaa5115308a7356b2bcd2c95bd81b	530515ac5093bcff14d1206fab637a078d26c6358d727c5487dc32a9006fd8d0
CP3550.md	415a81391ae35e0dbad782c1ce574edc685e0d5e3fabda13b4b0ec2ab2d88543	415a81391ae35e0dbad782c1ce574edc685e0d5e3fabda13b4b0ec2ab2d88543
CP3551.md	46090fa91451722baf97533fb42e0557d216b277118a631466b7ce25b5c88870	46090fa91451722baf97533fb42e0557d216b277118a631466b7ce25b5c88870
CP3552.md	6b8b41884c4ca7173ac3a9561fd3869d6f417ae7c319988ae93a0011e8ed3b4e	3bf69af0077f10bda87d8bc9f52605c085653cc7f9d4a625e5186532b786b256
CP3553.md	41e5bb75a51dee4d6c0c3eaaa01184c73996a041edf6c6d36db1779a320e5679	e0b32eca36200c31da2274f05ff0e6acb8ac054f910dcd8d820ebd4f1f66c98e
CP3554.md	036e0b8ac8aafa274d29d936bbe7f92ed1ca0d438b31fbc456d13c2fa6be7e33	f189f92b7c7ed66557f72dc0dd89a2bbee845f63ab131f9c401fe140b8115ee0
CP3555.md	35c4b397ae07e52199d565d9ebf21f5734941eadf11e0836af949c8241f82f58	2b5950aaf8b6c7edf32dcafd4996e887d35699f2a211dbe57d8be1a96a379355
CP3556.md	7bcd1d87a9d620ed626ce996eea8e3dca84ed830f1b784258941c514dc1ec5b8	fa0d04a8b1bf80df6f104881ffc09cfc58308c0b21377a6a8cfd743bdc9e6d7d
CP3557.md	1f196f02c492d4026e5984fa4d0aa1bb43715063319d098dbf403477b31f5409	29f6b7042dd222bc58b9c6bb1db7d2f37f31cdd89587040a8df0fac410636c80
CP3558.md	27c8a959299890461f0b58639728048cd35e0b989a3ad39e38979f1b8e261a6a	88374831ca6759f2bfd9db692397d3097d60fdefe0e006bf9589c17be2f25b1f
CP3559.md	1b5008416b505c073796f3790c8f27eb7d6a7a1bcb4a163c5f500326fc91d6bb	d4fe549d16dc9f555609137e8b5e9928b46d70e8105bfb41b45907bb486e5161
CP3560.md	89a7d49544917d2b0381125ae2c61bab274b384fd57beabfd128801e4e73cf14	7a3d79a469dcb7bbcc772e8fb3a90d7c05c5fb5bf096367989d3baf79f288333
CP3561.md	6eae0ead72bc1925466dbd05c35ae3497ffa5924346139fbb8e303e83b263a23	5623ea4e4bc7a5b4137a3b291284effbc3a1e10a61150023b9a5ead15be87308
CP3562.md	47e6c8e0c01c2972ad1817b00a1f526186ca59fe416b5a17a16c9ae4ee78b27d	54b352dc4ba9bef9a1901b780ed9b075d8401e2f3e3a67a7781b0e814b9a4d1d
CP3563.md	3363bb7acee8ae0d10930f487eee0584921b57a1b6d3e37e18cfa78f62c6b251	aff325ba0255a63e6bcab4feb64bbf6a908dd0b8020d6f96ff4cf5b2314efaf9
CP3564.md	64f4fe7f31978bb818da6e3a3cafea411a1de3f04592f1fb2f180ae1c1e84e76	e1b01b33a86f53f501cfcf37e2872fa3274475096dacfca08dbbbef54b916130
CP3565.md	70331656f0624644a8aad8fa3f36d8a6d2bf8773f6bc2d2436304a9164a96cc5	e84c8d77bb4e5b7f6684d35ee09c7607ff04e58ee20d42c78a9659e1b7be5353
CP3566.md	2841ac02f6d11f1132cad4d6295bc2485073a7d80784b3cecbcc0ee3fc6b263e	b7691acd3c9ce1aee05ac36c94624de1a0ffaa56fd318558e55ed6b72e101c5a
CP3567.md	8135a57e34496be86c739d152faa0a8ca34e366f0435ac751215556af0c5726d	e165abfebf858d26865f43f30487548da33ee948cd078e8a21ebd587eab502da
CP3568.md	6fc101e305a1163ea894c4185cbcc976c3c189b081f9ece0e625a5b0e88019d3	6baf7f4d117e48c6b6bb2c9a80e9393c5caa28e2839ef7212a8331369ae0b406
CP3569.md	4c10d8fab66d937277c592c70d92b645a48d584b86b18469c91cd690b8902d24	f241302c98281c63fd952788eb6386ef59418a1a2bb6609b2155977899a7aa70
CP3570.md	dc888ad9e3819d37de8b3c488d5e5b88de28673d4a097fd64402227b0712473d	ada25fa85300933fb2ba1f4aeef323035bce8982ec768064d7c4e320a23f8e72
CP3571.md	51cb94619362154b66e511135ecfb22db08835e0397ab4c6a459271d83c98b55	08e59230fb6f7c8ea7f43b203e5a7641eac3902654f2b86f283d7afda18ae72f
CP3572.md	1628ec61734b98d6193b57b5316caf306ca5822a78a90f8238150ae8f4cccc64	f777f51d6ed90e98aecf6461e286ac037c9838f810586b8509c4286f3b94e8be
CP3573.md	d5436fd597f6ea2f89795cb11212db0ee7b1e2d564ec3691c90c4c732d5f3697	05e9387f452fc6fadee78f625523e7370b33fc83aa76edc130bcd83df30b5051
CP3574.md	0368ea200cf037e0d2c4907415eab42e229bd69a900581839aaa866b8d64ccaf	486eba41b6e91b9498ac130e0ca784324a77e2e0d265e2884f36744aafc0b8fc
CP3575.md	aadf0f079d159db9e57b4ec9703f4286fcbbece8bac2a49d20b2b0684f264541	962dfc57e05586f2b8645de0915048032a5325cc85c2164fc1450bd2037d0b59
CP3576.md	6c22467eee6dfd2ad9fc52f1d483f23a2f1cd5494c489a269ff33cb8b7ee718e	db36188c21def95f893dfae77b11bd305df0bf89640ad171cb3fdf61afa06306
CP3577.md	f64289c73f923529cee5e41a71b8dc134006ededdc002967bb8981a6470e9d62	b51b001b4820e514d56f5b583d0ed6fdfa4ab1d55ffe905bc0b766c1a78c281d
CP3578.md	c29a75841493ba834a36bb068fdca4d358d8afdebb6dd20cb427d4d2855ee61f	93ae123311cf7c9c5fb409255565effd0c63d4b6273b36a6a78454e8f130dce0
CP3579.md	beb89ec1a057811284a364ea65ed802370bfaffdb3e22f2d3560655bebfc2d62	4af8bdc53202c9a5a904dc24e66b66a8ce68749e4f91b6e481ed4e56ab4220f3
CP3580.md	6a94bb025f5b5ceb5c295de218dbda8280a6b53e868e4b2c598866c941fff8cb	7e74fe142541cf7a6abd277a46749a4b2ac40d2a34888ca7ee666aaf2aa893d9
CP3581.md	c6ca8f6947a2e33df705488fd5500a5835cb870021c3b47e6d51266f7c70c49c	e319310c04b699857dae25b6457f2bc645f214e6717bc6ccd31cda8a48ececed
CP3582.md	0a621d8f64f3bee78ece3eb3518d18a9495983abfae23fb4ebd772b5540d2f3c	0016a14a5b1cbccf2ad0c26740b32d0904c2fcf8316f9b5707ca2177e49d533f
CP3583.md	d5ec5e9f8715964b5d450ac3a93d5c1db5f171e52c38249fa080338041d8ff0f	07d09b335cd88fee29b3fdf5780f5338d2c7588a118c7cd2e235cb918f147780
CP3584.md	c473c11872854cf9535ac5f2318c2de4ed9dc47298a709dd3de98aa164664b7f	687a8bf1ef278a5c35c9492a5d2f4496d2cf32be7aedcc21f54557fd3e64949c
CP3585.md	33276a31bd06d6d98a4325b4fbdd8bcc8016a135d13b2850efb782399c0fc5d0	f38255e35f1b82880c69c61e902a76217ed7006d3e07dbbc3915ed726fba60a5
CP3586.md	86f39005d121a7fb582351337cc490f26c20d0ccb2d58db0a08c34a5c4e0b11c	3753d5f29c1c047d55b39cd1cfdc139105d751c8f137c730166ed964941c597f
CP3587.md	e77085a1859072c438a14b9d60ffc7688a17119464aaa1ac4770797d27658c90	049a6da59402d4c91d7046c1aed66b17fb0d1ef83562363fddf96ab7e8cb7d62
CP3588.md	1425d250477a9c72f8ef4822ab70fbacc7348ffb1f725cbfda0cf0136f537ddc	c737c9bb335638f64ebaf82ec9653aa6cc1cdc5967ec2db8668a47e7f8a2dc72
CP3589.md	f5fc55662e07068b044192f5d32385209481afe3f1ec8d050b60f28c4c7a4aa4	bd7c3d5393dc0bd4b7cf3891c0d67841cb6dead9e7fb7fda48ed1f16bb5730aa
CP3590.md	fad59400016a531a22dee05959ee580c51a5fb16fd9dae0306125722cebffe1f	b6d0f3a20c76d763d43020df95b0974c5b1194eecf017d858a4e137587537105
CP3591.md	d5e4bfb631a177f158342f48c013432f90a451ab4613eb56fd6edb530510c173	d5e4bfb631a177f158342f48c013432f90a451ab4613eb56fd6edb530510c173
CP3592.md	30e8c00e292206eeb4c80c9776b40fa35f0f300c908f09ddac38ee95cb507577	a9008f5e762fa68d68efd15b6f3ec8a6b270c2d184b8a9f32a3c6649f2e30706
CP3593.md	84ae5092c2b227288e5ca006d51395f1213ac4ded4a55bcbe198bcd1178e511d	56c40fdd7660b0e7b6fc044a8f8ddb3f2c57ec566a02a2fdd4c53f5fdd6e4a39
CP3594.md	208ea10cb081a7c9f5fe60fd3d6e86b00cfbdb0b90cb5be049738f266b9fc4e6	208ea10cb081a7c9f5fe60fd3d6e86b00cfbdb0b90cb5be049738f266b9fc4e6
CP3595.md	f4a1fc567b8efa5188485980657286f49719a47a13803df49a431755060d2da6	c9c0486c5f214a17553af4ad86a92492ae99a340980d32e8e57895757c487ef8
CP3596.md	e528349deec99adfbaa3b5979244267e42614cedd0b21800c83ac31a8c0aadc2	e528349deec99adfbaa3b5979244267e42614cedd0b21800c83ac31a8c0aadc2
CP3597.md	b360ae40e30d966fe9daf65baf83847b1f280ee8eb1ae44d16f12c5318628c0e	74d1a4047d77ed89c236a0afb06279fefa02101700f73a00febb3a16d2feb181
CP3598.md	c79e7e8caa8f018dc5c6f1b485e79aab3fd4abcacc277bf790998260df0aea49	bcfc8a5c474dc8ccffe30934f1f1b0faaec4d398636e7c5ee231d1f0ce8d5543
CP3599.md	85b7b7cfcc87255ef8083a65a5b9510f1556f83a99f5ffdd79be4d7ce9134649	10b92aede93f1d4dd6fbf61eaa6c0fd4f4707a6b48bb111676b13a22032911fd
CP3600.md	3843658d5c3e9e7b4426796aed85a2032ef8f9a515a292eaf63b6c9fba93f2e9	806e43d38adff54063b6e0b2d6d2abc71eebd70d65a10cc03c6b5875ebaf8c29
CP3601.md	6e704248c68f66914f8e656315b29cec37f3d0975a651fafd66b5a7321a1acf3	03152c330264895fb2fa05439bbea49a37e0b2806ac91b06b9211957dee820a1
CP3602.md	47c0821ee2ebf39dcedf44fe2429914ba82d00e6cbc0b26577ded12230773ec4	7e4ab8544903e251f3c6e2efe352c26049954efb1b590022a662435d99f71a47
CP3603.md	faed9ffa3a3c73f347e138cd1c3b1d94a5504447c6e7a3a9c914b4e9365da81f	932ee44c16f244f2b0acd4be971b389e7d86e13ebc2834c347b12bf899d38932
CP3604.md	16e4f623a1d0e88e9c6755141d54b4d7fcaae10c9b03e64c9cb9f3ea1ed15108	4abf08a504a77a0ffb19f99394919248cb0cd34df5c5568e1770a716c3a15558
CP3605.md	1dbb73298d78712b7bce8496deec5ccde3b6d4dd5a02d4c696d24dfde1cedeec	44108ff918c218b503cdc92b9ca605c7fe5ff79626b0cf1a399a45f7bac7d8a2
CP3606.md	019e64caa1623820ae20ab2f0d8219057d37ca1af40c6866bc7aebbe2babfa3e	6da41bee5ec1bb226020826e22a9982fa6c5e2a45f93c65eb0d996120a47ad0e
CP3607.md	f633a953fecd9da609850ba1f69940ecb1c897cb375ead2c74479374c2721d6c	1c0a1266910e77e8e0da48529362574af891e6b83949ac3a684d9261045e52e8
CP3608.md	fe4a2b10ce95be86a09dbd67ef2e2f3189e144360dc30fc3400c794a24230b09	409c2029bb165ff62b9ef45fedf1b18be0f64c2214d176049493d024e9228c97
CP3609.md	ab4b8a9ff6c6e9bf21c972aeafa2f7d33a9d75fe22201e90b53a1ef0433c5c2e	6a943bbc7e202c366a868ffd6d91c725c6b3e5c47adfd8efa4e2a273bfdf2347
CP3610.md	28338efc37bf658d3c0d3e26e8a320424c120e32f42a629d443aa258cf5f8529	7a1d8c2d590957ecb7d460dbc12d119bea704652fc0c7b503a7b0424cfa2f9e4
CP3611.md	624a0866ae77351d52795bbf49b44126d3b9b6f5198bc1bb2276fc7656f5c7cb	da1678a35ee636ca31bcded4a1244799eddcc5239ad96681f3e43b1fff54cc2b
CP3612.md	634ef1e3336421aaa979c17df41e741abfb29a830367a0f53de091019ac5dd96	54044a5ba7938e61f024d2ef95868a288aa9826423685184e867abf17fd9acc8
CP3613.md	0d28889ec9bb1c79c91fd478b0f04fa853d8c7a06fdac93f39beccc6d004f8e3	546a697146d71cdc1238110582bcdbc29c1841e0f454bd242820819046e0ccff
CP3614.md	d73c6fc9d15a30a71205bab774aad66c126046259c84c661daec961479f6bb7a	e9319dfac73cda9bcbf6797be230be3db21d95f8e24ebd5812768761f3ac5fc8
CP3615.md	3a42e66bf9322fe9e73e2ed6433208ec57afe43962aaadafc0aef6713768b7ff	d0e004b0bae82de0203ecc82a82108ef284e8b0c225d387d02d5e8939059e9db
CP3616.md	60d3ac1a81e62705d3e07832f116a145efc4f64ef77daabb92dc8bb894afcacd	bf38e7463878d8c20c01db5b064d071bf463b06130feacf1283a828daea963a9
CP3617.md	76aba320c98c2aa9e33f162e219d6b754ba6cc7164c4cd04f22da82785b6ba46	399fa7eab0f28b6955ea7832f55d84af403d16fc9dc84722caa86b83987b1f7d
CP3618.md	67277fe802f8e5e6eec292271217b05834844602d9ef263cfc69a2e96942ece1	c37f332c1d71c602b309c263c309b7be7df1ddf6c6332414ff3bde094716d7d7
CP3619.md	56d193616937e4f92b5b1e548de5ff32004b94f3dfc4205d5e0ab0c54bee6cba	b0c0479d955376212d91a3e0f3074d7ff9fdd089164e8d92d26e44b3873c5343
CP3620.md	85749a40eef03cacbad55a1420f021b1540f1fa32bece56067bee127d374ef99	d1d234f89e886ac0bf7f181dd84ec148cee63d38ca1e24b9e3a4556258e4e3e7
CP3621.md	ad4d173377cb6d658c1f0d3de3ca042531abb3850ca6791108df680f533e22e8	e6cdf040fbac7537a6bb55df29f8fda006dab16ebb3839729606067596076077
CP3622.md	5642d72215d426ebf18da64c96634f9caddaa448da4a0eb764cbb273495bdf08	a9e597b84e87a5e6d94a3639de6a67705634ba02e9510ec0f1cf0f2d78c14059
CP3623.md	f916003b1588ee229f92f3c00037392580acd8b569b7a3ffc42312be84d27450	32de019ae22648cc46368c1346bcf5eae960a58cd26e1ce9cc91b1a356e16510
CP3624.md	832b57213d13f9dc8a5eeee0fa109fb8cd6b29b9e36edcc72de27aa682c7c62c	4bff3b33e8efe2b0c3decf71a65df0b7ff70e722e5fb4ac80bc37acedb3ac89a
CP3625.md	677c69bd2216767f9a9f24523625a4c9e52927ae4cc35ec3947e5ffaebb8d443	7280f7e3dc256c3cc997aee243b0af93fcdbd1cf79ef3eca97ace3d59e1213f9
CP3626.md	92c2c875f5950b94b47172953a09df034c260fcd900f01b5c9da9ec2b3fe50d3	77ab28eb5b97a9aa1080aed2258b1647fc318bc981f9f59299ee1252d8b55070
CP3627.md	3bafd64ad2616c1064d796796a5386066b4238e4835c60bf16e482a98430f511	a9eaadbbf3c7e78156eb38b7b8cdd2ef5befd9b0f53db14f36db7d698f736b3f
CP3628.md	738ffe55406a455c15a448aa8f72bf15dacf6c33132a325881995939e7287b50	480a6e4d5652e7e7191d1984b66c65620105b23853dcedd0e3d4bc8401ffbf7f
CP3629.md	3e29968cdb59bc7642fd1dc54b2c3e92cd1b964ee7f182caac09fc24a82e11bc	3e29968cdb59bc7642fd1dc54b2c3e92cd1b964ee7f182caac09fc24a82e11bc
CP3630.md	ee99477d56133e3a005f83d2d7252e6656aca84a12124ee1366b6f87dded8edb	dc84b0877ff2e0a71b99ed83c7538e17748caa00858719ec6958bce626edd2cd
CP3631.md	568d00846f664f1a8b2f00a9101f257e902d9485f3f8778b5a431b4d9912f5ce	568d00846f664f1a8b2f00a9101f257e902d9485f3f8778b5a431b4d9912f5ce
CP3632.md	1920e68bdbb000eda020759f1eab995aba94bcb6b9f1adf3baba747cfd7a6b1e	c2ad8aad52fdff18b44c14cef548c963779b39d6e1c2fb873277dc955a2760e5
CP3634.md	30e6fc67545d14dbf29f46f11ad295fd1bdaceb51c51113b150f0e67ad37018a	733de04f960a1aa73c2a4f9ff1aa4b9ee2a2c12558d86c8c2e263a8fdb2d83e0
CP3635.md	dce536bdd1882b64f49e9bb5aaa33ad08ffb82c0de6ba28c46fb27e800455eb3	6ad003255cde452b8b92601febc754241a06d3d1f75aa1f47e6ca421ac6f8396
CP3636.md	77579cdda7d81affb6d01de910f1d6b4383f021601724473e6c658d853055df4	a8d2d5acce926de150f46f442170979c2206b7a38335ca9d98eea8e05c4fef86
CP3637.md	12bda192c5e84c18a739a9c349ecd00c7b232339feeeced1182b433bdb871239	ae740d586e074bf7393be5ba9a6f0f3f4d3d938ddfecf92702bc982e9788879d
